Spec Entity,Spec Field,Actual Table/File,Actual Field,Status
approval_events,action,/Users/pratik/Desktop/O1/finrecon/data/benchmark/full/approval_events.csv,action,EXACT_MATCH
approval_events,approval_level,/Users/pratik/Desktop/O1/finrecon/data/benchmark/full/approval_events.csv,approval_level,EXACT_MATCH
approval_events,approver_id,/Users/pratik/Desktop/O1/finrecon/data/benchmark/full/approval_events.csv,approver_id,EXACT_MATCH
approval_events,approver_role,/Users/pratik/Desktop/O1/finrecon/data/benchmark/full/approval_events.csv,approver_role,EXACT_MATCH
approval_events,event_timestamp,/Users/pratik/Desktop/O1/finrecon/data/benchmark/full/approval_events.csv,event_timestamp,EXACT_MATCH
approval_events,invoice_id,/Users/pratik/Desktop/O1/finrecon/data/benchmark/full/approval_events.csv,invoice_id,EXACT_MATCH
audit_log,entity_id,/Users/pratik/Desktop/O1/finrecon/data/benchmark/full/audit_log.csv,entity_id,EXACT_MATCH
audit_log,entity_type,/Users/pratik/Desktop/O1/finrecon/data/benchmark/full/audit_log.csv,entity_type,EXACT_MATCH
audit_log,event_id,/Users/pratik/Desktop/O1/finrecon/data/benchmark/full/audit_log.csv,event_id,EXACT_MATCH
audit_log,event_type,/Users/pratik/Desktop/O1/finrecon/data/benchmark/full/audit_log.csv,event_type,EXACT_MATCH
audit_log,timestamp,/Users/pratik/Desktop/O1/finrecon/data/benchmark/full/audit_log.csv,timestamp,EXACT_MATCH
bank_transactions,amount,/Users/pratik/Desktop/O1/finrecon/data/benchmark/full/bank_transactions.csv,amount,EXACT_MATCH
bank_transactions,bank_transaction_id,/Users/pratik/Desktop/O1/finrecon/data/benchmark/full/bank_transactions.csv,bank_transaction_id,EXACT_MATCH
bank_transactions,counterparty_token,/Users/pratik/Desktop/O1/finrecon/data/benchmark/full/bank_transactions.csv,counterparty_token,EXACT_MATCH
bank_transactions,currency,/Users/pratik/Desktop/O1/finrecon/data/benchmark/full/bank_transactions.csv,currency,EXACT_MATCH
bank_transactions,direction,/Users/pratik/Desktop/O1/finrecon/data/benchmark/full/bank_transactions.csv,direction,EXACT_MATCH
bank_transactions,payment_reference,/Users/pratik/Desktop/O1/finrecon/data/benchmark/full/bank_transactions.csv,payment_reference,EXACT_MATCH
bank_transactions,posted_date,/Users/pratik/Desktop/O1/finrecon/data/benchmark/full/bank_transactions.csv,posted_date,EXACT_MATCH
bank_transactions,status,/Users/pratik/Desktop/O1/finrecon/data/benchmark/full/bank_transactions.csv,status,EXACT_MATCH
bank_transactions,transaction_date,/Users/pratik/Desktop/O1/finrecon/data/benchmark/full/bank_transactions.csv,transaction_date,EXACT_MATCH
bank_transactions,transaction_type,/Users/pratik/Desktop/O1/finrecon/data/benchmark/full/bank_transactions.csv,transaction_type,EXACT_MATCH
employees,active_status,/Users/pratik/Desktop/O1/finrecon/data/benchmark/full/employees.csv,active_status,EXACT_MATCH
employees,approval_limit,/Users/pratik/Desktop/O1/finrecon/data/benchmark/full/employees.csv,approval_limit,EXACT_MATCH
employees,employee_id,/Users/pratik/Desktop/O1/finrecon/data/benchmark/full/employees.csv,employee_id,EXACT_MATCH
employees,role,/Users/pratik/Desktop/O1/finrecon/data/benchmark/full/employees.csv,role,EXACT_MATCH
gl_entries,accounting_period,/Users/pratik/Desktop/O1/finrecon/data/benchmark/full/gl_entries.csv,accounting_period,EXACT_MATCH
gl_entries,credit,/Users/pratik/Desktop/O1/finrecon/data/benchmark/full/gl_entries.csv,credit,EXACT_MATCH
gl_entries,currency,/Users/pratik/Desktop/O1/finrecon/data/benchmark/full/gl_entries.csv,currency,EXACT_MATCH
gl_entries,debit,/Users/pratik/Desktop/O1/finrecon/data/benchmark/full/gl_entries.csv,debit,EXACT_MATCH
gl_entries,gl_account,/Users/pratik/Desktop/O1/finrecon/data/benchmark/full/gl_entries.csv,gl_account,EXACT_MATCH
gl_entries,journal_id,/Users/pratik/Desktop/O1/finrecon/data/benchmark/full/gl_entries.csv,journal_id,EXACT_MATCH
gl_entries,journal_line_id,/Users/pratik/Desktop/O1/finrecon/data/benchmark/full/gl_entries.csv,journal_line_id,EXACT_MATCH
gl_entries,posting_date,/Users/pratik/Desktop/O1/finrecon/data/benchmark/full/gl_entries.csv,posting_date,EXACT_MATCH
gl_entries,source_transaction_id,/Users/pratik/Desktop/O1/finrecon/data/benchmark/full/gl_entries.csv,source_transaction_id,EXACT_MATCH
gl_entries,transaction_type,/Users/pratik/Desktop/O1/finrecon/data/benchmark/full/gl_entries.csv,transaction_type,EXACT_MATCH
invoice_lines,invoice_id,/Users/pratik/Desktop/O1/finrecon/data/benchmark/full/invoice_lines.csv,invoice_id,EXACT_MATCH
invoice_lines,invoice_line_id,/Users/pratik/Desktop/O1/finrecon/data/benchmark/full/invoice_lines.csv,invoice_line_id,EXACT_MATCH
invoice_lines,line_amount,/Users/pratik/Desktop/O1/finrecon/data/benchmark/full/invoice_lines.csv,line_amount,EXACT_MATCH
invoice_lines,po_line_id,/Users/pratik/Desktop/O1/finrecon/data/benchmark/full/invoice_lines.csv,po_line_id,EXACT_MATCH
invoice_lines,quantity,/Users/pratik/Desktop/O1/finrecon/data/benchmark/full/invoice_lines.csv,quantity,EXACT_MATCH
invoice_lines,unit_price,/Users/pratik/Desktop/O1/finrecon/data/benchmark/full/invoice_lines.csv,unit_price,EXACT_MATCH
invoices,currency,/Users/pratik/Desktop/O1/finrecon/data/benchmark/full/invoices.csv,currency,EXACT_MATCH
invoices,invoice_date,/Users/pratik/Desktop/O1/finrecon/data/benchmark/full/invoices.csv,invoice_date,EXACT_MATCH
invoices,invoice_id,/Users/pratik/Desktop/O1/finrecon/data/benchmark/full/invoices.csv,invoice_id,EXACT_MATCH
invoices,invoice_number,/Users/pratik/Desktop/O1/finrecon/data/benchmark/full/invoices.csv,invoice_number,EXACT_MATCH
invoices,invoice_total,/Users/pratik/Desktop/O1/finrecon/data/benchmark/full/invoices.csv,invoice_total,EXACT_MATCH
invoices,po_id,/Users/pratik/Desktop/O1/finrecon/data/benchmark/full/invoices.csv,po_id,EXACT_MATCH
invoices,shipping,/Users/pratik/Desktop/O1/finrecon/data/benchmark/full/invoices.csv,shipping,EXACT_MATCH
invoices,status,/Users/pratik/Desktop/O1/finrecon/data/benchmark/full/invoices.csv,status,EXACT_MATCH
invoices,tax,/Users/pratik/Desktop/O1/finrecon/data/benchmark/full/invoices.csv,tax,EXACT_MATCH
invoices,vendor_id,/Users/pratik/Desktop/O1/finrecon/data/benchmark/full/invoices.csv,vendor_id,EXACT_MATCH
payment_allocations,allocated_amount,/Users/pratik/Desktop/O1/finrecon/data/benchmark/full/payment_allocations.csv,allocated_amount,EXACT_MATCH
payment_allocations,allocation_date,/Users/pratik/Desktop/O1/finrecon/data/benchmark/full/payment_allocations.csv,allocation_date,EXACT_MATCH
payment_allocations,invoice_id,/Users/pratik/Desktop/O1/finrecon/data/benchmark/full/payment_allocations.csv,invoice_id,EXACT_MATCH
payment_allocations,payment_id,/Users/pratik/Desktop/O1/finrecon/data/benchmark/full/payment_allocations.csv,payment_id,EXACT_MATCH
payments,bank_account_id,/Users/pratik/Desktop/O1/finrecon/data/benchmark/full/payments.csv,bank_account_id,EXACT_MATCH
payments,created_at,/Users/pratik/Desktop/O1/finrecon/data/benchmark/full/payments.csv,created_at,EXACT_MATCH
payments,payment_amount,/Users/pratik/Desktop/O1/finrecon/data/benchmark/full/payments.csv,payment_amount,EXACT_MATCH
payments,payment_currency,/Users/pratik/Desktop/O1/finrecon/data/benchmark/full/payments.csv,payment_currency,EXACT_MATCH
payments,payment_date,/Users/pratik/Desktop/O1/finrecon/data/benchmark/full/payments.csv,payment_date,EXACT_MATCH
payments,payment_id,/Users/pratik/Desktop/O1/finrecon/data/benchmark/full/payments.csv,payment_id,EXACT_MATCH
payments,payment_method,/Users/pratik/Desktop/O1/finrecon/data/benchmark/full/payments.csv,payment_method,EXACT_MATCH
payments,payment_status,/Users/pratik/Desktop/O1/finrecon/data/benchmark/full/payments.csv,payment_status,EXACT_MATCH
payments,reference_number,/Users/pratik/Desktop/O1/finrecon/data/benchmark/full/payments.csv,reference_number,EXACT_MATCH
payments,settlement_status,/Users/pratik/Desktop/O1/finrecon/data/benchmark/full/payments.csv,settlement_status,EXACT_MATCH
payments,vendor_id,/Users/pratik/Desktop/O1/finrecon/data/benchmark/full/payments.csv,vendor_id,EXACT_MATCH
po_lines,line_amount,/Users/pratik/Desktop/O1/finrecon/data/benchmark/full/po_lines.csv,line_amount,EXACT_MATCH
po_lines,po_id,/Users/pratik/Desktop/O1/finrecon/data/benchmark/full/po_lines.csv,po_id,EXACT_MATCH
po_lines,po_line_id,/Users/pratik/Desktop/O1/finrecon/data/benchmark/full/po_lines.csv,po_line_id,EXACT_MATCH
po_lines,quantity,/Users/pratik/Desktop/O1/finrecon/data/benchmark/full/po_lines.csv,quantity,EXACT_MATCH
po_lines,unit_price,/Users/pratik/Desktop/O1/finrecon/data/benchmark/full/po_lines.csv,unit_price,EXACT_MATCH
purchase_orders,currency,/Users/pratik/Desktop/O1/finrecon/data/benchmark/full/purchase_orders.csv,currency,EXACT_MATCH
purchase_orders,po_id,/Users/pratik/Desktop/O1/finrecon/data/benchmark/full/purchase_orders.csv,po_id,EXACT_MATCH
purchase_orders,shipping,/Users/pratik/Desktop/O1/finrecon/data/benchmark/full/purchase_orders.csv,shipping,EXACT_MATCH
purchase_orders,tax,/Users/pratik/Desktop/O1/finrecon/data/benchmark/full/purchase_orders.csv,tax,EXACT_MATCH
purchase_orders,vendor_id,/Users/pratik/Desktop/O1/finrecon/data/benchmark/full/purchase_orders.csv,vendor_id,EXACT_MATCH
vendor_change_log,change_id,/Users/pratik/Desktop/O1/finrecon/data/benchmark/full/vendor_change_log.csv,change_id,EXACT_MATCH
vendor_change_log,changed_at,/Users/pratik/Desktop/O1/finrecon/data/benchmark/full/vendor_change_log.csv,changed_at,EXACT_MATCH
vendor_change_log,field_changed,/Users/pratik/Desktop/O1/finrecon/data/benchmark/full/vendor_change_log.csv,field_changed,EXACT_MATCH
vendor_change_log,new_value,/Users/pratik/Desktop/O1/finrecon/data/benchmark/full/vendor_change_log.csv,new_value,EXACT_MATCH
vendor_change_log,old_value,/Users/pratik/Desktop/O1/finrecon/data/benchmark/full/vendor_change_log.csv,old_value,EXACT_MATCH
vendor_change_log,vendor_id,/Users/pratik/Desktop/O1/finrecon/data/benchmark/full/vendor_change_log.csv,vendor_id,EXACT_MATCH
vendors,bank_account_token,/Users/pratik/Desktop/O1/finrecon/data/benchmark/full/vendors.csv,bank_account_token,EXACT_MATCH
vendors,vendor_id,/Users/pratik/Desktop/O1/finrecon/data/benchmark/full/vendors.csv,vendor_id,EXACT_MATCH
