case_id,classification_correct,evidence_contract_pass,ground_truth_evidence_ids,returned_identity_tokens,id_precision,id_recall,required_tables,returned_tables,required_table_coverage
RCA_000001,True,True,INVL_0437978|INV_0424672|INV_0428001,INV_0424672|INV_0428001,1.0,0.6666666666666666,invoice_lines|invoices,invoices,0.5
RCA_000006,True,True,INVL_0437988|INV_0422551|INV_0428006,INV_0422551|INV_0428006,1.0,0.6666666666666666,invoice_lines|invoices,invoices,0.5
RCA_000007,True,True,INVL_0437992|INV_0421920|INV_0428007,INV_0421920|INV_0428007,1.0,0.6666666666666666,invoice_lines|invoices,invoices,0.5
RCA_000012,True,True,INVL_0438002|INV_0427136|INV_0428012,INV_0427136|INV_0428012,1.0,0.6666666666666666,invoice_lines|invoices,invoices,0.5
RCA_000013,True,True,INVL_0438005|INV_0420810|INV_0428013,INV_0420810|INV_0428013,1.0,0.6666666666666666,invoice_lines|invoices,invoices,0.5
RCA_000018,True,True,INVL_0438015|INV_0424652|INV_0428018,INV_0424652|INV_0428018,1.0,0.6666666666666666,invoice_lines|invoices,invoices,0.5
RCA_000024,True,True,INVL_0438028|INV_0420307|INV_0428024,INV_0420307|INV_0428024,1.0,0.6666666666666666,invoice_lines|invoices,invoices,0.5
RCA_000036,True,True,INVL_0438057|INV_0424355|INV_0428036,INV_0424355|INV_0428036,1.0,0.6666666666666666,invoice_lines|invoices,invoices,0.5
RCA_000042,True,True,INVL_0438072|INV_0427305|INV_0428042,INV_0427305|INV_0428042,1.0,0.6666666666666666,invoice_lines|invoices,invoices,0.5
RCA_000048,True,True,INVL_0438085|INV_0422732|INV_0428048,INV_0422732|INV_0428048,1.0,0.6666666666666666,invoice_lines|invoices,invoices,0.5
RCA_000058,True,True,INVL_0438108|INV_0425597|INV_0428058,INV_0425597|INV_0428058,1.0,0.6666666666666666,invoice_lines|invoices,invoices,0.5
RCA_000062,True,True,INVL_0438116|INV_0426726|INV_0428062,INV_0426726|INV_0428062,1.0,0.6666666666666666,invoice_lines|invoices,invoices,0.5
RCA_000063,True,True,INVL_0438118|INV_0423321|INV_0428063,INV_0423321|INV_0428063,1.0,0.6666666666666666,invoice_lines|invoices,invoices,0.5
RCA_000067,True,True,INVL_0438130|INV_0426311|INV_0428067,INV_0426311|INV_0428067,1.0,0.6666666666666666,invoice_lines|invoices,invoices,0.5
RCA_000069,True,True,INVL_0438136|INV_0424140|INV_0428069,INV_0424140|INV_0428069,1.0,0.6666666666666666,invoice_lines|invoices,invoices,0.5
RCA_000070,True,True,INVL_0438139|INV_0420933|INV_0428070,INV_0420933|INV_0428070,1.0,0.6666666666666666,invoice_lines|invoices,invoices,0.5
RCA_000074,True,True,INVL_0438147|INV_0423428|INV_0428074,INV_0423428|INV_0428074,1.0,0.6666666666666666,invoice_lines|invoices,invoices,0.5
RCA_000075,True,True,INVL_0438150|INV_0422451|INV_0428075,INV_0422451|INV_0428075,1.0,0.6666666666666666,invoice_lines|invoices,invoices,0.5
RCA_000080,True,True,INVL_0438161|INV_0420848|INV_0428080,INV_0420848|INV_0428080,1.0,0.6666666666666666,invoice_lines|invoices,invoices,0.5
RCA_000085,True,True,INVL_0438171|INV_0423247|INV_0428085,INV_0423247|INV_0428085,1.0,0.6666666666666666,invoice_lines|invoices,invoices,0.5
RCA_000090,True,True,INVL_0438179|INV_0427834|INV_0428090,INV_0427834|INV_0428090,1.0,0.6666666666666666,invoice_lines|invoices,invoices,0.5
RCA_000105,True,True,INVL_0424333|INV_0421919|PO_0422279,INVL_0424333|INV_0421919|POL_0425084|PO_0422279,0.75,1.0,invoice_lines|invoices|po_lines|purchase_orders,invoice_lines|invoices|po_lines|purchase_orders,1.0
RCA_000107,True,True,INVL_0424576|INV_0422025|PO_0420605,INVL_0424576|INV_0422025|POL_0421374|PO_0420605,0.75,1.0,invoice_lines|invoices|po_lines|purchase_orders,invoice_lines|invoices|po_lines|purchase_orders,1.0
RCA_000113,True,True,INVL_0420257|INV_0420115|PO_0421454,INVL_0420257|INV_0420115|POL_0423262|PO_0421454,0.75,1.0,invoice_lines|invoices|po_lines|purchase_orders,invoice_lines|invoices|po_lines|purchase_orders,1.0
RCA_000128,True,True,INVL_0425592|INV_0422487|PO_0422666,INVL_0425592|INV_0422487|POL_0425992|PO_0422666,0.75,1.0,invoice_lines|invoices|po_lines|purchase_orders,invoice_lines|invoices|po_lines|purchase_orders,1.0
RCA_000132,True,True,INVL_0425105|INV_0422266|PO_0422350,INVL_0425105|INV_0422266|POL_0425258|PO_0422350,0.75,1.0,invoice_lines|invoices|po_lines|purchase_orders,invoice_lines|invoices|po_lines|purchase_orders,1.0
RCA_000137,True,True,INVL_0428580|INV_0423804|PO_0424958,INVL_0428580|INV_0423804|POL_0431131|PO_0424958,0.75,1.0,invoice_lines|invoices|po_lines|purchase_orders,invoice_lines|invoices|po_lines|purchase_orders,1.0
RCA_000140,True,True,INVL_0428148|INV_0423608|PO_0424137,INVL_0428148|INV_0423608|POL_0429269|PO_0424137,0.75,1.0,invoice_lines|invoices|po_lines|purchase_orders,invoice_lines|invoices|po_lines|purchase_orders,1.0
RCA_000141,True,True,INVL_0425877|INV_0422611|PO_0421132,INVL_0425877|INV_0422611|POL_0422552|PO_0421132,0.75,1.0,invoice_lines|invoices|po_lines|purchase_orders,invoice_lines|invoices|po_lines|purchase_orders,1.0
RCA_000146,True,True,INVL_0427545|INV_0423338|PO_0423338,INVL_0427545|INV_0423338|POL_0427516|PO_0423338,0.75,1.0,invoice_lines|invoices|po_lines|purchase_orders,invoice_lines|invoices|po_lines|purchase_orders,1.0
RCA_000153,True,True,INVL_0421846|INV_0420831|PO_0423432,INVL_0421846|INV_0420831|POL_0427730|PO_0423432,0.75,1.0,invoice_lines|invoices|po_lines|purchase_orders,invoice_lines|invoices|po_lines|purchase_orders,1.0
RCA_000156,True,True,INVL_0421553|INV_0420701|PO_0424002,INVL_0421553|INV_0420701|POL_0428973|PO_0424002,0.75,1.0,invoice_lines|invoices|po_lines|purchase_orders,invoice_lines|invoices|po_lines|purchase_orders,1.0
RCA_000161,True,True,INVL_0425128|INV_0422276|PO_0424520,INVL_0425128|INV_0422276|POL_0430154|PO_0424520,0.75,1.0,invoice_lines|invoices|po_lines|purchase_orders,invoice_lines|invoices|po_lines|purchase_orders,1.0
RCA_000165,True,True,INVL_0428256|INV_0423656|PO_0423952,INVL_0428256|INV_0423656|POL_0428866|PO_0423952,0.75,1.0,invoice_lines|invoices|po_lines|purchase_orders,invoice_lines|invoices|po_lines|purchase_orders,1.0
RCA_000168,True,True,INVL_0430742|INV_0424780|PO_0421155,INVL_0430742|INV_0424780|POL_0422600|PO_0421155,0.75,1.0,invoice_lines|invoices|po_lines|purchase_orders,invoice_lines|invoices|po_lines|purchase_orders,1.0
RCA_000169,True,True,INVL_0421721|INV_0420773|PO_0423529,INVL_0421721|INV_0420773|POL_0427945|PO_0423529,0.75,1.0,invoice_lines|invoices|po_lines|purchase_orders,invoice_lines|invoices|po_lines|purchase_orders,1.0
RCA_000170,True,True,INVL_0421021|INV_0420471|PO_0421810,INVL_0421021|INV_0420471|POL_0424059|PO_0421810,0.75,1.0,invoice_lines|invoices|po_lines|purchase_orders,invoice_lines|invoices|po_lines|purchase_orders,1.0
RCA_000174,True,True,INVL_0422177|INV_0420975|PO_0420168,INVL_0422177|INV_0420975|POL_0420360|PO_0420168,0.75,1.0,invoice_lines|invoices|po_lines|purchase_orders,invoice_lines|invoices|po_lines|purchase_orders,1.0
RCA_000175,True,True,INVL_0429181|INV_0424071|PO_0420639,INVL_0429181|INV_0424071|POL_0421452|PO_0420639,0.75,1.0,invoice_lines|invoices|po_lines|purchase_orders,invoice_lines|invoices|po_lines|purchase_orders,1.0
RCA_000182,True,True,INVL_0429749|INV_0424330|PO_0420797,INVL_0429749|INV_0424330|POL_0421807|PO_0420797,0.75,1.0,invoice_lines|invoices|po_lines|purchase_orders,invoice_lines|invoices|po_lines|purchase_orders,1.0
RCA_000189,True,True,INVL_0426937|INV_0423068|PO_0424294,INVL_0426937|INV_0423068|POL_0429620|PO_0424294,0.75,1.0,invoice_lines|invoices|po_lines|purchase_orders,invoice_lines|invoices|po_lines|purchase_orders,1.0
RCA_000209,True,True,INVL_0424157|INV_0421847|POL_0424749,INVL_0424157|INV_0421847|POL_0424749,1.0,1.0,invoice_lines|po_lines,invoice_lines|invoices|po_lines,1.0
RCA_000212,True,True,INVL_0424657|INV_0422061|POL_0430160,INVL_0424657|INV_0422061|POL_0430160,1.0,1.0,invoice_lines|po_lines,invoice_lines|invoices|po_lines,1.0
RCA_000214,True,True,INVL_0421939|INV_0420868|POL_0424591,INVL_0421939|INV_0420868|POL_0424591,1.0,1.0,invoice_lines|po_lines,invoice_lines|invoices|po_lines,1.0
RCA_000215,True,True,INVL_0431098|INV_0424944|POL_0423528,INVL_0431098|INV_0424944|POL_0423528,1.0,1.0,invoice_lines|po_lines,invoice_lines|invoices|po_lines,1.0
RCA_000217,True,True,INVL_0424616|INV_0422044|POL_0428843,INVL_0424616|INV_0422044|POL_0428843,1.0,1.0,invoice_lines|po_lines,invoice_lines|invoices|po_lines,1.0
RCA_000225,True,True,INVL_0424150|INV_0421845|POL_0425949,INVL_0424150|INV_0421845|POL_0425949,1.0,1.0,invoice_lines|po_lines,invoice_lines|invoices|po_lines,1.0
RCA_000234,True,True,INVL_0420872|INV_0420403|POL_0428500,INVL_0420872|INV_0420403|POL_0428500,1.0,1.0,invoice_lines|po_lines,invoice_lines|invoices|po_lines,1.0
RCA_000238,True,True,INVL_0424292|INV_0421901|POL_0430634,INVL_0424292|INV_0421901|POL_0430634,1.0,1.0,invoice_lines|po_lines,invoice_lines|invoices|po_lines,1.0
RCA_000239,True,True,INVL_0422046|INV_0420918|POL_0423218,INVL_0422046|INV_0420918|POL_0423218,1.0,1.0,invoice_lines|po_lines,invoice_lines|invoices|po_lines,1.0
RCA_000244,True,True,INVL_0422553|INV_0421142|POL_0425338,INVL_0422553|INV_0421142|POL_0425338,1.0,1.0,invoice_lines|po_lines,invoice_lines|invoices|po_lines,1.0
RCA_000250,True,True,INVL_0427183|INV_0423177|POL_0428361,INVL_0427183|INV_0423177|POL_0428361,1.0,1.0,invoice_lines|po_lines,invoice_lines|invoices|po_lines,1.0
RCA_000255,True,True,INVL_0430366|INV_0424598|POL_0430908,INVL_0430366|INV_0424598|POL_0430908,1.0,1.0,invoice_lines|po_lines,invoice_lines|invoices|po_lines,1.0
RCA_000261,True,True,INVL_0430460|INV_0424639|POL_0430408,INVL_0430460|INV_0424639|POL_0430408,1.0,1.0,invoice_lines|po_lines,invoice_lines|invoices|po_lines,1.0
RCA_000268,True,True,INVL_0427383|INV_0423267|POL_0425559,INVL_0427383|INV_0423267|POL_0425559,1.0,1.0,invoice_lines|po_lines,invoice_lines|invoices|po_lines,1.0
RCA_000274,True,True,INVL_0420934|INV_0420430|POL_0426687,INVL_0420934|INV_0420430|POL_0426687,1.0,1.0,invoice_lines|po_lines,invoice_lines|invoices|po_lines,1.0
RCA_000279,True,True,INVL_0428692|INV_0423855|POL_0429513,INVL_0428692|INV_0423855|POL_0429513,1.0,1.0,invoice_lines|po_lines,invoice_lines|invoices|po_lines,1.0
RCA_000284,True,True,INVL_0429393|INV_0424170|POL_0423502,INVL_0429393|INV_0424170|POL_0423502,1.0,1.0,invoice_lines|po_lines,invoice_lines|invoices|po_lines,1.0
RCA_000293,True,True,INVL_0428348|INV_0423698|POL_0429022,INVL_0428348|INV_0423698|POL_0429022,1.0,1.0,invoice_lines|po_lines,invoice_lines|invoices|po_lines,1.0
RCA_000301,True,True,EVT_0447041|INV_0421098|PO_0424289|VND_042200|VND_042342,INV_0421098|PO_0424289,1.0,0.4,audit_log|invoices|purchase_orders|vendors,invoices|purchase_orders,0.5
RCA_000306,True,True,EVT_0447046|INV_0423353|PO_0420627|VND_042082|VND_042379,INV_0423353|PO_0420627,1.0,0.4,audit_log|invoices|purchase_orders|vendors,invoices|purchase_orders,0.5
RCA_000311,True,True,EVT_0447051|INV_0421798|PO_0422328|VND_042171|VND_042332,INV_0421798|PO_0422328,1.0,0.4,audit_log|invoices|purchase_orders|vendors,invoices|purchase_orders,0.5
RCA_000313,True,True,EVT_0447053|INV_0422168|PO_0423103|VND_042293|VND_042345,INV_0422168|PO_0423103,1.0,0.4,audit_log|invoices|purchase_orders|vendors,invoices|purchase_orders,0.5
RCA_000315,True,True,EVT_0447055|INV_0420283|PO_0424840|VND_042082|VND_042263,INV_0420283|PO_0424840,1.0,0.4,audit_log|invoices|purchase_orders|vendors,invoices|purchase_orders,0.5
RCA_000323,True,True,EVT_0447063|INV_0424189|PO_0421415|VND_042019|VND_042169,INV_0424189|PO_0421415,1.0,0.4,audit_log|invoices|purchase_orders|vendors,invoices|purchase_orders,0.5
RCA_000331,True,True,EVT_0447071|INV_0423199|PO_0424439|VND_042158|VND_042479,INV_0423199|PO_0424439,1.0,0.4,audit_log|invoices|purchase_orders|vendors,invoices|purchase_orders,0.5
RCA_000333,True,True,EVT_0447073|INV_0422309|PO_0423503|VND_042100|VND_042172,INV_0422309|PO_0423503,1.0,0.4,audit_log|invoices|purchase_orders|vendors,invoices|purchase_orders,0.5
RCA_000349,True,True,EVT_0447089|INV_0421112|PO_0423241|VND_042252|VND_042420,INV_0421112|PO_0423241,1.0,0.4,audit_log|invoices|purchase_orders|vendors,invoices|purchase_orders,0.5
RCA_000351,True,True,EVT_0447091|INV_0421190|PO_0424319|VND_042248|VND_042267,INV_0421190|PO_0424319,1.0,0.4,audit_log|invoices|purchase_orders|vendors,invoices|purchase_orders,0.5
RCA_000357,True,True,EVT_0447097|INV_0421504|PO_0420801|VND_042282|VND_042490,INV_0421504|PO_0420801,1.0,0.4,audit_log|invoices|purchase_orders|vendors,invoices|purchase_orders,0.5
RCA_000361,True,True,EVT_0447101|INV_0420228|PO_0420837|VND_042100|VND_042455,INV_0420228|PO_0420837,1.0,0.4,audit_log|invoices|purchase_orders|vendors,invoices|purchase_orders,0.5
RCA_000362,True,True,EVT_0447102|INV_0420716|PO_0420715|VND_042008|VND_042153,INV_0420716|PO_0420715,1.0,0.4,audit_log|invoices|purchase_orders|vendors,invoices|purchase_orders,0.5
RCA_000364,True,True,EVT_0447104|INV_0421137|PO_0424778|VND_042058|VND_042479,INV_0421137|PO_0424778,1.0,0.4,audit_log|invoices|purchase_orders|vendors,invoices|purchase_orders,0.5
RCA_000365,True,True,EVT_0447105|INV_0421786|PO_0420158|VND_042005|VND_042255,INV_0421786|PO_0420158,1.0,0.4,audit_log|invoices|purchase_orders|vendors,invoices|purchase_orders,0.5
RCA_000369,True,True,EVT_0447109|INV_0424512|PO_0420312|VND_042006|VND_042311,INV_0424512|PO_0420312,1.0,0.4,audit_log|invoices|purchase_orders|vendors,invoices|purchase_orders,0.5
RCA_000372,True,True,EVT_0447112|INV_0420281|PO_0422385|VND_042352|VND_042408,INV_0420281|PO_0422385,1.0,0.4,audit_log|invoices|purchase_orders|vendors,invoices|purchase_orders,0.5
RCA_000409,True,True,BT_0426072|EVT_0447149|JE_0434072|PAY_0426009,PAY_0426009,1.0,0.25,audit_log|bank_transactions|gl_entries|payment_allocations|payments,payments,0.2
RCA_000421,True,True,BT_0426084|EVT_0447161|JE_0434084|PAY_0426021,PAY_0426021,1.0,0.25,audit_log|bank_transactions|gl_entries|payment_allocations|payments,payments,0.2
RCA_000430,True,True,BT_0426093|EVT_0447170|JE_0434093|PAY_0426030,PAY_0426030,1.0,0.25,audit_log|bank_transactions|gl_entries|payment_allocations|payments,payments,0.2
RCA_000432,True,True,BT_0426095|EVT_0447172|JE_0434095|PAY_0426032,PAY_0426032,1.0,0.25,audit_log|bank_transactions|gl_entries|payment_allocations|payments,payments,0.2
RCA_000433,True,True,BT_0426096|EVT_0447173|JE_0434096|PAY_0426033,PAY_0426033,1.0,0.25,audit_log|bank_transactions|gl_entries|payment_allocations|payments,payments,0.2
RCA_000436,True,True,BT_0426099|EVT_0447176|JE_0434099|PAY_0426036,PAY_0426036,1.0,0.25,audit_log|bank_transactions|gl_entries|payment_allocations|payments,payments,0.2
RCA_000444,True,True,BT_0426107|EVT_0447184|JE_0434107|PAY_0426044,PAY_0426044,1.0,0.25,audit_log|bank_transactions|gl_entries|payment_allocations|payments,payments,0.2
RCA_000447,True,True,BT_0426110|EVT_0447187|JE_0434110|PAY_0426047,PAY_0426047,1.0,0.25,audit_log|bank_transactions|gl_entries|payment_allocations|payments,payments,0.2
RCA_000453,True,True,BT_0426116|EVT_0447193|JE_0434116|PAY_0426053,PAY_0426053,1.0,0.25,audit_log|bank_transactions|gl_entries|payment_allocations|payments,payments,0.2
RCA_000457,True,True,BT_0426120|EVT_0447197|JE_0434120|PAY_0426057,PAY_0426057,1.0,0.25,audit_log|bank_transactions|gl_entries|payment_allocations|payments,payments,0.2
RCA_000462,True,True,BT_0426125|EVT_0447202|JE_0434125|PAY_0426062,PAY_0426062,1.0,0.25,audit_log|bank_transactions|gl_entries|payment_allocations|payments,payments,0.2
RCA_000465,True,True,BT_0426128|EVT_0447205|JE_0434128|PAY_0426065,PAY_0426065,1.0,0.25,audit_log|bank_transactions|gl_entries|payment_allocations|payments,payments,0.2
RCA_000469,True,True,BT_0426132|EVT_0447209|JE_0434132|PAY_0426069,PAY_0426069,1.0,0.25,audit_log|bank_transactions|gl_entries|payment_allocations|payments,payments,0.2
RCA_000473,True,True,BT_0426136|EVT_0447213|JE_0434136|PAY_0426073,PAY_0426073,1.0,0.25,audit_log|bank_transactions|gl_entries|payment_allocations|payments,payments,0.2
RCA_000478,True,True,BT_0426141|EVT_0447218|JE_0434141|PAY_0426078,PAY_0426078,1.0,0.25,audit_log|bank_transactions|gl_entries|payment_allocations|payments,payments,0.2
RCA_000479,True,True,BT_0426142|EVT_0447219|JE_0434142|PAY_0426079,PAY_0426079,1.0,0.25,audit_log|bank_transactions|gl_entries|payment_allocations|payments,payments,0.2
RCA_000481,True,True,BT_0426144|EVT_0447221|JE_0434144|PAY_0426081,PAY_0426081,1.0,0.25,audit_log|bank_transactions|gl_entries|payment_allocations|payments,payments,0.2
RCA_000482,True,True,BT_0426145|EVT_0447222|JE_0434145|PAY_0426082,PAY_0426082,1.0,0.25,audit_log|bank_transactions|gl_entries|payment_allocations|payments,payments,0.2
RCA_000484,True,True,BT_0426147|EVT_0447224|JE_0434147|PAY_0426084,PAY_0426084,1.0,0.25,audit_log|bank_transactions|gl_entries|payment_allocations|payments,payments,0.2
RCA_000486,True,True,BT_0426149|EVT_0447226|JE_0434149|PAY_0426086,PAY_0426086,1.0,0.25,audit_log|bank_transactions|gl_entries|payment_allocations|payments,payments,0.2
RCA_000494,True,True,BT_0426157|EVT_0447234|JE_0434157|PAY_0426094,PAY_0426094,1.0,0.25,audit_log|bank_transactions|gl_entries|payment_allocations|payments,payments,0.2
RCA_000495,True,True,BT_0426158|EVT_0447235|JE_0434158|PAY_0426095,PAY_0426095,1.0,0.25,audit_log|bank_transactions|gl_entries|payment_allocations|payments,payments,0.2
RCA_000518,True,True,BT_0426181|INV_0427226|PAY_0422024|PAY_0426118,2026-03-01|2026-03-08|INV_0427226|PAY_0422024|PAY_0422024|INV_0427226|2026-03-01|PAY_0426118|PAY_0426118|INV_0427226|2026-03-08,0.42857142857142855,0.75,bank_transactions|invoices|payment_allocations|payments,invoices|payment_allocations|payments,0.75
RCA_000523,True,True,BT_0426186|INV_0423499|PAY_0421979|PAY_0426123,2025-02-06|2025-02-11|INV_0423499|PAY_0421979|PAY_0421979|INV_0423499|2025-02-06|PAY_0426123|PAY_0426123|INV_0423499|2025-02-11,0.42857142857142855,0.75,bank_transactions|invoices|payment_allocations|payments,invoices|payment_allocations|payments,0.75
RCA_000538,True,True,BT_0426201|INV_0426215|PAY_0424347|PAY_0426138,2026-02-14|2026-02-17|2026-02-23|INV_0426215|PAY_0424347|PAY_0424347|INV_0426215|2026-02-14|PAY_0424348|PAY_0424348|INV_0426215|2026-02-17|PAY_0426138|PAY_0426138|INV_0426215|2026-02-23,0.3,0.75,bank_transactions|invoices|payment_allocations|payments,invoices|payment_allocations|payments,0.75
RCA_000539,True,True,BT_0426202|INV_0422854|PAY_0422734|PAY_0426139,2025-09-30|2025-10-03|2025-10-08|INV_0422854|PAY_0422734|PAY_0422734|INV_0422854|2025-09-30|PAY_0422735|PAY_0422735|INV_0422854|2025-10-03|PAY_0426139|PAY_0426139|INV_0422854|2025-10-08,0.3,0.75,bank_transactions|invoices|payment_allocations|payments,invoices|payment_allocations|payments,0.75
RCA_000544,True,True,BT_0426207|INV_0420236|PAY_0420447|PAY_0426144,2026-02-26|2026-03-02|INV_0420236|PAY_0420447|PAY_0420447|INV_0420236|2026-02-26|PAY_0426144|PAY_0426144|INV_0420236|2026-03-02,0.42857142857142855,0.75,bank_transactions|invoices|payment_allocations|payments,invoices|payment_allocations|payments,0.75
RCA_000558,True,True,BT_0426221|INV_0422867|PAY_0425859|PAY_0426158,2026-06-01|2026-06-04|INV_0422867|PAY_0425859|PAY_0425859|INV_0422867|2026-06-01|PAY_0426158|PAY_0426158|INV_0422867|2026-06-04,0.42857142857142855,0.75,bank_transactions|invoices|payment_allocations|payments,invoices|payment_allocations|payments,0.75
RCA_000563,False,True,BT_0426226|INV_0423209|PAY_0422778|PAY_0426163,BT_0422803|CHG_0420134|PAY_0422779|VND_042340,0.0,0.0,bank_transactions|invoices|payment_allocations|payments,bank_transactions|payments|vendor_change_log|vendors,0.5
RCA_000571,True,True,BT_0426234|INV_0424308|PAY_0425779|PAY_0426171,2025-12-21|2025-12-24|INV_0424308|PAY_0425779|PAY_0425779|INV_0424308|2025-12-21|PAY_0426171|PAY_0426171|INV_0424308|2025-12-24,0.42857142857142855,0.75,bank_transactions|invoices|payment_allocations|payments,invoices|payment_allocations|payments,0.75
RCA_000581,False,True,BT_0426244|INV_0426666|PAY_0424936|PAY_0426181,2025-07-23|APR_0431261|INV_0425140|PAY_0424936|PAY_0424936|INV_0425140|2025-07-23,0.2,0.25,bank_transactions|invoices|payment_allocations|payments,approval_events|invoices|payment_allocations|payments,0.75
RCA_000584,True,True,BT_0426247|INV_0427513|PAY_0424955|PAY_0426184,2026-02-27|2026-03-02|INV_0427513|PAY_0424955|PAY_0424955|INV_0427513|2026-02-27|PAY_0426184|PAY_0426184|INV_0427513|2026-03-02,0.42857142857142855,0.75,bank_transactions|invoices|payment_allocations|payments,invoices|payment_allocations|payments,0.75
RCA_000586,True,True,BT_0426249|INV_0425634|PAY_0421346|PAY_0426186,2025-08-20|2025-08-25|INV_0425634|PAY_0421346|PAY_0421346|INV_0425634|2025-08-20|PAY_0426186|PAY_0426186|INV_0425634|2025-08-25,0.42857142857142855,0.75,bank_transactions|invoices|payment_allocations|payments,invoices|payment_allocations|payments,0.75
RCA_000594,True,True,BT_0426257|INV_0427672|PAY_0420730|PAY_0426194,2026-02-08|2026-02-15|INV_0427672|PAY_0420730|PAY_0420730|INV_0427672|2026-02-08|PAY_0426194|PAY_0426194|INV_0427672|2026-02-15,0.42857142857142855,0.75,bank_transactions|invoices|payment_allocations|payments,invoices|payment_allocations|payments,0.75
RCA_000603,True,True,BT_0423755|INV_0420888|JE_0431719|PAY_0423719,2025-03-09|INV_0420888|PAY_0423719|PAY_0423719|INV_0420888|2025-03-09,0.5,0.5,bank_transactions|gl_entries|invoices|payment_allocations|payments,invoices|payment_allocations|payments,0.6
RCA_000604,True,True,BT_0422582|INV_0424914|JE_0430560|PAY_0422560,2026-05-19|INV_0424914|PAY_0422560|PAY_0422560|INV_0424914|2026-05-19,0.5,0.5,bank_transactions|gl_entries|invoices|payment_allocations|payments,invoices|payment_allocations|payments,0.6
RCA_000610,True,True,BT_0423434|INV_0426538|JE_0431401|PAY_0423401,2025-10-16|INV_0426538|PAY_0423401|PAY_0423401|INV_0426538|2025-10-16,0.5,0.5,bank_transactions|gl_entries|invoices|payment_allocations|payments,invoices|payment_allocations|payments,0.6
RCA_000615,True,True,BT_0423144|INV_0425641|JE_0431117|PAY_0423117,2026-05-01|INV_0425641|PAY_0423117|PAY_0423117|INV_0425641|2026-05-01,0.5,0.5,bank_transactions|gl_entries|invoices|payment_allocations|payments,invoices|payment_allocations|payments,0.6
RCA_000629,True,True,BT_0422525|INV_0420802|JE_0430504|PAY_0422504,2026-03-01|INV_0420802|PAY_0422504|PAY_0422504|INV_0420802|2026-03-01,0.5,0.5,bank_transactions|gl_entries|invoices|payment_allocations|payments,invoices|payment_allocations|payments,0.6
RCA_000630,True,True,BT_0423378|INV_0420858|JE_0431347|PAY_0423347,2025-04-28|INV_0420858|PAY_0423347|PAY_0423347|INV_0420858|2025-04-28,0.5,0.5,bank_transactions|gl_entries|invoices|payment_allocations|payments,invoices|payment_allocations|payments,0.6
RCA_000635,True,True,BT_0422301|INV_0423871|JE_0430281|PAY_0422281,2026-06-03|INV_0423871|PAY_0422281|PAY_0422281|INV_0423871|2026-06-03,0.5,0.5,bank_transactions|gl_entries|invoices|payment_allocations|payments,invoices|payment_allocations|payments,0.6
RCA_000639,True,True,BT_0424781|INV_0424446|JE_0432732|PAY_0424732,2026-03-18|INV_0424446|PAY_0424732|PAY_0424732|INV_0424446|2026-03-18,0.5,0.5,bank_transactions|gl_entries|invoices|payment_allocations|payments,invoices|payment_allocations|payments,0.6
RCA_000666,True,True,BT_0424331|INV_0423262|JE_0432290|PAY_0424290,2026-02-07|INV_0423262|PAY_0424290|PAY_0424290|INV_0423262|2026-02-07,0.5,0.5,bank_transactions|gl_entries|invoices|payment_allocations|payments,invoices|payment_allocations|payments,0.6
RCA_000669,True,True,BT_0421922|INV_0426890|JE_0429905|PAY_0421905,2025-06-14|INV_0426890|PAY_0421905|PAY_0421905|INV_0426890|2025-06-14,0.5,0.5,bank_transactions|gl_entries|invoices|payment_allocations|payments,invoices|payment_allocations|payments,0.6
RCA_000674,True,True,BT_0421534|INV_0424523|JE_0429522|PAY_0421522,2025-08-06|INV_0424523|PAY_0421522|PAY_0421522|INV_0424523|2025-08-06,0.5,0.5,bank_transactions|gl_entries|invoices|payment_allocations|payments,invoices|payment_allocations|payments,0.6
RCA_000676,True,True,BT_0424835|INV_0423510|JE_0432786|PAY_0424786,2026-05-27|INV_0423510|PAY_0424786|PAY_0424786|INV_0423510|2026-05-27,0.5,0.5,bank_transactions|gl_entries|invoices|payment_allocations|payments,invoices|payment_allocations|payments,0.6
RCA_000682,True,True,BT_0423620|INV_0426169|JE_0431585|PAY_0423585,2026-02-06|INV_0426169|PAY_0423585|PAY_0423585|INV_0426169|2026-02-06,0.5,0.5,bank_transactions|gl_entries|invoices|payment_allocations|payments,invoices|payment_allocations|payments,0.6
RCA_000685,True,True,BT_0420936|INV_0421030|JE_0428929|PAY_0420929,2025-08-23|INV_0421030|PAY_0420929|PAY_0420929|INV_0421030|2025-08-23,0.5,0.5,bank_transactions|gl_entries|invoices|payment_allocations|payments,invoices|payment_allocations|payments,0.6
RCA_000688,True,True,BT_0423172|INV_0424252|JE_0431145|PAY_0423145,2026-01-12|INV_0424252|PAY_0423145|PAY_0423145|INV_0424252|2026-01-12,0.5,0.5,bank_transactions|gl_entries|invoices|payment_allocations|payments,invoices|payment_allocations|payments,0.6
RCA_000689,True,True,BT_0424267|INV_0420923|JE_0432226|PAY_0424226,2025-08-14|INV_0420923|PAY_0424226|PAY_0424226|INV_0420923|2025-08-14,0.5,0.5,bank_transactions|gl_entries|invoices|payment_allocations|payments,invoices|payment_allocations|payments,0.6
RCA_000692,True,True,BT_0422011|INV_0421867|JE_0429994|PAY_0421994,2026-03-06|INV_0421867|PAY_0421994|PAY_0421994|INV_0421867|2026-03-06,0.5,0.5,bank_transactions|gl_entries|invoices|payment_allocations|payments,invoices|payment_allocations|payments,0.6
RCA_000695,True,True,BT_0420341|INV_0425690|JE_0428339|PAY_0420339,2025-10-29|INV_0425690|PAY_0420339|PAY_0420339|INV_0425690|2025-10-29,0.5,0.5,bank_transactions|gl_entries|invoices|payment_allocations|payments,invoices|payment_allocations|payments,0.6
RCA_000709,True,True,APR_0431261|EVT_0447249|INV_0425140|PAY_0424936,2025-07-23|APR_0431261|INV_0425140|PAY_0424936|PAY_0424936|INV_0425140|2025-07-23,0.6,0.75,approval_events|audit_log|employees|invoices|payment_allocations|payments,approval_events|invoices|payment_allocations|payments,0.6666666666666666
RCA_000721,True,True,APR_0420972|APR_0420973|EVT_0447261|INV_0420445|PAY_0421163,2025-11-28|2025-12-01|APR_0420972|APR_0420973|INV_0420445|PAY_0421163|PAY_0421163|INV_0420445|2025-11-28|PAY_0421164|PAY_0421164|INV_0420445|2025-12-01,0.4444444444444444,0.8,approval_events|audit_log|employees|invoices|payment_allocations|payments,approval_events|invoices|payment_allocations|payments,0.6666666666666666
RCA_000728,True,True,APR_0430240|EVT_0447268|INV_0424676|PAY_0420274,2025-05-14|APR_0430240|INV_0424676|PAY_0420274|PAY_0420274|INV_0424676|2025-05-14,0.6,0.75,approval_events|audit_log|employees|invoices|payment_allocations|payments,approval_events|invoices|payment_allocations|payments,0.6666666666666666
RCA_000733,True,True,APR_0425007|EVT_0447273|INV_0422295|PAY_0422606,2025-09-26|APR_0425007|INV_0422295|PAY_0422606|PAY_0422606|INV_0422295|2025-09-26,0.6,0.75,approval_events|audit_log|employees|invoices|payment_allocations|payments,approval_events|invoices|payment_allocations|payments,0.6666666666666666
RCA_000735,True,True,APR_0427508|EVT_0447275|INV_0423429|PAY_0421347,2026-04-07|APR_0427508|INV_0423429|PAY_0421347|PAY_0421347|INV_0423429|2026-04-07,0.6,0.75,approval_events|audit_log|employees|invoices|payment_allocations|payments,approval_events|invoices|payment_allocations|payments,0.6666666666666666
RCA_000736,True,True,APR_0423648|APR_0423649|EVT_0447276|INV_0421670|PAY_0421055,2026-05-24|APR_0423648|APR_0423649|INV_0421670|PAY_0421055|PAY_0421055|INV_0421670|2026-05-24,0.6666666666666666,0.8,approval_events|audit_log|employees|invoices|payment_allocations|payments,approval_events|invoices|payment_allocations|payments,0.6666666666666666
RCA_000738,True,True,APR_0436664|APR_0436665|EVT_0447278|INV_0427607|PAY_0422843,2026-06-14|APR_0436664|APR_0436665|INV_0427607|PAY_0422843|PAY_0422843|INV_0427607|2026-06-14,0.6666666666666666,0.8,approval_events|audit_log|employees|invoices|payment_allocations|payments,approval_events|invoices|payment_allocations|payments,0.6666666666666666
RCA_000741,True,True,APR_0426176|EVT_0447281|INV_0422826|PAY_0422418,2026-06-15|APR_0426176|INV_0422826|PAY_0422418|PAY_0422418|INV_0422826|2026-06-15|PAY_0422419|PAY_0422419|INV_0422826|2026-06-15,0.42857142857142855,0.75,approval_events|audit_log|employees|invoices|payment_allocations|payments,approval_events|invoices|payment_allocations|payments,0.6666666666666666
RCA_000752,True,True,APR_0426452|APR_0426453|EVT_0447292|INV_0422948|PAY_0424949,2026-06-15|APR_0426452|APR_0426453|INV_0422948|PAY_0424949|PAY_0424949|INV_0422948|2026-06-15,0.6666666666666666,0.8,approval_events|audit_log|employees|invoices|payment_allocations|payments,approval_events|invoices|payment_allocations|payments,0.6666666666666666
RCA_000758,True,True,APR_0428064|APR_0428065|EVT_0447298|INV_0423681|PAY_0422123,2026-05-15|APR_0428064|APR_0428065|INV_0423681|PAY_0422123|PAY_0422123|INV_0423681|2026-05-15,0.6666666666666666,0.8,approval_events|audit_log|employees|invoices|payment_allocations|payments,approval_events|invoices|payment_allocations|payments,0.6666666666666666
RCA_000760,True,True,APR_0425411|EVT_0447300|INV_0422480|PAY_0420460,2026-03-17|2026-03-20|APR_0425411|INV_0422480|PAY_0420460|PAY_0420460|INV_0422480|2026-03-17|PAY_0420461|PAY_0420461|INV_0422480|2026-03-20,0.375,0.75,approval_events|audit_log|employees|invoices|payment_allocations|payments,approval_events|invoices|payment_allocations|payments,0.6666666666666666
RCA_000762,True,True,APR_0426111|EVT_0447302|INV_0422797|PAY_0420255,2025-12-11|APR_0426111|INV_0422797|PAY_0420255|PAY_0420255|INV_0422797|2025-12-11,0.6,0.75,approval_events|audit_log|employees|invoices|payment_allocations|payments,approval_events|invoices|payment_allocations|payments,0.6666666666666666
RCA_000766,True,True,APR_0434779|EVT_0447306|INV_0426743|PAY_0425350,2026-06-15|APR_0434779|INV_0426743|PAY_0425350|PAY_0425350|INV_0426743|2026-06-15,0.6,0.75,approval_events|audit_log|employees|invoices|payment_allocations|payments,approval_events|invoices|payment_allocations|payments,0.6666666666666666
RCA_000767,True,True,APR_0433690|APR_0433691|EVT_0447307|INV_0426251|PAY_0422707,2026-05-29|APR_0433690|APR_0433691|INV_0426251|PAY_0422707|PAY_0422707|INV_0426251|2026-05-29,0.6666666666666666,0.8,approval_events|audit_log|employees|invoices|payment_allocations|payments,approval_events|invoices|payment_allocations|payments,0.6666666666666666
RCA_000772,True,True,APR_0435899|EVT_0447312|INV_0427255|PAY_0420682,2026-03-03|2026-03-06|APR_0435899|INV_0427255|PAY_0420682|PAY_0420682|INV_0427255|2026-03-03|PAY_0420683|PAY_0420683|INV_0427255|2026-03-06,0.375,0.75,approval_events|audit_log|employees|invoices|payment_allocations|payments,approval_events|invoices|payment_allocations|payments,0.6666666666666666
RCA_000774,True,True,APR_0435545|EVT_0447314|INV_0427092|PAY_0422505,2026-05-28|APR_0435545|INV_0427092|PAY_0422505|PAY_0422505|INV_0427092|2026-05-28,0.6,0.75,approval_events|audit_log|employees|invoices|payment_allocations|payments,approval_events|invoices|payment_allocations|payments,0.6666666666666666
RCA_000776,True,True,APR_0426073|EVT_0447316|INV_0422780|PAY_0424894,2025-05-17|APR_0426073|INV_0422780|PAY_0424894|PAY_0424894|INV_0422780|2025-05-17,0.6,0.75,approval_events|audit_log|employees|invoices|payment_allocations|payments,approval_events|invoices|payment_allocations|payments,0.6666666666666666
RCA_000780,True,True,APR_0422233|APR_0422234|EVT_0447320|INV_0421026|PAY_0424945,2026-06-15|APR_0422233|APR_0422234|INV_0421026|PAY_0424945|PAY_0424945|INV_0421026|2026-06-15,0.6666666666666666,0.8,approval_events|audit_log|employees|invoices|payment_allocations|payments,approval_events|invoices|payment_allocations|payments,0.6666666666666666
RCA_000783,True,True,APR_0424441|EVT_0447323|INV_0422038|PAY_0425873,2026-06-09|APR_0424441|INV_0422038|PAY_0425873|PAY_0425873|INV_0422038|2026-06-09,0.6,0.75,approval_events|audit_log|employees|invoices|payment_allocations|payments,approval_events|invoices|payment_allocations|payments,0.6666666666666666
RCA_000784,True,True,APR_0429899|APR_0429900|EVT_0447324|INV_0424524|PAY_0425524,2026-06-15|APR_0429899|APR_0429900|INV_0424524|PAY_0425524|PAY_0425524|INV_0424524|2026-06-15,0.6666666666666666,0.8,approval_events|audit_log|employees|invoices|payment_allocations|payments,approval_events|invoices|payment_allocations|payments,0.6666666666666666
RCA_000788,True,True,APR_0435559|APR_0435560|EVT_0447328|INV_0427099|PAY_0425855,2026-05-31|APR_0435559|APR_0435560|INV_0427099|PAY_0425855|PAY_0425855|INV_0427099|2026-05-31,0.6666666666666666,0.8,approval_events|audit_log|employees|invoices|payment_allocations|payments,approval_events|invoices|payment_allocations|payments,0.6666666666666666
RCA_000794,True,True,APR_0432522|EVT_0447334|INV_0425715|PAY_0420692,2025-09-22|2026-06-29|APR_0432522|INV_0425715|PAY_0420692|PAY_0420692|INV_0425715|2025-09-22|PAY_0420693|PAY_0420693|INV_0425715|2026-06-29,0.375,0.75,approval_events|audit_log|employees|invoices|payment_allocations|payments,approval_events|invoices|payment_allocations|payments,0.6666666666666666
RCA_000812,True,True,JE_0432523|PAY_0424523,JEL_0462719|JEL_0462720|PAY_0424523,0.3333333333333333,0.5,bank_transactions|gl_entries|payments,gl_entries|payments,0.6666666666666666
RCA_000813,True,True,JE_0430666|PAY_0422666,JEL_0459005|JEL_0459006|PAY_0422666,0.3333333333333333,0.5,bank_transactions|gl_entries|payments,gl_entries|payments,0.6666666666666666
RCA_000830,True,True,JE_0429478|PAY_0421478,JEL_0456629|JEL_0456630|PAY_0421478,0.3333333333333333,0.5,bank_transactions|gl_entries|payments,gl_entries|payments,0.6666666666666666
RCA_000831,True,True,JE_0432886|PAY_0424886,JEL_0463445|JEL_0463446|PAY_0424886,0.3333333333333333,0.5,bank_transactions|gl_entries|payments,gl_entries|payments,0.6666666666666666
RCA_000834,True,True,JE_0428552|PAY_0420552,JEL_0454777|JEL_0454778|PAY_0420552,0.3333333333333333,0.5,bank_transactions|gl_entries|payments,gl_entries|payments,0.6666666666666666
RCA_000835,True,True,JE_0433918|PAY_0425918,JEL_0465509|JEL_0465510|PAY_0425918,0.3333333333333333,0.5,bank_transactions|gl_entries|payments,gl_entries|payments,0.6666666666666666
RCA_000839,True,True,JE_0429921|PAY_0421921,JEL_0457515|JEL_0457516|PAY_0421921,0.3333333333333333,0.5,bank_transactions|gl_entries|payments,gl_entries|payments,0.6666666666666666
RCA_000840,True,True,JE_0433582|PAY_0425582,JEL_0464837|JEL_0464838|PAY_0425582,0.3333333333333333,0.5,bank_transactions|gl_entries|payments,gl_entries|payments,0.6666666666666666
RCA_000851,True,True,JE_0429782|PAY_0421782,JEL_0457237|JEL_0457238|PAY_0421782,0.3333333333333333,0.5,bank_transactions|gl_entries|payments,gl_entries|payments,0.6666666666666666
RCA_000852,True,True,JE_0428988|PAY_0420988,JEL_0455649|JEL_0455650|PAY_0420988,0.3333333333333333,0.5,bank_transactions|gl_entries|payments,gl_entries|payments,0.6666666666666666
RCA_000865,True,True,JE_0430357|PAY_0422357,JEL_0458387|JEL_0458388|PAY_0422357,0.3333333333333333,0.5,bank_transactions|gl_entries|payments,gl_entries|payments,0.6666666666666666
RCA_000866,True,True,JE_0428509|PAY_0420509,JEL_0454691|JEL_0454692|PAY_0420509,0.3333333333333333,0.5,bank_transactions|gl_entries|payments,gl_entries|payments,0.6666666666666666
RCA_000867,True,True,JE_0432244|PAY_0424244,JEL_0462161|JEL_0462162|PAY_0424244,0.3333333333333333,0.5,bank_transactions|gl_entries|payments,gl_entries|payments,0.6666666666666666
RCA_000868,True,True,JE_0429257|PAY_0421257,JEL_0456187|JEL_0456188|PAY_0421257,0.3333333333333333,0.5,bank_transactions|gl_entries|payments,gl_entries|payments,0.6666666666666666
RCA_000880,True,True,JE_0429168|PAY_0421168,JEL_0456009|JEL_0456010|PAY_0421168,0.3333333333333333,0.5,bank_transactions|gl_entries|payments,gl_entries|payments,0.6666666666666666
RCA_000882,True,True,JE_0431959|PAY_0423959,JEL_0461591|JEL_0461592|PAY_0423959,0.3333333333333333,0.5,bank_transactions|gl_entries|payments,gl_entries|payments,0.6666666666666666
RCA_000883,True,True,JE_0428931|PAY_0420931,JEL_0455535|JEL_0455536|PAY_0420931,0.3333333333333333,0.5,bank_transactions|gl_entries|payments,gl_entries|payments,0.6666666666666666
RCA_000902,True,True,EVT_0447342|JE_0430730|PAY_0422730,JEL_0459133|JEL_0459134|PAY_0422730,0.3333333333333333,0.3333333333333333,audit_log|gl_entries|payments,gl_entries|payments,0.6666666666666666
RCA_000910,True,True,EVT_0447350|JE_0431458|PAY_0423458,JEL_0460589|JEL_0460590|PAY_0423458,0.3333333333333333,0.3333333333333333,audit_log|gl_entries|payments,gl_entries|payments,0.6666666666666666
RCA_000915,True,True,EVT_0447355|JE_0428324|PAY_0420324,JEL_0454321|JEL_0454322|PAY_0420324,0.3333333333333333,0.3333333333333333,audit_log|gl_entries|payments,gl_entries|payments,0.6666666666666666
RCA_000925,True,True,EVT_0447365|JE_0430423|PAY_0422423,JEL_0458519|JEL_0458520|PAY_0422423,0.3333333333333333,0.3333333333333333,audit_log|gl_entries|payments,gl_entries|payments,0.6666666666666666
RCA_000926,True,True,EVT_0447366|JE_0428397|PAY_0420397,JEL_0454467|JEL_0454468|PAY_0420397,0.3333333333333333,0.3333333333333333,audit_log|gl_entries|payments,gl_entries|payments,0.6666666666666666
RCA_000928,True,True,EVT_0447368|JE_0431275|PAY_0423275,JEL_0460223|JEL_0460224|PAY_0423275,0.3333333333333333,0.3333333333333333,audit_log|gl_entries|payments,gl_entries|payments,0.6666666666666666
RCA_000931,True,True,EVT_0447371|JE_0433917|PAY_0425917,JEL_0465507|JEL_0465508|PAY_0425917,0.3333333333333333,0.3333333333333333,audit_log|gl_entries|payments,gl_entries|payments,0.6666666666666666
RCA_000941,True,True,EVT_0447381|JE_0429126|PAY_0421126,JEL_0455925|JEL_0455926|PAY_0421126,0.3333333333333333,0.3333333333333333,audit_log|gl_entries|payments,gl_entries|payments,0.6666666666666666
RCA_000945,True,True,EVT_0447385|JE_0433871|PAY_0425871,JEL_0465415|JEL_0465416|PAY_0425871,0.3333333333333333,0.3333333333333333,audit_log|gl_entries|payments,gl_entries|payments,0.6666666666666666
RCA_000946,True,True,EVT_0447386|JE_0432439|PAY_0424439,JEL_0462551|JEL_0462552|PAY_0424439,0.3333333333333333,0.3333333333333333,audit_log|gl_entries|payments,gl_entries|payments,0.6666666666666666
RCA_000948,True,True,EVT_0447388|JE_0431424|PAY_0423424,JEL_0460521|JEL_0460522|PAY_0423424,0.3333333333333333,0.3333333333333333,audit_log|gl_entries|payments,gl_entries|payments,0.6666666666666666
RCA_000955,True,True,EVT_0447395|JE_0433894|PAY_0425894,JEL_0465461|JEL_0465462|PAY_0425894,0.3333333333333333,0.3333333333333333,audit_log|gl_entries|payments,gl_entries|payments,0.6666666666666666
RCA_000964,True,True,EVT_0447404|JE_0432580|PAY_0424580,JEL_0462833|JEL_0462834|PAY_0424580,0.3333333333333333,0.3333333333333333,audit_log|gl_entries|payments,gl_entries|payments,0.6666666666666666
RCA_000965,True,True,EVT_0447405|JE_0428430|PAY_0420430,JEL_0454533|JEL_0454534|PAY_0420430,0.3333333333333333,0.3333333333333333,audit_log|gl_entries|payments,gl_entries|payments,0.6666666666666666
RCA_000975,True,True,EVT_0447415|JE_0429075|PAY_0421075,JEL_0455823|JEL_0455824|PAY_0421075,0.3333333333333333,0.3333333333333333,audit_log|gl_entries|payments,gl_entries|payments,0.6666666666666666
RCA_000980,True,True,EVT_0447420|JE_0428195|PAY_0420195,JEL_0454063|JEL_0454064|PAY_0420195,0.3333333333333333,0.3333333333333333,audit_log|gl_entries|payments,gl_entries|payments,0.6666666666666666
RCA_000984,True,True,EVT_0447424|JE_0430795|PAY_0422795,JEL_0459263|JEL_0459264|PAY_0422795,0.3333333333333333,0.3333333333333333,audit_log|gl_entries|payments,gl_entries|payments,0.6666666666666666
RCA_000986,True,True,EVT_0447426|JE_0431274|PAY_0423274,JEL_0460221|JEL_0460222|PAY_0423274,0.3333333333333333,0.3333333333333333,audit_log|gl_entries|payments,gl_entries|payments,0.6666666666666666
RCA_000989,True,True,EVT_0447429|JE_0432928|PAY_0424928,JEL_0463529|JEL_0463530|PAY_0424928,0.3333333333333333,0.3333333333333333,audit_log|gl_entries|payments,gl_entries|payments,0.6666666666666666
RCA_000994,True,True,EVT_0447434|JE_0433904|PAY_0425904,JEL_0465481|JEL_0465482|PAY_0425904,0.3333333333333333,0.3333333333333333,audit_log|gl_entries|payments,gl_entries|payments,0.6666666666666666
RCA_001006,True,True,BT_0425019|CHG_0420046|EVT_0447446|PAY_0424969|VND_042097,BT_0425019|CHG_0420046|PAY_0424969|VND_042097,1.0,0.8,audit_log|bank_transactions|payments|vendor_change_log|vendors,bank_transactions|payments|vendor_change_log|vendors,0.8
RCA_001010,True,True,BT_0423044|CHG_0420050|EVT_0447450|PAY_0423017|VND_042464,BT_0423044|CHG_0420050|PAY_0423017|VND_042464,1.0,0.8,audit_log|bank_transactions|payments|vendor_change_log|vendors,bank_transactions|payments|vendor_change_log|vendors,0.8
RCA_001013,True,True,BT_0424225|CHG_0420053|EVT_0447453|PAY_0424184|VND_042425,BT_0424225|CHG_0420053|PAY_0424184|VND_042425,1.0,0.8,audit_log|bank_transactions|payments|vendor_change_log|vendors,bank_transactions|payments|vendor_change_log|vendors,0.8
RCA_001020,True,True,BT_0423280|CHG_0420060|EVT_0447460|PAY_0423252|VND_042127,BT_0423280|CHG_0420060|PAY_0423252|VND_042127,1.0,0.8,audit_log|bank_transactions|payments|vendor_change_log|vendors,bank_transactions|payments|vendor_change_log|vendors,0.8
RCA_001024,True,True,BT_0424502|CHG_0420064|EVT_0447464|PAY_0424455|VND_042282,BT_0424502|CHG_0420064|PAY_0424455|VND_042282,1.0,0.8,audit_log|bank_transactions|payments|vendor_change_log|vendors,bank_transactions|payments|vendor_change_log|vendors,0.8
RCA_001030,True,True,BT_0425920|CHG_0420070|EVT_0447470|PAY_0425857|VND_042100,BT_0425920|CHG_0420070|PAY_0425857|VND_042100,1.0,0.8,audit_log|bank_transactions|payments|vendor_change_log|vendors,bank_transactions|payments|vendor_change_log|vendors,0.8
RCA_001036,True,True,BT_0421028|CHG_0420076|EVT_0447476|PAY_0421020|VND_042144,BT_0421028|CHG_0420076|PAY_0421020|VND_042144,1.0,0.8,audit_log|bank_transactions|payments|vendor_change_log|vendors,bank_transactions|payments|vendor_change_log|vendors,0.8
RCA_001038,True,True,BT_0425932|CHG_0420078|EVT_0447478|PAY_0425869|VND_042100,BT_0425932|CHG_0420078|PAY_0425869|VND_042100,1.0,0.8,audit_log|bank_transactions|payments|vendor_change_log|vendors,bank_transactions|payments|vendor_change_log|vendors,0.8
RCA_001040,True,True,BT_0422682|CHG_0420080|EVT_0447480|PAY_0422659|VND_042425,BT_0422682|CHG_0420080|PAY_0422659|VND_042425,1.0,0.8,audit_log|bank_transactions|payments|vendor_change_log|vendors,bank_transactions|payments|vendor_change_log|vendors,0.8
RCA_001042,True,True,BT_0423614|CHG_0420082|EVT_0447482|PAY_0423579|VND_042032,BT_0423614|CHG_0420082|PAY_0423579|VND_042032,1.0,0.8,audit_log|bank_transactions|payments|vendor_change_log|vendors,bank_transactions|payments|vendor_change_log|vendors,0.8
RCA_001044,True,True,BT_0424618|CHG_0420084|EVT_0447484|PAY_0424569|VND_042340,BT_0424618|CHG_0420084|PAY_0424569|VND_042340,1.0,0.8,audit_log|bank_transactions|payments|vendor_change_log|vendors,bank_transactions|payments|vendor_change_log|vendors,0.8
RCA_001045,True,True,BT_0422702|CHG_0420085|EVT_0447485|PAY_0422679|VND_042248,BT_0422702|CHG_0420085|PAY_0422679|VND_042248,1.0,0.8,audit_log|bank_transactions|payments|vendor_change_log|vendors,bank_transactions|payments|vendor_change_log|vendors,0.8
RCA_001047,True,True,BT_0425606|CHG_0420087|EVT_0447487|PAY_0425553|VND_042479,BT_0425606|CHG_0420087|PAY_0425553|VND_042479,1.0,0.8,audit_log|bank_transactions|payments|vendor_change_log|vendors,bank_transactions|payments|vendor_change_log|vendors,0.8
RCA_001049,True,True,BT_0422658|CHG_0420089|EVT_0447489|PAY_0422635|VND_042248,BT_0422658|CHG_0420089|PAY_0422635|VND_042248,1.0,0.8,audit_log|bank_transactions|payments|vendor_change_log|vendors,bank_transactions|payments|vendor_change_log|vendors,0.8
RCA_001057,True,True,BT_0421451|CHG_0420097|EVT_0447497|PAY_0421439|VND_042228,BT_0421451|CHG_0420097|PAY_0421439|VND_042228,1.0,0.8,audit_log|bank_transactions|payments|vendor_change_log|vendors,bank_transactions|payments|vendor_change_log|vendors,0.8
RCA_001059,True,True,BT_0421312|CHG_0420099|EVT_0447499|PAY_0421302|VND_042286,BT_0421312|CHG_0420099|PAY_0421302|VND_042286,1.0,0.8,audit_log|bank_transactions|payments|vendor_change_log|vendors,bank_transactions|payments|vendor_change_log|vendors,0.8
RCA_001069,True,True,BT_0422240|CHG_0420109|EVT_0447509|PAY_0422222|VND_042032,BT_0422240|CHG_0420109|PAY_0422222|VND_042032,1.0,0.8,audit_log|bank_transactions|payments|vendor_change_log|vendors,bank_transactions|payments|vendor_change_log|vendors,0.8
RCA_001073,True,True,BT_0421318|CHG_0420113|EVT_0447513|PAY_0421308|VND_042252,BT_0421318|CHG_0420113|PAY_0421308|VND_042252,1.0,0.8,audit_log|bank_transactions|payments|vendor_change_log|vendors,bank_transactions|payments|vendor_change_log|vendors,0.8
RCA_001077,True,True,BT_0422987|CHG_0420117|EVT_0447517|PAY_0422960|VND_042340,BT_0422987|CHG_0420117|PAY_0422960|VND_042340,1.0,0.8,audit_log|bank_transactions|payments|vendor_change_log|vendors,bank_transactions|payments|vendor_change_log|vendors,0.8
RCA_001078,True,True,BT_0423031|CHG_0420118|EVT_0447518|PAY_0423004|VND_042329,BT_0423031|CHG_0420118|PAY_0423004|VND_042329,1.0,0.8,audit_log|bank_transactions|payments|vendor_change_log|vendors,bank_transactions|payments|vendor_change_log|vendors,0.8
RCA_001086,True,True,BT_0420784|CHG_0420126|EVT_0447526|PAY_0420777|VND_042171,BT_0420784|CHG_0420126|PAY_0420777|VND_042171,1.0,0.8,audit_log|bank_transactions|payments|vendor_change_log|vendors,bank_transactions|payments|vendor_change_log|vendors,0.8
RCA_001094,True,True,BT_0422803|CHG_0420134|EVT_0447534|PAY_0422779|VND_042340,BT_0422803|CHG_0420134|PAY_0422779|VND_042340,1.0,0.8,audit_log|bank_transactions|payments|vendor_change_log|vendors,bank_transactions|payments|vendor_change_log|vendors,0.8
RCA_001096,True,True,BT_0424660|CHG_0420136|EVT_0447536|PAY_0424611|VND_042488,BT_0424660|CHG_0420136|PAY_0424611|VND_042488,1.0,0.8,audit_log|bank_transactions|payments|vendor_change_log|vendors,bank_transactions|payments|vendor_change_log|vendors,0.8
RCA_001101,True,True,EVT_0447541|PAY_0422089,PAY_0422089,1.0,0.5,audit_log|bank_transactions|gl_entries|payments,payments,0.25
RCA_001102,True,True,EVT_0447542|PAY_0422083,PAY_0422083,1.0,0.5,audit_log|bank_transactions|gl_entries|payments,payments,0.25
RCA_001107,True,True,EVT_0447547|PAY_0424821,PAY_0424821,1.0,0.5,audit_log|bank_transactions|gl_entries|payments,payments,0.25
RCA_001111,False,True,EVT_0447551|PAY_0422447,2026-03-27|INV_0424349|PAY_0422447|PAY_0422447|INV_0424349|2026-03-27,0.25,0.5,audit_log|bank_transactions|gl_entries|payments,invoices|payment_allocations|payments,0.25
RCA_001114,True,True,EVT_0447554|PAY_0420435,PAY_0420435,1.0,0.5,audit_log|bank_transactions|gl_entries|payments,payments,0.25
RCA_001115,True,True,EVT_0447555|PAY_0421297,PAY_0421297,1.0,0.5,audit_log|bank_transactions|gl_entries|payments,payments,0.25
RCA_001117,False,True,EVT_0447557|PAY_0421113,2025-06-09|2025-06-15|BT_0421120|BT_0423090|INV_0422532|INV_0426705|PAY_0421112|PAY_0421112|INV_0422532|2025-06-09|PAY_0423063|PAY_0423063|INV_0426705|2025-06-15,0.0,0.0,audit_log|bank_transactions|gl_entries|payments,bank_transactions|invoices|payment_allocations|payments,0.5
RCA_001128,True,True,EVT_0447568|PAY_0424925,PAY_0424925,1.0,0.5,audit_log|bank_transactions|gl_entries|payments,payments,0.25
RCA_001132,True,True,EVT_0447572|PAY_0422457,PAY_0422457,1.0,0.5,audit_log|bank_transactions|gl_entries|payments,payments,0.25
RCA_001133,True,True,EVT_0447573|PAY_0420817,PAY_0420817,1.0,0.5,audit_log|bank_transactions|gl_entries|payments,payments,0.25
RCA_001140,True,True,EVT_0447580|PAY_0422266,PAY_0422266,1.0,0.5,audit_log|bank_transactions|gl_entries|payments,payments,0.25
RCA_001141,True,True,EVT_0447581|PAY_0423784,PAY_0423784,1.0,0.5,audit_log|bank_transactions|gl_entries|payments,payments,0.25
RCA_001146,True,True,EVT_0447586|PAY_0425776,PAY_0425776,1.0,0.5,audit_log|bank_transactions|gl_entries|payments,payments,0.25
RCA_001147,True,True,EVT_0447587|PAY_0423907,PAY_0423907,1.0,0.5,audit_log|bank_transactions|gl_entries|payments,payments,0.25
RCA_001151,True,True,EVT_0447591|PAY_0422374,PAY_0422374,1.0,0.5,audit_log|bank_transactions|gl_entries|payments,payments,0.25
RCA_001154,True,True,EVT_0447594|PAY_0420383,PAY_0420383,1.0,0.5,audit_log|bank_transactions|gl_entries|payments,payments,0.25
RCA_001158,True,True,EVT_0447598|PAY_0422764,PAY_0422764,1.0,0.5,audit_log|bank_transactions|gl_entries|payments,payments,0.25
RCA_001159,True,True,EVT_0447599|PAY_0420739,PAY_0420738|PAY_0420739,0.5,0.5,audit_log|bank_transactions|gl_entries|payments,payments,0.25
RCA_001170,True,True,EVT_0447610|PAY_0425886,PAY_0425886,1.0,0.5,audit_log|bank_transactions|gl_entries|payments,payments,0.25
RCA_001171,True,True,EVT_0447611|PAY_0420738,PAY_0420738|PAY_0420739,0.5,0.5,audit_log|bank_transactions|gl_entries|payments,payments,0.25
RCA_001194,True,True,EVT_0447634|PAY_0424266,PAY_0424266,1.0,0.5,audit_log|bank_transactions|gl_entries|payments,payments,0.25
RCA_001206,True,True,BT_0426269|EVT_0447646|VND_042189,BT_0426269,1.0,0.3333333333333333,audit_log|bank_transactions|gl_entries|payments|vendors,bank_transactions,0.2
RCA_001211,True,True,BT_0426274|EVT_0447651|VND_042293,BT_0426274,1.0,0.3333333333333333,audit_log|bank_transactions|gl_entries|payments|vendors,bank_transactions,0.2
RCA_001217,True,True,BT_0426280|EVT_0447657|VND_042107,BT_0426280,1.0,0.3333333333333333,audit_log|bank_transactions|gl_entries|payments|vendors,bank_transactions,0.2
RCA_001218,True,True,BT_0426281|EVT_0447658|VND_042442,BT_0426281,1.0,0.3333333333333333,audit_log|bank_transactions|gl_entries|payments|vendors,bank_transactions,0.2
RCA_001230,True,True,BT_0426293|EVT_0447670|VND_042202,BT_0426293,1.0,0.3333333333333333,audit_log|bank_transactions|gl_entries|payments|vendors,bank_transactions,0.2
RCA_001239,True,True,BT_0426302|EVT_0447679|VND_042468,BT_0426302,1.0,0.3333333333333333,audit_log|bank_transactions|gl_entries|payments|vendors,bank_transactions,0.2
RCA_001241,True,True,BT_0426304|EVT_0447681|VND_042158,BT_0426304,1.0,0.3333333333333333,audit_log|bank_transactions|gl_entries|payments|vendors,bank_transactions,0.2
RCA_001242,True,True,BT_0426305|EVT_0447682|VND_042248,BT_0426305,1.0,0.3333333333333333,audit_log|bank_transactions|gl_entries|payments|vendors,bank_transactions,0.2
RCA_001243,True,True,BT_0426306|EVT_0447683|VND_042127,BT_0426306,1.0,0.3333333333333333,audit_log|bank_transactions|gl_entries|payments|vendors,bank_transactions,0.2
RCA_001245,True,True,BT_0426308|EVT_0447685|VND_042369,BT_0426308,1.0,0.3333333333333333,audit_log|bank_transactions|gl_entries|payments|vendors,bank_transactions,0.2
RCA_001247,True,True,BT_0426310|EVT_0447687|VND_042061,BT_0426310,1.0,0.3333333333333333,audit_log|bank_transactions|gl_entries|payments|vendors,bank_transactions,0.2
RCA_001251,True,True,BT_0426314|EVT_0447691|VND_042211,BT_0426314,1.0,0.3333333333333333,audit_log|bank_transactions|gl_entries|payments|vendors,bank_transactions,0.2
RCA_001252,True,True,BT_0426315|EVT_0447692|VND_042329,BT_0426315,1.0,0.3333333333333333,audit_log|bank_transactions|gl_entries|payments|vendors,bank_transactions,0.2
RCA_001262,True,True,BT_0426325|EVT_0447702|VND_042097,BT_0426325,1.0,0.3333333333333333,audit_log|bank_transactions|gl_entries|payments|vendors,bank_transactions,0.2
RCA_001264,True,True,BT_0426327|EVT_0447704|VND_042075,BT_0426327,1.0,0.3333333333333333,audit_log|bank_transactions|gl_entries|payments|vendors,bank_transactions,0.2
RCA_001267,True,True,BT_0426330|EVT_0447707|VND_042107,BT_0426330,1.0,0.3333333333333333,audit_log|bank_transactions|gl_entries|payments|vendors,bank_transactions,0.2
RCA_001270,True,True,BT_0426333|EVT_0447710|VND_042107,BT_0426333,1.0,0.3333333333333333,audit_log|bank_transactions|gl_entries|payments|vendors,bank_transactions,0.2
RCA_001271,True,True,BT_0426334|EVT_0447711|VND_042158,BT_0426334,1.0,0.3333333333333333,audit_log|bank_transactions|gl_entries|payments|vendors,bank_transactions,0.2
RCA_001272,True,True,BT_0426335|EVT_0447712|VND_042486,BT_0426335,1.0,0.3333333333333333,audit_log|bank_transactions|gl_entries|payments|vendors,bank_transactions,0.2
RCA_001278,True,True,BT_0426341|EVT_0447718|VND_042144,BT_0426341,1.0,0.3333333333333333,audit_log|bank_transactions|gl_entries|payments|vendors,bank_transactions,0.2
RCA_001280,True,True,BT_0426343|EVT_0447720|VND_042093,BT_0426343,1.0,0.3333333333333333,audit_log|bank_transactions|gl_entries|payments|vendors,bank_transactions,0.2
RCA_001285,True,True,BT_0426348|EVT_0447725|VND_042417,BT_0426348,1.0,0.3333333333333333,audit_log|bank_transactions|gl_entries|payments|vendors,bank_transactions,0.2
RCA_001290,True,True,BT_0426353|EVT_0447730|VND_042486,BT_0426353,1.0,0.3333333333333333,audit_log|bank_transactions|gl_entries|payments|vendors,bank_transactions,0.2
RCA_001293,True,True,BT_0426356|EVT_0447733|VND_042082,BT_0426356,1.0,0.3333333333333333,audit_log|bank_transactions|gl_entries|payments|vendors,bank_transactions,0.2
RCA_001294,True,True,BT_0426357|EVT_0447734|VND_042075,BT_0426357,1.0,0.3333333333333333,audit_log|bank_transactions|gl_entries|payments|vendors,bank_transactions,0.2
RCA_001297,True,True,BT_0426360|EVT_0447737|VND_042340,BT_0426360,1.0,0.3333333333333333,audit_log|bank_transactions|gl_entries|payments|vendors,bank_transactions,0.2
RCA_001299,True,True,BT_0426362|EVT_0447739|VND_042170,BT_0426362,1.0,0.3333333333333333,audit_log|bank_transactions|gl_entries|payments|vendors,bank_transactions,0.2
RCA_001300,True,True,BT_0426363|EVT_0447740|VND_042324,BT_0426363,1.0,0.3333333333333333,audit_log|bank_transactions|gl_entries|payments|vendors,bank_transactions,0.2
RCA_001303,True,True,BT_0422412|EVT_0447743|PAY_0422392,BT_0422412|PAY_0422392,1.0,0.6666666666666666,audit_log|bank_transactions|gl_entries|payments,bank_transactions|payments,0.5
RCA_001305,True,True,BT_0425608|EVT_0447745|PAY_0425555,BT_0425608|PAY_0425555,1.0,0.6666666666666666,audit_log|bank_transactions|gl_entries|payments,bank_transactions|payments,0.5
RCA_001310,True,True,BT_0424044|EVT_0447750|PAY_0424005,BT_0424044|PAY_0424005,1.0,0.6666666666666666,audit_log|bank_transactions|gl_entries|payments,bank_transactions|payments,0.5
RCA_001315,True,True,BT_0422207|EVT_0447755|PAY_0422189,BT_0422207|PAY_0422189,1.0,0.6666666666666666,audit_log|bank_transactions|gl_entries|payments,bank_transactions|payments,0.5
RCA_001317,True,True,BT_0420467|EVT_0447757|PAY_0420463,BT_0420467|PAY_0420463,1.0,0.6666666666666666,audit_log|bank_transactions|gl_entries|payments,bank_transactions|payments,0.5
RCA_001320,True,True,BT_0425603|EVT_0447760|PAY_0425550,BT_0425603|PAY_0425550,1.0,0.6666666666666666,audit_log|bank_transactions|gl_entries|payments,bank_transactions|payments,0.5
RCA_001323,True,True,BT_0425966|EVT_0447763|PAY_0425903,BT_0425966|PAY_0425903,1.0,0.6666666666666666,audit_log|bank_transactions|gl_entries|payments,bank_transactions|payments,0.5
RCA_001330,True,True,BT_0420783|EVT_0447770|PAY_0420776,BT_0420783|PAY_0420776,1.0,0.6666666666666666,audit_log|bank_transactions|gl_entries|payments,bank_transactions|payments,0.5
RCA_001332,True,True,BT_0423628|EVT_0447772|PAY_0423593,BT_0423628|PAY_0423593,1.0,0.6666666666666666,audit_log|bank_transactions|gl_entries|payments,bank_transactions|payments,0.5
RCA_001356,True,True,BT_0424007|EVT_0447796|PAY_0423968,BT_0424007|PAY_0423968,1.0,0.6666666666666666,audit_log|bank_transactions|gl_entries|payments,bank_transactions|payments,0.5
RCA_001358,True,True,BT_0424771|EVT_0447798|PAY_0424722,BT_0424771|PAY_0424722,1.0,0.6666666666666666,audit_log|bank_transactions|gl_entries|payments,bank_transactions|payments,0.5
RCA_001365,True,True,BT_0422061|EVT_0447805|PAY_0422043,BT_0422061|PAY_0422043,1.0,0.6666666666666666,audit_log|bank_transactions|gl_entries|payments,bank_transactions|payments,0.5
RCA_001371,True,True,BT_0422991|EVT_0447811|PAY_0422964,BT_0422991|PAY_0422964,1.0,0.6666666666666666,audit_log|bank_transactions|gl_entries|payments,bank_transactions|payments,0.5
RCA_001378,True,True,BT_0423207|EVT_0447818|PAY_0423180,BT_0423207|PAY_0423180,1.0,0.6666666666666666,audit_log|bank_transactions|gl_entries|payments,bank_transactions|payments,0.5
RCA_001380,True,True,BT_0421052|EVT_0447820|PAY_0421044,BT_0421052|PAY_0421044,1.0,0.6666666666666666,audit_log|bank_transactions|gl_entries|payments,bank_transactions|payments,0.5
RCA_001388,True,True,BT_0423559|EVT_0447828|PAY_0423524,BT_0423559|PAY_0423524,1.0,0.6666666666666666,audit_log|bank_transactions|gl_entries|payments,bank_transactions|payments,0.5
RCA_001408,True,True,BT_0425914|BT_0425972|EVT_0447848|PAY_0425851|PAY_0425909,2026-01-29|2026-02-03|BT_0425914|BT_0425972|INV_0421424|INV_0424972|INV_0426147|INV_0427375|PAY_0425851|PAY_0425851|INV_0426147|2026-02-03|PAY_0425851|INV_0427375|2026-02-03|PAY_0425909|PAY_0425909|INV_0421424|2026-01-29|PAY_0425909|INV_0424972|2026-01-29,0.2857142857142857,0.8,audit_log|bank_transactions|payment_allocations|payments,bank_transactions|invoices|payment_allocations|payments,0.75
RCA_001416,True,True,BT_0421120|BT_0423090|EVT_0447856|PAY_0421112|PAY_0423063,2025-06-09|2025-06-15|BT_0421120|BT_0423090|INV_0422532|INV_0426705|PAY_0421112|PAY_0421112|INV_0422532|2025-06-09|PAY_0423063|PAY_0423063|INV_0426705|2025-06-15,0.4,0.8,audit_log|bank_transactions|payment_allocations|payments,bank_transactions|invoices|payment_allocations|payments,0.75
RCA_001419,True,True,BT_0425917|BT_0425919|EVT_0447859|PAY_0425854|PAY_0425856,2026-06-15|BT_0425917|BT_0425919|INV_0421989|INV_0424077|INV_0424105|INV_0426378|PAY_0425854|PAY_0425854|INV_0421989|2026-06-15|PAY_0425854|INV_0424105|2026-06-15|PAY_0425856|PAY_0425856|INV_0424077|2026-06-15|PAY_0425856|INV_0426378|2026-06-15,0.3076923076923077,0.8,audit_log|bank_transactions|payment_allocations|payments,bank_transactions|invoices|payment_allocations|payments,0.75
RCA_001427,True,True,BT_0425910|BT_0425912|EVT_0447867|PAY_0425847|PAY_0425849,2026-03-08|2026-03-15|BT_0425910|BT_0425912|INV_0425355|INV_0425779|INV_0426682|INV_0427517|PAY_0425847|PAY_0425847|INV_0425779|2026-03-08|PAY_0425847|INV_0427517|2026-03-08|PAY_0425849|PAY_0425849|INV_0425355|2026-03-15|PAY_0425849|INV_0426682|2026-03-15,0.2857142857142857,0.8,audit_log|bank_transactions|payment_allocations|payments,bank_transactions|invoices|payment_allocations|payments,0.75
RCA_001429,True,True,BT_0420713|BT_0424021|EVT_0447869|PAY_0420707|PAY_0423982,2026-03-24|2026-03-31|BT_0420713|BT_0424021|INV_0426920|INV_0427202|PAY_0420707|PAY_0420707|INV_0426920|2026-03-31|PAY_0423982|PAY_0423982|INV_0427202|2026-03-24,0.4,0.8,audit_log|bank_transactions|payment_allocations|payments,bank_transactions|invoices|payment_allocations|payments,0.75
RCA_001431,True,True,BT_0425837|BT_0425857|EVT_0447871|PAY_0425774|PAY_0425794,2026-03-21|2026-03-24|BT_0425837|BT_0425857|INV_0420332|INV_0421172|INV_0421354|INV_0422478|PAY_0425774|PAY_0425774|INV_0421172|2026-03-21|PAY_0425774|INV_0421354|2026-03-21|PAY_0425794|PAY_0425794|INV_0420332|2026-03-24|PAY_0425794|INV_0422478|2026-03-24,0.2857142857142857,0.8,audit_log|bank_transactions|payment_allocations|payments,bank_transactions|invoices|payment_allocations|payments,0.75
RCA_001432,True,True,BT_0421146|BT_0424400|EVT_0447872|PAY_0421138|PAY_0424356,2025-05-12|2025-05-19|BT_0421146|BT_0424400|INV_0425305|INV_0427876|PAY_0421138|PAY_0421138|INV_0425305|2025-05-19|PAY_0424356|PAY_0424356|INV_0427876|2025-05-12,0.4,0.8,audit_log|bank_transactions|payment_allocations|payments,bank_transactions|invoices|payment_allocations|payments,0.75
RCA_001443,True,True,BT_0423373|BT_0424857|EVT_0447883|PAY_0423342|PAY_0424807,2025-12-29|2025-12-30|BT_0423373|BT_0424857|INV_0421998|INV_0422497|PAY_0423342|PAY_0423342|INV_0422497|2025-12-30|PAY_0424807|PAY_0424807|INV_0421998|2025-12-29,0.4,0.8,audit_log|bank_transactions|payment_allocations|payments,bank_transactions|invoices|payment_allocations|payments,0.75
RCA_001455,True,True,BT_0420114|BT_0420807|EVT_0447895|PAY_0420112|PAY_0420800,2025-08-11|2025-08-13|BT_0420114|BT_0420807|INV_0423012|INV_0426969|PAY_0420112|PAY_0420112|INV_0426969|2025-08-11|PAY_0420800|PAY_0420800|INV_0423012|2025-08-13,0.4,0.8,audit_log|bank_transactions|payment_allocations|payments,bank_transactions|invoices|payment_allocations|payments,0.75
RCA_001457,True,True,BT_0425923|BT_0425964|EVT_0447897|PAY_0425860|PAY_0425901,2026-06-04|2026-06-05|BT_0425923|BT_0425964|INV_0424193|INV_0424276|INV_0424429|INV_0425555|PAY_0425860|PAY_0425860|INV_0424193|2026-06-04|PAY_0425860|INV_0424429|2026-06-04|PAY_0425901|PAY_0425901|INV_0424276|2026-06-05|PAY_0425901|INV_0425555|2026-06-05,0.2857142857142857,0.8,audit_log|bank_transactions|payment_allocations|payments,bank_transactions|invoices|payment_allocations|payments,0.75
RCA_001459,True,True,BT_0424972|BT_0424974|EVT_0447899|PAY_0424922|PAY_0424924,2026-06-15|BT_0424972|BT_0424974|INV_0420608|INV_0421340|INV_0426975|INV_0427697|PAY_0424922|PAY_0424922|INV_0421340|2026-06-15|PAY_0424922|INV_0426975|2026-06-15|PAY_0424924|PAY_0424924|INV_0420608|2026-06-15|PAY_0424924|INV_0427697|2026-06-15,0.3076923076923077,0.8,audit_log|bank_transactions|payment_allocations|payments,bank_transactions|invoices|payment_allocations|payments,0.75
RCA_001462,True,True,BT_0420726|BT_0423459|EVT_0447902|PAY_0420720|PAY_0423426,2025-04-18|2025-04-24|BT_0420726|BT_0423459|INV_0420644|INV_0427560|PAY_0420720|PAY_0420720|INV_0420644|2025-04-18|PAY_0423426|PAY_0423426|INV_0427560|2025-04-24,0.4,0.8,audit_log|bank_transactions|payment_allocations|payments,bank_transactions|invoices|payment_allocations|payments,0.75
RCA_001469,True,True,BT_0420814|BT_0424376|EVT_0447909|PAY_0420807|PAY_0424334,2025-05-22|2025-05-23|BT_0420814|BT_0424376|INV_0424534|INV_0426302|PAY_0420807|PAY_0420807|INV_0426302|2025-05-23|PAY_0424334|PAY_0424334|INV_0424534|2025-05-22,0.4,0.8,audit_log|bank_transactions|payment_allocations|payments,bank_transactions|invoices|payment_allocations|payments,0.75
RCA_001472,True,True,BT_0424977|BT_0424997|EVT_0447912|PAY_0424927|PAY_0424947,2025-12-17|2025-12-23|BT_0424977|BT_0424997|INV_0422021|INV_0422514|INV_0423326|INV_0427547|PAY_0424927|PAY_0424927|INV_0423326|2025-12-23|PAY_0424927|INV_0427547|2025-12-23|PAY_0424947|PAY_0424947|INV_0422021|2025-12-17|PAY_0424947|INV_0422514|2025-12-17,0.2857142857142857,0.8,audit_log|bank_transactions|payment_allocations|payments,bank_transactions|invoices|payment_allocations|payments,0.75
RCA_001481,True,True,BT_0424981|BT_0424996|EVT_0447921|PAY_0424931|PAY_0424946,2026-06-13|2026-06-15|BT_0424981|BT_0424996|INV_0423174|INV_0424694|INV_0424852|INV_0427702|PAY_0424931|PAY_0424931|INV_0423174|2026-06-15|PAY_0424931|INV_0424694|2026-06-15|PAY_0424946|PAY_0424946|INV_0424852|2026-06-13|PAY_0424946|INV_0427702|2026-06-13,0.2857142857142857,0.8,audit_log|bank_transactions|payment_allocations|payments,bank_transactions|invoices|payment_allocations|payments,0.75
RCA_001484,True,True,BT_0423738|BT_0424283|EVT_0447924|PAY_0423702|PAY_0424242,2025-07-24|2025-07-27|BT_0423738|BT_0424283|INV_0420578|INV_0424460|PAY_0423702|PAY_0423702|INV_0420578|2025-07-27|PAY_0424242|PAY_0424242|INV_0424460|2025-07-24,0.4,0.8,audit_log|bank_transactions|payment_allocations|payments,bank_transactions|invoices|payment_allocations|payments,0.75
RCA_001486,True,True,BT_0421659|BT_0424230|EVT_0447926|PAY_0421647|PAY_0424189,2025-07-20|2025-07-23|BT_0421659|BT_0424230|INV_0423549|INV_0427616|PAY_0421647|PAY_0421647|INV_0427616|2025-07-23|PAY_0424189|PAY_0424189|INV_0423549|2025-07-20,0.4,0.8,audit_log|bank_transactions|payment_allocations|payments,bank_transactions|invoices|payment_allocations|payments,0.75
RCA_001494,True,True,BT_0425627|BT_0425632|EVT_0447934|PAY_0425573|PAY_0425578,2026-05-12|BT_0425627|BT_0425632|INV_0420926|INV_0423573|INV_0424010|INV_0426838|PAY_0425573|PAY_0425573|INV_0423573|2026-05-12|PAY_0425573|INV_0424010|2026-05-12|PAY_0425578|PAY_0425578|INV_0420926|2026-05-12|PAY_0425578|INV_0426838|2026-05-12,0.3076923076923077,0.8,audit_log|bank_transactions|payment_allocations|payments,bank_transactions|invoices|payment_allocations|payments,0.75
RCA_001497,True,True,BT_0422912|BT_0423347|EVT_0447937|PAY_0422887|PAY_0423317,2026-02-18|BT_0422912|BT_0423347|INV_0421739|INV_0424978|PAY_0422887|PAY_0422887|INV_0421739|2026-02-18|PAY_0423317|PAY_0423317|INV_0424978|2026-02-18,0.4444444444444444,0.8,audit_log|bank_transactions|payment_allocations|payments,bank_transactions|invoices|payment_allocations|payments,0.75
RCA_001498,True,True,BT_0425624|BT_0425637|EVT_0447938|PAY_0425570|PAY_0425583,2026-05-18|2026-05-21|BT_0425624|BT_0425637|INV_0423735|INV_0423964|INV_0424989|INV_0427131|PAY_0425570|PAY_0425570|INV_0423735|2026-05-18|PAY_0425570|INV_0427131|2026-05-18|PAY_0425583|PAY_0425583|INV_0423964|2026-05-21|PAY_0425583|INV_0424989|2026-05-21,0.2857142857142857,0.8,audit_log|bank_transactions|payment_allocations|payments,bank_transactions|invoices|payment_allocations|payments,0.75
RCA_001504,False,,BT_0420027|PAY_0420026,CHG_0420126|PAY_0420026|VND_042171,0.3333333333333333,0.5,bank_transactions|payments,payments|vendor_change_log|vendors,0.5
RCA_001509,False,True,PAY_0422448,2026-03-27|INV_0424349|PAY_0422447|PAY_0422447|INV_0424349|2026-03-27,0.0,0.0,bank_transactions|payment_allocations|payments,invoices|payment_allocations|payments,0.6666666666666666
RCA_001510,False,,BT_0422953|JE_0434264|PAY_0422927,PAY_0422927,1.0,0.3333333333333333,bank_transactions|gl_entries|payments,payments,0.3333333333333333
RCA_001512,True,,EVT_0447941|INV_0426286|JE_0434266,INV_0426286,1.0,0.3333333333333333,audit_log|gl_entries|invoices|payments,invoices,0.25
RCA_001521,True,,INV_0422607|PO_0424683,INV_0422607|PO_0424683,1.0,1.0,invoice_lines|invoices|po_lines|purchase_orders,invoices|purchase_orders,0.5
RCA_001543,True,,INVL_0438205|INV_0424037|INV_0428103|JE_0434275,INV_0428103,1.0,0.25,gl_entries|invoice_lines|invoices,invoices,0.3333333333333333
RCA_001550,True,,BT_0425911|INV_0422479|INV_0426928|PAY_0425848,2026-05-11|BT_0425911|CHG_0420078|INV_0422479|JEL_0465369|JEL_0465370|PAY_0425848|PAY_0425848|INV_0422479|2026-05-11|PO_0421982|VND_042100,0.3,0.75,bank_transactions|invoices|payment_allocations|payments,bank_transactions|gl_entries|invoices|payment_allocations|payments|purchase_orders|vendor_change_log|vendors,1.0
RCA_001557,False,,PAY_0422486,INV_0426417|PAY_0422486,0.5,1.0,bank_transactions|payment_allocations|payments,invoices|payments,0.3333333333333333
RCA_001573,False,,PAY_0422127,INV_0421084|PAY_0422127,0.5,1.0,bank_transactions|payment_allocations|payments,invoices|payments,0.3333333333333333
RCA_001584,False,True,BT_0424503|PAY_0424456,BT_0424502|CHG_0420064|PAY_0424455|VND_042282,0.0,0.0,bank_transactions|payments,bank_transactions|payments|vendor_change_log|vendors,1.0
RCA_001585,True,,INV_0421256|PO_0422832,INV_0421256|PO_0422832,1.0,1.0,invoice_lines|invoices|po_lines|purchase_orders,invoices|purchase_orders,0.5
RCA_001586,True,,BT_0420314|PAY_0420312,2026-04-15|BT_0420314|INV_0423910|JEL_0454297|JEL_0454298|PAY_0420312|PAY_0420312|INV_0423910|2026-04-15|PO_0424241|VND_042354,0.2222222222222222,1.0,bank_transactions|payments,bank_transactions|gl_entries|invoices|payment_allocations|payments|purchase_orders|vendors,1.0
RCA_001587,False,,BT_0422760|JE_0434024|PAY_0422736,PAY_0422736|PAY_0422737,0.5,0.3333333333333333,bank_transactions|gl_entries|payments,payments,0.3333333333333333
RCA_001588,True,,BT_0424174|INV_0423084|PAY_0424134,2026-02-18|BT_0424174|INV_0423084|JEL_0461941|JEL_0461942|PAY_0424134|PAY_0424134|INV_0423084|2026-02-18|PO_0421608|VND_042442,0.3333333333333333,1.0,approval_events|bank_transactions|invoices|payments,bank_transactions|gl_entries|invoices|payment_allocations|payments|purchase_orders|vendors,0.75
RCA_001594,False,,BT_0425621|EVT_0447952|JE_0434293|PAY_0425567,PAY_0425567,1.0,0.25,audit_log|bank_transactions|gl_entries|payments,payments,0.25
RCA_001611,True,,CHG_0420147|INV_0421568|VND_042049,2025-10-21|BT_0425836|INV_0421568|JEL_0465219|JEL_0465220|PAY_0425773|PAY_0425773|INV_0421568|2025-10-21|PO_0421038|VND_042049,0.2222222222222222,0.6666666666666666,invoices|vendor_change_log|vendors,bank_transactions|gl_entries|invoices|payment_allocations|payments|purchase_orders|vendors,0.6666666666666666
RCA_001612,True,,INVL_0433945|INV_0426193|JE_0426193,2025-11-17|BT_0423769|INV_0426193|JEL_0461139|JEL_0461140|PAY_0423733|PAY_0423733|INV_0426193|2025-11-17|VND_042139,0.125,0.3333333333333333,gl_entries|invoice_lines|invoices,bank_transactions|gl_entries|invoices|payment_allocations|payments|vendors,0.6666666666666666
RCA_001613,True,,INV_0423700|PO_0422509,2025-11-02|2025-11-05|BT_0421191|INV_0423700|JEL_0456039|JEL_0456040|PAY_0421183|PAY_0421183|INV_0423700|2025-11-02|PAY_0421184|PAY_0421184|INV_0423700|2025-11-05|PO_0422509|VND_042007,0.16666666666666666,1.0,invoice_lines|invoices|po_lines|purchase_orders,bank_transactions|gl_entries|invoices|payment_allocations|payments|purchase_orders|vendors,0.5
RCA_001623,True,,INVL_0438220|INV_0426520|INV_0428108|JE_0434300,INV_0428108,1.0,0.25,gl_entries|invoice_lines|invoices,invoices,0.3333333333333333
RCA_001624,True,,EVT_0447955|INV_0423742|JE_0434301,INV_0423742,1.0,0.3333333333333333,audit_log|gl_entries|invoices|payments,invoices,0.25
RCA_001625,False,,BT_0424548|BT_0426371|JE_0434302|PAY_0424501,PAY_0424501,1.0,0.25,bank_transactions|gl_entries|invoices|payment_allocations|payments,payments,0.2
RCA_001629,False,True,INV_0422890|PO_0422786,JEL_0458519|JEL_0458520|PAY_0422423,0.0,0.0,invoice_lines|invoices|po_lines|purchase_orders,gl_entries|payments,0.0
RCA_001633,True,,INV_0424876|PO_0421418,INV_0424876|PO_0421418,1.0,1.0,invoice_lines|invoices|po_lines|purchase_orders,invoices|purchase_orders,0.5
RCA_001636,True,,BT_0423982|INV_0420684|PAY_0423943,2025-03-23|BT_0423982|INV_0420684|JEL_0461559|JEL_0461560|PAY_0423943|PAY_0423943|INV_0420684|2025-03-23|PO_0421547|VND_042276,0.3333333333333333,1.0,approval_events|bank_transactions|invoices|payments,bank_transactions|gl_entries|invoices|payment_allocations|payments|purchase_orders|vendors,0.75
RCA_001640,True,,EVT_0447957|INV_0423740|JE_0434306,INV_0423740,1.0,0.3333333333333333,audit_log|gl_entries|invoices|payments,invoices,0.25
RCA_001644,False,,INVL_0430956|INV_0424882|JE_0424882,CHG_0420113|PAY_0423389|VND_042252,0.0,0.0,gl_entries|invoice_lines|invoices,payments|vendor_change_log|vendors,0.0
RCA_001650,True,,BT_0421160|PAY_0421152,2025-12-21|BT_0421160|INV_0422124|JEL_0455977|JEL_0455978|PAY_0421152|PAY_0421152|INV_0422124|2025-12-21|PO_0424094|VND_042163,0.2222222222222222,1.0,bank_transactions|payments,bank_transactions|gl_entries|invoices|payment_allocations|payments|purchase_orders|vendors,1.0
RCA_001651,False,,BT_0421844|JE_0434016|PAY_0421828,PAY_0421828,1.0,0.3333333333333333,bank_transactions|gl_entries|payments,payments,0.3333333333333333
RCA_001656,True,,EVT_0447959|INV_0426128|JE_0434311,INV_0426128,1.0,0.3333333333333333,audit_log|gl_entries|invoices|payments,invoices,0.25
RCA_001657,False,,BT_0425010|BT_0426373|JE_0434312|PAY_0424960,PAY_0424960,1.0,0.25,bank_transactions|gl_entries|invoices|payment_allocations|payments,payments,0.2
RCA_001658,False,,BT_0425615|EVT_0447960|JE_0434313|PAY_0425561,PAY_0425561,1.0,0.25,audit_log|bank_transactions|gl_entries|payments,payments,0.25
RCA_001661,True,,INV_0421470|PO_0424337,2026-06-15|BT_0423002|INV_0421470|JEL_0459623|JEL_0459624|PAY_0422975|PAY_0422975|INV_0421470|2026-06-15|PAY_0422976|PAY_0422976|INV_0421470|2026-06-15|PO_0424337|VND_042054,0.18181818181818182,1.0,invoice_lines|invoices|po_lines|purchase_orders,bank_transactions|gl_entries|invoices|payment_allocations|payments|purchase_orders|vendors,0.5
RCA_001667,False,,BT_0421293|JE_0434010|PAY_0421283,PAY_0421283|PAY_0421284,0.5,0.3333333333333333,bank_transactions|gl_entries|payments,payments,0.3333333333333333
RCA_001668,True,,BT_0420013|INV_0427877|PAY_0420013,2025-12-12|2025-12-15|BT_0420013|INV_0427877|JEL_0453699|JEL_0453700|PAY_0420013|PAY_0420013|INV_0427877|2025-12-12|PAY_0420014|PAY_0420014|INV_0427877|2025-12-15|VND_042075,0.2727272727272727,1.0,approval_events|bank_transactions|invoices|payments,bank_transactions|gl_entries|invoices|payment_allocations|payments|vendors,0.75
RCA_001675,True,,CHG_0420151|INV_0421591|VND_042189,2026-02-14|BT_0423528|INV_0421591|JEL_0460661|JEL_0460662|PAY_0423494|PAY_0423494|INV_0421591|2026-02-14|PO_0423176|VND_042189,0.2222222222222222,0.6666666666666666,invoices|vendor_change_log|vendors,bank_transactions|gl_entries|invoices|payment_allocations|payments|purchase_orders|vendors,0.6666666666666666
RCA_001677,False,True,INV_0424077|PO_0422253,2026-06-15|BT_0425917|BT_0425919|INV_0421989|INV_0424077|INV_0424105|INV_0426378|PAY_0425854|PAY_0425854|INV_0421989|2026-06-15|PAY_0425854|INV_0424105|2026-06-15|PAY_0425856|PAY_0425856|INV_0424077|2026-06-15|PAY_0425856|INV_0426378|2026-06-15,0.07692307692307693,0.5,invoice_lines|invoices|po_lines|purchase_orders,bank_transactions|invoices|payment_allocations|payments,0.25
RCA_001685,False,True,PAY_0422618,2025-06-07|INV_0427290|PAY_0422617|PAY_0422617|INV_0427290|2025-06-07,0.0,0.0,bank_transactions|payment_allocations|payments,invoices|payment_allocations|payments,0.6666666666666666
RCA_001687,True,,INVL_0438224|INV_0425625|INV_0428112|JE_0434320,INV_0428112,1.0,0.25,gl_entries|invoice_lines|invoices,invoices,0.3333333333333333
RCA_001689,False,,BT_0424639|BT_0426375|JE_0434322|PAY_0424590,PAY_0424589|PAY_0424590,0.5,0.25,bank_transactions|gl_entries|invoices|payment_allocations|payments,payments,0.2
RCA_001695,True,,BT_0420927|BT_0420928|INV_0425721|PAY_0420920|PAY_0420921,2026-06-15|BT_0420927|INV_0425721|JEL_0455513|JEL_0455514|PAY_0420920|PAY_0420920|INV_0425721|2026-06-15|PAY_0420921|PAY_0420921|INV_0425721|2026-06-15|VND_042311,0.4,0.8,bank_transactions|invoices|payment_allocations|payments,bank_transactions|gl_entries|invoices|payment_allocations|payments|vendors,1.0
RCA_001699,False,,BT_0425613|JE_0434054|PAY_0425559,PAY_0425559,1.0,0.3333333333333333,bank_transactions|gl_entries|payments,payments,0.3333333333333333
RCA_001707,False,,CHG_0420153|INV_0426491|VND_042100,CHG_0420070|PAY_0425878|VND_042100,0.3333333333333333,0.3333333333333333,invoices|vendor_change_log|vendors,payments|vendor_change_log|vendors,0.6666666666666666
RCA_001709,False,True,INV_0424159|PO_0423797,BT_0425019|CHG_0420046|PAY_0424969|VND_042097,0.0,0.0,invoice_lines|invoices|po_lines|purchase_orders,bank_transactions|payments|vendor_change_log|vendors,0.0
RCA_001720,True,,EVT_0447967|INV_0421986|JE_0434331,INV_0421986,1.0,0.3333333333333333,audit_log|gl_entries|invoices|payments,invoices,0.25
RCA_001729,True,,INV_0424513|PO_0421293,INV_0424513|PO_0421293,1.0,1.0,invoice_lines|invoices|po_lines|purchase_orders,invoices|purchase_orders,0.5
RCA_001730,True,,BT_0421678|PAY_0421666,2025-09-22|BT_0421678|CHG_0420053|INV_0423629|JEL_0457005|JEL_0457006|PAY_0421666|PAY_0421666|INV_0423629|2025-09-22|PO_0423298|VND_042425,0.2,1.0,bank_transactions|payments,bank_transactions|gl_entries|invoices|payment_allocations|payments|purchase_orders|vendor_change_log|vendors,1.0
RCA_001748,True,,BT_0423913|INV_0421083|PAY_0423875,2026-02-07|BT_0423913|INV_0421083|JEL_0461423|JEL_0461424|PAY_0423875|PAY_0423875|INV_0421083|2026-02-07|PO_0423741|VND_042417,0.3333333333333333,1.0,approval_events|bank_transactions|invoices|payments,bank_transactions|gl_entries|invoices|payment_allocations|payments|purchase_orders|vendors,0.75
RCA_001754,False,,BT_0423711|EVT_0447972|JE_0434343|PAY_0423676,PAY_0423676,1.0,0.25,audit_log|bank_transactions|gl_entries|payments,payments,0.25
RCA_001757,True,,INV_0423660|PO_0421167,INV_0423660|PO_0421167,1.0,1.0,invoice_lines|invoices|po_lines|purchase_orders,invoices|purchase_orders,0.5
RCA_001761,True,,INV_0424258|PO_0424317,INV_0424258|PO_0424317,1.0,1.0,invoice_lines|invoices|po_lines|purchase_orders,invoices|purchase_orders,0.5
RCA_001762,True,,BT_0423635|PAY_0423600,2026-02-11|BT_0423635|CHG_0420053|INV_0423076|JEL_0460873|JEL_0460874|PAY_0423600|PAY_0423600|INV_0423076|2026-02-11|PO_0421243|VND_042425,0.2,1.0,bank_transactions|payments,bank_transactions|gl_entries|invoices|payment_allocations|payments|purchase_orders|vendor_change_log|vendors,1.0
RCA_001765,False,True,PAY_0420693,2025-09-22|2026-06-29|APR_0432522|INV_0425715|PAY_0420692|PAY_0420692|INV_0425715|2025-09-22|PAY_0420693|PAY_0420693|INV_0425715|2026-06-29,0.125,1.0,bank_transactions|payment_allocations|payments,approval_events|invoices|payment_allocations|payments,0.6666666666666666
RCA_001770,False,,BT_0423240|EVT_0447974|JE_0434348|PAY_0423212,PAY_0423211|PAY_0423212,0.5,0.25,audit_log|bank_transactions|gl_entries|payments,payments,0.25
RCA_001783,True,,INVL_0438237|INV_0421062|INV_0428118|JE_0434350,INV_0428118,1.0,0.25,gl_entries|invoice_lines|invoices,invoices,0.3333333333333333
RCA_001785,False,,BT_0423507|BT_0426381|JE_0434352|PAY_0423473,PAY_0423473|PAY_0423474,0.5,0.25,bank_transactions|gl_entries|invoices|payment_allocations|payments,payments,0.2
RCA_001798,False,,BT_0424910|JE_0434354|PAY_0424860,PAY_0424860|PAY_0424861,0.5,0.3333333333333333,bank_transactions|gl_entries|payments,payments,0.3333333333333333
RCA_001803,True,,CHG_0420159|INV_0421743|VND_042280,2026-02-20|BT_0421483|INV_0421743|JEL_0456615|JEL_0456616|PAY_0421471|PAY_0421471|INV_0421743|2026-02-20|PO_0423029|VND_042280,0.2222222222222222,0.6666666666666666,invoices|vendor_change_log|vendors,bank_transactions|gl_entries|invoices|payment_allocations|payments|purchase_orders|vendors,0.6666666666666666
RCA_001806,True,,BT_0425611|INV_0420676|INV_0427780|PAY_0425558,2025-06-21|BT_0425611|CHG_0420087|INV_0420676|JEL_0464789|JEL_0464790|PAY_0425558|PAY_0425558|INV_0420676|2025-06-21|PO_0420240|VND_042479,0.3,0.75,bank_transactions|invoices|payment_allocations|payments,bank_transactions|gl_entries|invoices|payment_allocations|payments|purchase_orders|vendor_change_log|vendors,1.0
RCA_001811,False,,BT_0424368|JE_0434042|PAY_0424326,PAY_0424325|PAY_0424326,0.5,0.3333333333333333,bank_transactions|gl_entries|payments,payments,0.3333333333333333
RCA_001814,False,,BT_0422883|JE_0434359|PAY_0422859,PAY_0422859,1.0,0.3333333333333333,bank_transactions|gl_entries|payments,payments,0.3333333333333333
RCA_001816,True,,EVT_0447979|INV_0427487|JE_0434361,INV_0427487,1.0,0.3333333333333333,audit_log|gl_entries|invoices|payments,invoices,0.25
RCA_001822,True,,BT_0425991|INV_0424117|INV_0426023|PAY_0425928,2025-06-15|BT_0425991|INV_0424117|JEL_0465529|JEL_0465530|PAY_0425928|PAY_0425928|INV_0424117|2025-06-15|PO_0420264|VND_042019,0.3333333333333333,0.75,bank_transactions|invoices|payment_allocations|payments,bank_transactions|gl_entries|invoices|payment_allocations|payments|purchase_orders|vendors,1.0
RCA_001823,True,,BT_0421461|BT_0421462|INV_0427567|PAY_0421449|PAY_0421450,2025-08-13|2025-08-16|BT_0421461|INV_0427567|JEL_0456571|JEL_0456572|PAY_0421449|PAY_0421449|INV_0427567|2025-08-13|PAY_0421450|PAY_0421450|INV_0427567|2025-08-16|VND_042061,0.36363636363636365,0.8,bank_transactions|invoices|payment_allocations|payments,bank_transactions|gl_entries|invoices|payment_allocations|payments|vendors,1.0
RCA_001827,False,,BT_0420564|JE_0434005|PAY_0420559,PAY_0420559,1.0,0.3333333333333333,bank_transactions|gl_entries|payments,payments,0.3333333333333333
RCA_001829,False,,PAY_0422722,INV_0421680|PAY_0422722,0.5,1.0,bank_transactions|payment_allocations|payments,invoices|payments,0.3333333333333333
RCA_001832,True,,EVT_0447981|INV_0427442|JE_0434366,INV_0427442,1.0,0.3333333333333333,audit_log|gl_entries|invoices|payments,invoices,0.25
RCA_001838,True,,BT_0425584|INV_0423725|INV_0427109|PAY_0425531,2025-08-03|BT_0425584|INV_0423725|JEL_0464735|JEL_0464736|PAY_0425531|PAY_0425531|INV_0423725|2025-08-03|PO_0420678|VND_042262,0.3333333333333333,0.75,bank_transactions|invoices|payment_allocations|payments,bank_transactions|gl_entries|invoices|payment_allocations|payments|purchase_orders|vendors,1.0
RCA_001839,False,,BT_0423851|BT_0423852|INV_0423030|PAY_0423814|PAY_0423815,CHG_0420050|PAY_0423814|VND_042464,0.3333333333333333,0.2,bank_transactions|invoices|payment_allocations|payments,payments|vendor_change_log|vendors,0.25
RCA_001840,True,,BT_0422756|PAY_0422733,2026-03-10|2026-03-13|BT_0422755|INV_0425959|JEL_0459137|JEL_0459138|PAY_0422732|PAY_0422732|INV_0425959|2026-03-10|PAY_0422733|PAY_0422733|INV_0425959|2026-03-13|VND_042008,0.09090909090909091,0.5,bank_transactions|payments,bank_transactions|gl_entries|invoices|payment_allocations|payments|vendors,1.0
RCA_001846,False,,BT_0420076|JE_0434369|PAY_0420074,PAY_0420074|PAY_0420075,0.5,0.3333333333333333,bank_transactions|gl_entries|payments,payments,0.3333333333333333
RCA_001848,True,,EVT_0447983|INV_0425382|JE_0434371,INV_0425382,1.0,0.3333333333333333,audit_log|gl_entries|invoices|payments,invoices,0.25
RCA_001850,False,,BT_0421917|EVT_0447984|JE_0434373|PAY_0421900,PAY_0421900,1.0,0.25,audit_log|bank_transactions|gl_entries|payments,payments,0.25
RCA_001856,False,,BT_0424994|PAY_0424944,CHG_0420046|PAY_0424944|VND_042097,0.3333333333333333,0.5,bank_transactions|payments,payments|vendor_change_log|vendors,0.5
RCA_001862,False,,BT_0421711|JE_0434374|PAY_0421698,CHG_0420089|PAY_0421698|VND_042248,0.3333333333333333,0.3333333333333333,bank_transactions|gl_entries|payments,payments|vendor_change_log|vendors,0.3333333333333333
RCA_001865,False,,BT_0422920|BT_0426386|JE_0434377|PAY_0422895,PAY_0422895|PAY_0422896,0.5,0.25,bank_transactions|gl_entries|invoices|payment_allocations|payments,payments,0.2
RCA_001868,True,,INVL_0433237|INV_0425886|JE_0425886,2025-05-25|BT_0423668|INV_0425886|JEL_0460939|JEL_0460940|PAY_0423633|PAY_0423633|INV_0425886|2025-05-25|VND_042416,0.125,0.3333333333333333,gl_entries|invoice_lines|invoices,bank_transactions|gl_entries|invoices|payment_allocations|payments|vendors,0.6666666666666666
RCA_001881,False,,BT_0422995|BT_0426387|JE_0434382|PAY_0422968,CHG_0420089|PAY_0422968|VND_042248,0.3333333333333333,0.25,bank_transactions|gl_entries|invoices|payment_allocations|payments,payments|vendor_change_log|vendors,0.2
RCA_001894,False,,BT_0425983|JE_0434384|PAY_0425920,PAY_0425920,1.0,0.3333333333333333,bank_transactions|gl_entries|payments,payments,0.3333333333333333
RCA_001897,False,,BT_0423888|BT_0426388|JE_0434387|PAY_0423851,CHG_0420089|PAY_0423850|PAY_0423851|VND_042248,0.25,0.25,bank_transactions|gl_entries|invoices|payment_allocations|payments,payments|vendor_change_log|vendors,0.2
RCA_001910,False,,BT_0423479|JE_0434389|PAY_0423446,PAY_0423446,1.0,0.3333333333333333,bank_transactions|gl_entries|payments,payments,0.3333333333333333
RCA_001913,False,,BT_0425908|BT_0426389|JE_0434392|PAY_0425845,PAY_0425845,1.0,0.25,bank_transactions|gl_entries|invoices|payment_allocations|payments,payments,0.2
RCA_001914,False,,BT_0424929|EVT_0447992|JE_0434393|PAY_0424879,PAY_0424878|PAY_0424879,0.5,0.25,audit_log|bank_transactions|gl_entries|payments,payments,0.25
RCA_001916,True,,INVL_0424046|INV_0421794|JE_0421794,2026-03-12|BT_0421622|INV_0421794|JEL_0456893|JEL_0456894|PAY_0421610|PAY_0421610|INV_0421794|2026-03-12|PO_0420563|VND_042135,0.1111111111111111,0.3333333333333333,gl_entries|invoice_lines|invoices,bank_transactions|gl_entries|invoices|payment_allocations|payments|purchase_orders|vendors,0.6666666666666666
RCA_001917,True,,INV_0423634|PO_0423237,INV_0423634|PO_0423237,1.0,1.0,invoice_lines|invoices|po_lines|purchase_orders,invoices|purchase_orders,0.5
RCA_001918,True,,BT_0424990|INV_0422782|INV_0424952|PAY_0424940,2026-06-15|BT_0424990|CHG_0420046|INV_0422782|JEL_0463553|JEL_0463554|PAY_0424940|PAY_0424940|INV_0422782|2026-06-15|PO_0421290|VND_042097,0.3,0.75,bank_transactions|invoices|payment_allocations|payments,bank_transactions|gl_entries|invoices|payment_allocations|payments|purchase_orders|vendor_change_log|vendors,1.0
RCA_001924,True,,BT_0422486|INV_0420830|PAY_0422465,2025-12-03|2025-12-06|BT_0422486|INV_0420830|JEL_0458603|JEL_0458604|PAY_0422465|PAY_0422465|INV_0420830|2025-12-03|PAY_0422466|PAY_0422466|INV_0420830|2025-12-06|PO_0421104|VND_042184,0.25,1.0,approval_events|bank_transactions|invoices|payments,bank_transactions|gl_entries|invoices|payment_allocations|payments|purchase_orders|vendors,0.75
RCA_001931,True,,CHG_0420167|INV_0426225|VND_042333,2025-07-10|2025-07-13|BT_0422261|INV_0426225|JEL_0458157|JEL_0458158|PAY_0422242|PAY_0422242|INV_0426225|2025-07-10|PAY_0422243|PAY_0422243|INV_0426225|2025-07-13|VND_042333,0.18181818181818182,0.6666666666666666,invoices|vendor_change_log|vendors,bank_transactions|gl_entries|invoices|payment_allocations|payments|vendors,0.6666666666666666
RCA_001934,True,,BT_0425840|INV_0420571|INV_0426714|PAY_0425777,2026-04-28|BT_0425840|INV_0420571|JEL_0465227|JEL_0465228|PAY_0425777|PAY_0425777|INV_0420571|2026-04-28|PO_0424725|VND_042049,0.3333333333333333,0.75,bank_transactions|invoices|payment_allocations|payments,bank_transactions|gl_entries|invoices|payment_allocations|payments|purchase_orders|vendors,1.0
RCA_001938,True,,BT_0424102|PAY_0424062,2025-11-03|2025-11-06|BT_0424101|INV_0427535|JEL_0461795|JEL_0461796|PAY_0424061|PAY_0424061|INV_0427535|2025-11-03|PAY_0424062|PAY_0424062|INV_0427535|2025-11-06|VND_042408,0.09090909090909091,0.5,bank_transactions|payments,bank_transactions|gl_entries|invoices|payment_allocations|payments|vendors,1.0
RCA_001942,False,,BT_0424128|JE_0434399|PAY_0424088,CHG_0420060|PAY_0424087|PAY_0424088|VND_042127,0.25,0.3333333333333333,bank_transactions|gl_entries|payments,payments|vendor_change_log|vendors,0.3333333333333333
RCA_001950,True,,BT_0425947|INV_0421279|INV_0422018|PAY_0425884,2026-06-06|BT_0425947|CHG_0420078|INV_0421279|JEL_0465441|JEL_0465442|PAY_0425884|PAY_0425884|INV_0421279|2026-06-06|PO_0422219|VND_042100,0.3,0.75,bank_transactions|invoices|payment_allocations|payments,bank_transactions|gl_entries|invoices|payment_allocations|payments|purchase_orders|vendor_change_log|vendors,1.0
RCA_001956,True,,BT_0425956|INV_0423901|PAY_0425893,2025-08-28|BT_0425956|CHG_0420078|INV_0423901|JEL_0465459|JEL_0465460|PAY_0425893|PAY_0425893|INV_0423901|2025-08-28|PO_0424221|VND_042100,0.3,1.0,approval_events|bank_transactions|invoices|payments,bank_transactions|gl_entries|invoices|payment_allocations|payments|purchase_orders|vendor_change_log|vendors,0.75
RCA_001965,True,,INV_0424503|PO_0423295,2025-08-02|BT_0425575|INV_0424503|JEL_0464717|JEL_0464718|PAY_0425522|PAY_0425522|INV_0424503|2025-08-02|PO_0423295|VND_042262,0.2222222222222222,1.0,invoice_lines|invoices|po_lines|purchase_orders,bank_transactions|gl_entries|invoices|payment_allocations|payments|purchase_orders|vendors,0.5
RCA_001970,True,,BT_0422149|PAY_0422131,2025-08-31|2025-09-03|BT_0422148|INV_0421646|JEL_0457933|JEL_0457934|PAY_0422130|PAY_0422130|INV_0421646|2025-08-31|PAY_0422131|PAY_0422131|INV_0421646|2025-09-03|PO_0422861|VND_042037,0.08333333333333333,0.5,bank_transactions|payments,bank_transactions|gl_entries|invoices|payment_allocations|payments|purchase_orders|vendors,1.0
RCA_001972,True,,BT_0425626|INV_0423344|PAY_0425572,2026-01-08|BT_0425626|CHG_0420087|INV_0423344|JEL_0464817|JEL_0464818|PAY_0425572|PAY_0425572|INV_0423344|2026-01-08|PO_0421900|VND_042479,0.3,1.0,approval_events|bank_transactions|invoices|payments,bank_transactions|gl_entries|invoices|payment_allocations|payments|purchase_orders|vendor_change_log|vendors,0.75
RCA_001974,False,,BT_0423512|JE_0434409|PAY_0423478,CHG_0420060|PAY_0423477|PAY_0423478|VND_042127,0.25,0.3333333333333333,bank_transactions|gl_entries|payments,payments|vendor_change_log|vendors,0.3333333333333333
RCA_001979,True,,CHG_0420170|INV_0421555|VND_042135,2025-04-03|BT_0422366|INV_0421555|JEL_0458365|JEL_0458366|PAY_0422346|PAY_0422346|INV_0421555|2025-04-03|PO_0423401|VND_042135,0.2222222222222222,0.6666666666666666,invoices|vendor_change_log|vendors,bank_transactions|gl_entries|invoices|payment_allocations|payments|purchase_orders|vendors,0.6666666666666666
RCA_001986,True,,BT_0424335|PAY_0424294,2026-06-09|BT_0424335|CHG_0420005|INV_0422663|JEL_0462261|JEL_0462262|PAY_0424294|PAY_0424294|INV_0422663|2026-06-09|PO_0420957|VND_042332,0.2,1.0,bank_transactions|payments,bank_transactions|gl_entries|invoices|payment_allocations|payments|purchase_orders|vendor_change_log|vendors,1.0
RCA_001995,False,,CHG_0420171|INV_0425596|VND_042488,PAY_0424517|PAY_0424518,0.0,0.0,invoices|vendor_change_log|vendors,payments,0.0
RCA_001998,True,,BT_0425847|INV_0425018|INV_0427617|PAY_0425784,2026-02-14|BT_0425847|INV_0425018|JEL_0465241|JEL_0465242|PAY_0425784|PAY_0425784|INV_0425018|2026-02-14|VND_042049,0.375,0.75,bank_transactions|invoices|payment_allocations|payments,bank_transactions|gl_entries|invoices|payment_allocations|payments|vendors,1.0
RCA_002002,True,,BT_0424794|PAY_0424745,2026-02-27|BT_0424794|INV_0421685|JEL_0463163|JEL_0463164|PAY_0424745|PAY_0424745|INV_0421685|2026-02-27|PO_0424067|VND_042037,0.2222222222222222,1.0,bank_transactions|payments,bank_transactions|gl_entries|invoices|payment_allocations|payments|purchase_orders|vendors,1.0
RCA_002003,False,,BT_0424418|JE_0434045|PAY_0424373,PAY_0424373,1.0,0.3333333333333333,bank_transactions|gl_entries|payments,payments,0.3333333333333333
RCA_002005,False,True,PAY_0421083,2025-12-22|INV_0425716|PAY_0421082|PAY_0421082|INV_0425716|2025-12-22,0.0,0.0,bank_transactions|payment_allocations|payments,invoices|payment_allocations|payments,0.6666666666666666
RCA_002007,True,,INVL_0438266|INV_0423062|INV_0428132|JE_0434420,INV_0428132,1.0,0.25,gl_entries|invoice_lines|invoices,invoices,0.3333333333333333
RCA_002008,True,,EVT_0448003|INV_0426055|JE_0434421,INV_0426055,1.0,0.3333333333333333,audit_log|gl_entries|invoices|payments,invoices,0.25
RCA_002012,True,,INVL_0420311|INV_0420138|JE_0420138,2025-04-12|2025-04-15|BT_0421717|INV_0420138|JEL_0457081|JEL_0457082|PAY_0421704|PAY_0421704|INV_0420138|2025-04-12|PAY_0421705|PAY_0421705|INV_0420138|2025-04-15|PO_0422608|VND_042469,0.08333333333333333,0.3333333333333333,gl_entries|invoice_lines|invoices,bank_transactions|gl_entries|invoices|payment_allocations|payments|purchase_orders|vendors,0.6666666666666666
RCA_002018,True,,BT_0420790|PAY_0420783,2025-04-10|BT_0420790|INV_0427112|JEL_0455239|JEL_0455240|PAY_0420783|PAY_0420783|INV_0427112|2025-04-10|VND_042163,0.25,1.0,bank_transactions|payments,bank_transactions|gl_entries|invoices|payment_allocations|payments|vendors,1.0
RCA_002023,True,,INVL_0438267|INV_0426253|INV_0428133|JE_0434425,INV_0428133,1.0,0.25,gl_entries|invoice_lines|invoices,invoices,0.3333333333333333
RCA_002030,True,,BT_0425930|INV_0422358|INV_0427933|PAY_0425867,2026-02-09|BT_0425930|CHG_0420078|INV_0422358|JEL_0465407|JEL_0465408|PAY_0425867|PAY_0425867|INV_0422358|2026-02-09|PO_0420429|VND_042100,0.3,0.75,bank_transactions|invoices|payment_allocations|payments,bank_transactions|gl_entries|invoices|payment_allocations|payments|purchase_orders|vendor_change_log|vendors,1.0
RCA_002033,True,,INV_0422631|PO_0421326,INV_0422631|PO_0421326,1.0,1.0,invoice_lines|invoices|po_lines|purchase_orders,invoices|purchase_orders,0.5
RCA_002036,True,,BT_0425628|INV_0422346|PAY_0425574,2025-05-10|BT_0425628|CHG_0420087|INV_0422346|JEL_0464821|JEL_0464822|PAY_0425574|PAY_0425574|INV_0422346|2025-05-10|PO_0421511|VND_042479,0.3,1.0,approval_events|bank_transactions|invoices|payments,bank_transactions|gl_entries|invoices|payment_allocations|payments|purchase_orders|vendor_change_log|vendors,0.75
RCA_002039,True,,INVL_0438269|INV_0423525|INV_0428134|JE_0434430,INV_0428134,1.0,0.25,gl_entries|invoice_lines|invoices,invoices,0.3333333333333333
RCA_002040,True,,EVT_0448007|INV_0423645|JE_0434431,INV_0423645,1.0,0.3333333333333333,audit_log|gl_entries|invoices|payments,invoices,0.25
RCA_002051,False,,BT_0422900|JE_0434025|PAY_0422875,PAY_0422875,1.0,0.3333333333333333,bank_transactions|gl_entries|payments,payments,0.3333333333333333
RCA_002065,True,,INV_0424885|PO_0424085,INV_0424885|PO_0424085,1.0,1.0,invoice_lines|invoices|po_lines|purchase_orders,invoices|purchase_orders,0.5
RCA_002066,True,,BT_0424658|PAY_0424609,2025-03-03|BT_0424658|INV_0427862|JEL_0462891|JEL_0462892|PAY_0424609|PAY_0424609|INV_0427862|2025-03-03|VND_042460,0.25,1.0,bank_transactions|payments,bank_transactions|gl_entries|invoices|payment_allocations|payments|vendors,1.0
RCA_002074,False,,BT_0422599|EVT_0448012|JE_0434443|PAY_0422576,PAY_0422576,1.0,0.25,audit_log|bank_transactions|gl_entries|payments,payments,0.25
RCA_002075,True,,CHG_0420176|INV_0426395|VND_042324,2025-10-21|BT_0421934|INV_0426395|JEL_0457507|JEL_0457508|PAY_0421917|PAY_0421917|INV_0426395|2025-10-21|VND_042324,0.25,0.6666666666666666,invoices|vendor_change_log|vendors,bank_transactions|gl_entries|invoices|payment_allocations|payments|vendors,0.6666666666666666
RCA_002078,True,,BT_0425968|INV_0422952|INV_0426523|PAY_0425905,2026-03-30|BT_0425968|CHG_0420078|INV_0422952|JEL_0465483|JEL_0465484|PAY_0425905|PAY_0425905|INV_0422952|2026-03-30|PO_0421507|VND_042100,0.3,0.75,bank_transactions|invoices|payment_allocations|payments,bank_transactions|gl_entries|invoices|payment_allocations|payments|purchase_orders|vendor_change_log|vendors,1.0
RCA_002086,False,,BT_0422512|JE_0434444|PAY_0422491,PAY_0422490|PAY_0422491,0.5,0.3333333333333333,bank_transactions|gl_entries|payments,payments,0.3333333333333333
RCA_002093,False,,INV_0422581|PO_0424924,PAY_0425920,0.0,0.0,invoice_lines|invoices|po_lines|purchase_orders,payments,0.0
RCA_002097,True,,INV_0424801|PO_0422869,INV_0424801|PO_0422869,1.0,1.0,invoice_lines|invoices|po_lines|purchase_orders,invoices|purchase_orders,0.5
RCA_002113,True,,INV_0423390|PO_0421145,INV_0423390|PO_0421145,1.0,1.0,invoice_lines|invoices|po_lines|purchase_orders,invoices|purchase_orders,0.5
RCA_002117,False,True,PAY_0420094,2025-10-26|INV_0427411|PAY_0420095|PAY_0420095|INV_0427411|2025-10-26,0.0,0.0,bank_transactions|payment_allocations|payments,invoices|payment_allocations|payments,0.6666666666666666
RCA_002134,False,,BT_0421779|JE_0434459|PAY_0421765,PAY_0421765|PAY_0421766,0.5,0.3333333333333333,bank_transactions|gl_entries|payments,payments,0.3333333333333333
RCA_002138,False,True,BT_0423279|EVT_0448020|JE_0434463|PAY_0423251,BT_0423280|CHG_0420060|PAY_0423252|VND_042127,0.0,0.0,audit_log|bank_transactions|gl_entries|payments,bank_transactions|payments|vendor_change_log|vendors,0.5
RCA_002144,False,,BT_0421847|PAY_0421831,CHG_0420089|PAY_0421831|VND_042248,0.3333333333333333,0.5,bank_transactions|payments,payments|vendor_change_log|vendors,0.5
RCA_002145,True,,INV_0422439|PO_0420040,INV_0422439|PO_0420040,1.0,1.0,invoice_lines|invoices|po_lines|purchase_orders,invoices|purchase_orders,0.5
RCA_002146,True,,BT_0421394|PAY_0421382,2025-03-23|BT_0421394|INV_0425445|JEL_0456437|JEL_0456438|PAY_0421382|PAY_0421382|INV_0425445|2025-03-23|VND_042235,0.25,1.0,bank_transactions|payments,bank_transactions|gl_entries|invoices|payment_allocations|payments|vendors,1.0
RCA_002148,True,,BT_0423517|INV_0421713|PAY_0423483,2025-11-09|BT_0423517|INV_0421713|JEL_0460639|JEL_0460640|PAY_0423483|PAY_0423483|INV_0421713|2025-11-09|PO_0424533|VND_042019,0.3333333333333333,1.0,approval_events|bank_transactions|invoices|payments,bank_transactions|gl_entries|invoices|payment_allocations|payments|purchase_orders|vendors,0.75
RCA_002159,False,True,BT_0423279|BT_0423280|INV_0424559|PAY_0423251|PAY_0423252,BT_0423280|CHG_0420060|PAY_0423252|VND_042127,0.5,0.4,bank_transactions|invoices|payment_allocations|payments,bank_transactions|payments|vendor_change_log|vendors,0.5
RCA_002161,True,,INV_0422065|PO_0421230,INV_0422065|PO_0421230,1.0,1.0,invoice_lines|invoices|po_lines|purchase_orders,invoices|purchase_orders,0.5
RCA_002163,False,,INV_0424185|PO_0423863,CHG_0420118|PAY_0424869|VND_042329,0.0,0.0,invoice_lines|invoices|po_lines|purchase_orders,payments|vendor_change_log|vendors,0.0
RCA_002169,False,,BT_0425994|BT_0426405|JE_0434472|PAY_0425931,PAY_0425931,1.0,0.25,bank_transactions|gl_entries|invoices|payment_allocations|payments,payments,0.2
RCA_002170,False,,BT_0423432|EVT_0448024|JE_0434473|PAY_0423399,PAY_0423399,1.0,0.25,audit_log|bank_transactions|gl_entries|payments,payments,0.25
RCA_002184,True,,EVT_0448025|INV_0421817|JE_0434476,INV_0421817,1.0,0.3333333333333333,audit_log|gl_entries|invoices|payments,invoices,0.25
RCA_002192,True,,BT_0424410|PAY_0424366,2025-02-20|BT_0424410|INV_0420640|JEL_0462405|JEL_0462406|PAY_0424366|PAY_0424366|INV_0420640|2025-02-20|PO_0424911|VND_042165,0.2222222222222222,1.0,bank_transactions|payments,bank_transactions|gl_entries|invoices|payment_allocations|payments|purchase_orders|vendors,1.0
RCA_002196,True,,BT_0421857|INV_0424094|PAY_0421841,2025-03-25|BT_0421857|INV_0424094|JEL_0457355|JEL_0457356|PAY_0421841|PAY_0421841|INV_0424094|2025-03-25|PO_0423354|VND_042174,0.3333333333333333,1.0,approval_events|bank_transactions|invoices|payments,bank_transactions|gl_entries|invoices|payment_allocations|payments|purchase_orders|vendors,0.75
RCA_002201,False,,BT_0425993|BT_0426407|JE_0434482|PAY_0425930,PAY_0425930,1.0,0.25,bank_transactions|gl_entries|invoices|payment_allocations|payments,payments,0.2
RCA_002203,True,,CHG_0420184|INV_0420167|VND_042354,2026-01-20|BT_0421783|INV_0420167|JEL_0457211|JEL_0457212|PAY_0421769|PAY_0421769|INV_0420167|2026-01-20|PO_0424084|VND_042354,0.2222222222222222,0.6666666666666666,invoices|vendor_change_log|vendors,bank_transactions|gl_entries|invoices|payment_allocations|payments|purchase_orders|vendors,0.6666666666666666
RCA_002208,False,,BT_0424565|PAY_0424518,PAY_0424517|PAY_0424518,0.5,0.5,bank_transactions|payments,payments,0.5
RCA_002225,True,,INV_0421515|PO_0422541,INV_0421515|PO_0422541,1.0,1.0,invoice_lines|invoices|po_lines|purchase_orders,invoices|purchase_orders,0.5
RCA_002239,True,,BT_0423942|BT_0423943|INV_0422668|PAY_0423904|PAY_0423905,2025-11-18|2025-11-21|BT_0423942|INV_0422668|JEL_0461481|JEL_0461482|PAY_0423904|PAY_0423904|INV_0422668|2025-11-18|PAY_0423905|PAY_0423905|INV_0422668|2025-11-21|PO_0424870|VND_042311,0.3333333333333333,0.8,bank_transactions|invoices|payment_allocations|payments,bank_transactions|gl_entries|invoices|payment_allocations|payments|purchase_orders|vendors,1.0
RCA_002245,False,True,PAY_0423508,2025-08-27|INV_0427712|PAY_0423509|PAY_0423509|INV_0427712|2025-08-27,0.0,0.0,bank_transactions|payment_allocations|payments,invoices|payment_allocations|payments,0.6666666666666666
