event_id,entity_type,entity_id,event_type,timestamp,actor_id,field,old_value,new_value,source_system
EVT_0420001,vendor,VND_042007,master_data_changed,2025-01-14T11:00:00,EMP_04223,vendor_status,active,on_hold,VendorManagement
EVT_0420002,vendor,VND_042023,master_data_changed,2025-02-12T11:00:00,EMP_04205,bank_account_token,BA_TKN_042_0000023,BA_TKN_042_0000042,VendorManagement
EVT_0420003,vendor,VND_042024,master_data_changed,2025-02-05T11:00:00,EMP_04215,vendor_status,active,on_hold,VendorManagement
EVT_0420004,purchase_order,PO_0420001,created,2026-03-19T09:00:00,EMP_04215,,,,ERP
EVT_0420005,purchase_order,PO_0420002,created,2025-03-23T09:00:00,EMP_04209,,,,ERP
EVT_0420006,purchase_order,PO_0420003,created,2025-06-18T09:00:00,EMP_04212,,,,ERP
EVT_0420007,purchase_order,PO_0420004,created,2025-04-02T09:00:00,EMP_04215,,,,ERP
EVT_0420008,purchase_order,PO_0420005,created,2026-04-06T09:00:00,EMP_04223,,,,ERP
EVT_0420009,purchase_order,PO_0420006,created,2025-08-09T09:00:00,EMP_04211,,,,ERP
EVT_0420010,purchase_order,PO_0420007,created,2025-07-26T09:00:00,EMP_04211,,,,ERP
EVT_0420011,purchase_order,PO_0420008,created,2025-05-27T09:00:00,EMP_04223,,,,ERP
EVT_0420012,purchase_order,PO_0420009,created,2025-03-28T09:00:00,EMP_04223,,,,ERP
EVT_0420013,purchase_order,PO_0420010,created,2025-01-13T09:00:00,EMP_04222,,,,ERP
EVT_0420014,purchase_order,PO_0420011,created,2025-07-24T09:00:00,EMP_04215,,,,ERP
EVT_0420015,purchase_order,PO_0420012,created,2025-10-13T09:00:00,EMP_04219,,,,ERP
EVT_0420016,purchase_order,PO_0420013,created,2026-02-22T09:00:00,EMP_04218,,,,ERP
EVT_0420017,purchase_order,PO_0420014,created,2025-08-14T09:00:00,EMP_04204,,,,ERP
EVT_0420018,purchase_order,PO_0420015,created,2025-12-22T09:00:00,EMP_04215,,,,ERP
EVT_0420019,purchase_order,PO_0420016,created,2026-04-09T09:00:00,EMP_04215,,,,ERP
EVT_0420020,purchase_order,PO_0420017,created,2025-04-23T09:00:00,EMP_04216,,,,ERP
EVT_0420021,purchase_order,PO_0420018,created,2025-10-31T09:00:00,EMP_04210,,,,ERP
EVT_0420022,purchase_order,PO_0420019,created,2025-06-17T09:00:00,EMP_04203,,,,ERP
EVT_0420023,purchase_order,PO_0420020,created,2025-11-29T09:00:00,EMP_04202,,,,ERP
EVT_0420024,purchase_order,PO_0420021,created,2025-08-31T09:00:00,EMP_04207,,,,ERP
EVT_0420025,purchase_order,PO_0420022,created,2025-01-14T09:00:00,EMP_04223,,,,ERP
EVT_0420026,purchase_order,PO_0420023,created,2026-02-05T09:00:00,EMP_04202,,,,ERP
EVT_0420027,purchase_order,PO_0420024,created,2025-08-10T09:00:00,EMP_04217,,,,ERP
EVT_0420028,purchase_order,PO_0420025,created,2026-03-13T09:00:00,EMP_04220,,,,ERP
EVT_0420029,purchase_order,PO_0420026,created,2025-01-15T09:00:00,EMP_04221,,,,ERP
EVT_0420030,purchase_order,PO_0420027,created,2025-01-06T09:00:00,EMP_04222,,,,ERP
EVT_0420031,purchase_order,PO_0420028,created,2025-02-17T09:00:00,EMP_04215,,,,ERP
EVT_0420032,purchase_order,PO_0420029,created,2025-12-26T09:00:00,EMP_04224,,,,ERP
EVT_0420033,purchase_order,PO_0420030,created,2025-09-05T09:00:00,EMP_04209,,,,ERP
EVT_0420034,purchase_order,PO_0420031,created,2025-12-29T09:00:00,EMP_04205,,,,ERP
EVT_0420035,purchase_order,PO_0420032,created,2025-09-03T09:00:00,EMP_04204,,,,ERP
EVT_0420036,purchase_order,PO_0420033,created,2025-03-18T09:00:00,EMP_04218,,,,ERP
EVT_0420037,purchase_order,PO_0420034,created,2026-03-17T09:00:00,EMP_04208,,,,ERP
EVT_0420038,purchase_order,PO_0420035,created,2025-02-11T09:00:00,EMP_04224,,,,ERP
EVT_0420039,purchase_order,PO_0420036,created,2025-04-29T09:00:00,EMP_04223,,,,ERP
EVT_0420040,purchase_order,PO_0420037,created,2025-02-28T09:00:00,EMP_04221,,,,ERP
EVT_0420041,purchase_order,PO_0420038,created,2025-03-05T09:00:00,EMP_04203,,,,ERP
EVT_0420042,purchase_order,PO_0420039,created,2025-05-09T09:00:00,EMP_04220,,,,ERP
EVT_0420043,purchase_order,PO_0420040,created,2025-09-23T09:00:00,EMP_04212,,,,ERP
EVT_0420044,purchase_order,PO_0420041,created,2025-06-18T09:00:00,EMP_04204,,,,ERP
EVT_0420045,purchase_order,PO_0420042,created,2026-05-12T09:00:00,EMP_04222,,,,ERP
EVT_0420046,purchase_order,PO_0420043,created,2025-05-17T09:00:00,EMP_04209,,,,ERP
EVT_0420047,purchase_order,PO_0420044,created,2025-01-08T09:00:00,EMP_04217,,,,ERP
EVT_0420048,purchase_order,PO_0420045,created,2025-12-28T09:00:00,EMP_04218,,,,ERP
EVT_0420049,purchase_order,PO_0420046,created,2025-05-22T09:00:00,EMP_04223,,,,ERP
EVT_0420050,purchase_order,PO_0420047,created,2025-10-03T09:00:00,EMP_04224,,,,ERP
EVT_0420051,purchase_order,PO_0420048,created,2026-03-15T09:00:00,EMP_04217,,,,ERP
EVT_0420052,purchase_order,PO_0420049,created,2026-05-10T09:00:00,EMP_04215,,,,ERP
EVT_0420053,purchase_order,PO_0420050,created,2025-08-29T09:00:00,EMP_04214,,,,ERP
EVT_0420054,purchase_order,PO_0420051,created,2025-01-19T09:00:00,EMP_04205,,,,ERP
EVT_0420055,purchase_order,PO_0420052,created,2025-03-27T09:00:00,EMP_04215,,,,ERP
EVT_0420056,purchase_order,PO_0420053,created,2025-03-31T09:00:00,EMP_04206,,,,ERP
EVT_0420057,purchase_order,PO_0420054,created,2025-05-11T09:00:00,EMP_04211,,,,ERP
EVT_0420058,purchase_order,PO_0420055,created,2025-05-09T09:00:00,EMP_04220,,,,ERP
EVT_0420059,purchase_order,PO_0420056,created,2026-05-16T09:00:00,EMP_04209,,,,ERP
EVT_0420060,purchase_order,PO_0420057,created,2025-11-22T09:00:00,EMP_04211,,,,ERP
EVT_0420061,purchase_order,PO_0420058,created,2025-07-06T09:00:00,EMP_04218,,,,ERP
EVT_0420062,purchase_order,PO_0420059,created,2025-05-12T09:00:00,EMP_04219,,,,ERP
EVT_0420063,purchase_order,PO_0420060,created,2025-05-16T09:00:00,EMP_04205,,,,ERP
EVT_0420064,purchase_order,PO_0420061,created,2025-11-14T09:00:00,EMP_04205,,,,ERP
EVT_0420065,purchase_order,PO_0420062,created,2025-09-10T09:00:00,EMP_04215,,,,ERP
EVT_0420066,purchase_order,PO_0420063,created,2025-12-02T09:00:00,EMP_04224,,,,ERP
EVT_0420067,purchase_order,PO_0420064,created,2026-05-02T09:00:00,EMP_04203,,,,ERP
EVT_0420068,purchase_order,PO_0420065,created,2026-05-01T09:00:00,EMP_04209,,,,ERP
EVT_0420069,purchase_order,PO_0420066,created,2026-03-01T09:00:00,EMP_04206,,,,ERP
EVT_0420070,purchase_order,PO_0420067,created,2025-02-26T09:00:00,EMP_04206,,,,ERP
EVT_0420071,purchase_order,PO_0420068,created,2025-02-02T09:00:00,EMP_04223,,,,ERP
EVT_0420072,purchase_order,PO_0420069,created,2026-05-09T09:00:00,EMP_04204,,,,ERP
EVT_0420073,purchase_order,PO_0420070,created,2025-03-17T09:00:00,EMP_04214,,,,ERP
EVT_0420074,purchase_order,PO_0420071,created,2025-09-16T09:00:00,EMP_04209,,,,ERP
EVT_0420075,purchase_order,PO_0420072,created,2025-08-01T09:00:00,EMP_04204,,,,ERP
EVT_0420076,purchase_order,PO_0420073,created,2026-01-14T09:00:00,EMP_04215,,,,ERP
EVT_0420077,purchase_order,PO_0420074,created,2025-01-27T09:00:00,EMP_04213,,,,ERP
EVT_0420078,purchase_order,PO_0420075,created,2026-01-26T09:00:00,EMP_04221,,,,ERP
EVT_0420079,purchase_order,PO_0420076,created,2025-04-03T09:00:00,EMP_04204,,,,ERP
EVT_0420080,purchase_order,PO_0420077,created,2026-01-18T09:00:00,EMP_04220,,,,ERP
EVT_0420081,purchase_order,PO_0420078,created,2025-03-22T09:00:00,EMP_04208,,,,ERP
EVT_0420082,purchase_order,PO_0420079,created,2025-08-09T09:00:00,EMP_04209,,,,ERP
EVT_0420083,purchase_order,PO_0420080,created,2025-04-15T09:00:00,EMP_04207,,,,ERP
EVT_0420084,purchase_order,PO_0420081,created,2025-10-14T09:00:00,EMP_04220,,,,ERP
EVT_0420085,purchase_order,PO_0420082,created,2025-11-24T09:00:00,EMP_04224,,,,ERP
EVT_0420086,purchase_order,PO_0420083,created,2026-03-09T09:00:00,EMP_04212,,,,ERP
EVT_0420087,purchase_order,PO_0420084,created,2025-09-19T09:00:00,EMP_04207,,,,ERP
EVT_0420088,purchase_order,PO_0420085,created,2026-05-03T09:00:00,EMP_04222,,,,ERP
EVT_0420089,purchase_order,PO_0420086,created,2025-08-29T09:00:00,EMP_04216,,,,ERP
EVT_0420090,purchase_order,PO_0420087,created,2025-02-09T09:00:00,EMP_04216,,,,ERP
EVT_0420091,purchase_order,PO_0420088,created,2025-11-06T09:00:00,EMP_04218,,,,ERP
EVT_0420092,purchase_order,PO_0420089,created,2025-12-29T09:00:00,EMP_04214,,,,ERP
EVT_0420093,purchase_order,PO_0420090,created,2025-11-03T09:00:00,EMP_04211,,,,ERP
EVT_0420094,purchase_order,PO_0420091,created,2025-02-11T09:00:00,EMP_04211,,,,ERP
EVT_0420095,purchase_order,PO_0420092,created,2025-12-10T09:00:00,EMP_04212,,,,ERP
EVT_0420096,purchase_order,PO_0420093,created,2025-04-26T09:00:00,EMP_04221,,,,ERP
EVT_0420097,purchase_order,PO_0420094,created,2026-03-02T09:00:00,EMP_04221,,,,ERP
EVT_0420098,purchase_order,PO_0420095,created,2025-10-01T09:00:00,EMP_04216,,,,ERP
EVT_0420099,purchase_order,PO_0420096,created,2025-09-28T09:00:00,EMP_04213,,,,ERP
EVT_0420100,purchase_order,PO_0420097,created,2026-03-10T09:00:00,EMP_04215,,,,ERP
EVT_0420101,purchase_order,PO_0420098,created,2026-03-29T09:00:00,EMP_04213,,,,ERP
EVT_0420102,purchase_order,PO_0420099,created,2026-03-06T09:00:00,EMP_04216,,,,ERP
EVT_0420103,purchase_order,PO_0420100,created,2025-05-12T09:00:00,EMP_04205,,,,ERP
EVT_0420104,purchase_order,PO_0420101,created,2025-03-04T09:00:00,EMP_04221,,,,ERP
EVT_0420105,purchase_order,PO_0420102,created,2025-03-15T09:00:00,EMP_04218,,,,ERP
EVT_0420106,purchase_order,PO_0420103,created,2025-10-06T09:00:00,EMP_04213,,,,ERP
EVT_0420107,purchase_order,PO_0420104,created,2026-02-08T09:00:00,EMP_04206,,,,ERP
EVT_0420108,purchase_order,PO_0420105,created,2025-03-31T09:00:00,EMP_04203,,,,ERP
EVT_0420109,purchase_order,PO_0420106,created,2026-03-30T09:00:00,EMP_04210,,,,ERP
EVT_0420110,purchase_order,PO_0420107,created,2025-07-02T09:00:00,EMP_04212,,,,ERP
EVT_0420111,purchase_order,PO_0420108,created,2025-09-12T09:00:00,EMP_04219,,,,ERP
EVT_0420112,purchase_order,PO_0420109,created,2025-06-17T09:00:00,EMP_04221,,,,ERP
EVT_0420113,purchase_order,PO_0420110,created,2026-02-10T09:00:00,EMP_04203,,,,ERP
EVT_0420114,purchase_order,PO_0420111,created,2025-07-07T09:00:00,EMP_04216,,,,ERP
EVT_0420115,purchase_order,PO_0420112,created,2025-07-07T09:00:00,EMP_04214,,,,ERP
EVT_0420116,purchase_order,PO_0420113,created,2026-02-01T09:00:00,EMP_04205,,,,ERP
EVT_0420117,purchase_order,PO_0420114,created,2025-03-30T09:00:00,EMP_04207,,,,ERP
EVT_0420118,purchase_order,PO_0420115,created,2025-09-18T09:00:00,EMP_04219,,,,ERP
EVT_0420119,purchase_order,PO_0420116,created,2025-03-08T09:00:00,EMP_04215,,,,ERP
EVT_0420120,purchase_order,PO_0420117,created,2026-05-13T09:00:00,EMP_04222,,,,ERP
EVT_0420121,purchase_order,PO_0420118,created,2025-09-15T09:00:00,EMP_04211,,,,ERP
EVT_0420122,purchase_order,PO_0420119,created,2025-11-22T09:00:00,EMP_04206,,,,ERP
EVT_0420123,purchase_order,PO_0420120,created,2025-01-22T09:00:00,EMP_04217,,,,ERP
EVT_0420124,purchase_order,PO_0420121,created,2026-05-05T09:00:00,EMP_04215,,,,ERP
EVT_0420125,purchase_order,PO_0420122,created,2025-11-07T09:00:00,EMP_04206,,,,ERP
EVT_0420126,purchase_order,PO_0420123,created,2025-05-04T09:00:00,EMP_04221,,,,ERP
EVT_0420127,purchase_order,PO_0420124,created,2026-04-24T09:00:00,EMP_04217,,,,ERP
EVT_0420128,purchase_order,PO_0420125,created,2025-08-23T09:00:00,EMP_04211,,,,ERP
EVT_0420129,purchase_order,PO_0420126,created,2025-03-10T09:00:00,EMP_04204,,,,ERP
EVT_0420130,purchase_order,PO_0420127,created,2025-05-24T09:00:00,EMP_04213,,,,ERP
EVT_0420131,purchase_order,PO_0420128,created,2025-09-18T09:00:00,EMP_04216,,,,ERP
EVT_0420132,purchase_order,PO_0420129,created,2026-04-22T09:00:00,EMP_04219,,,,ERP
EVT_0420133,purchase_order,PO_0420130,created,2026-02-22T09:00:00,EMP_04221,,,,ERP
EVT_0420134,purchase_order,PO_0420131,created,2025-01-27T09:00:00,EMP_04203,,,,ERP
EVT_0420135,purchase_order,PO_0420132,created,2025-01-10T09:00:00,EMP_04203,,,,ERP
EVT_0420136,purchase_order,PO_0420133,created,2025-06-16T09:00:00,EMP_04221,,,,ERP
EVT_0420137,purchase_order,PO_0420134,created,2025-10-13T09:00:00,EMP_04213,,,,ERP
EVT_0420138,purchase_order,PO_0420135,created,2025-03-04T09:00:00,EMP_04203,,,,ERP
EVT_0420139,purchase_order,PO_0420136,created,2026-04-19T09:00:00,EMP_04224,,,,ERP
EVT_0420140,purchase_order,PO_0420137,created,2026-01-15T09:00:00,EMP_04215,,,,ERP
EVT_0420141,purchase_order,PO_0420138,created,2025-12-15T09:00:00,EMP_04212,,,,ERP
EVT_0420142,purchase_order,PO_0420139,created,2025-11-30T09:00:00,EMP_04214,,,,ERP
EVT_0420143,purchase_order,PO_0420140,created,2026-05-08T09:00:00,EMP_04216,,,,ERP
EVT_0420144,purchase_order,PO_0420141,created,2026-03-12T09:00:00,EMP_04224,,,,ERP
EVT_0420145,purchase_order,PO_0420142,created,2025-10-18T09:00:00,EMP_04207,,,,ERP
EVT_0420146,purchase_order,PO_0420143,created,2026-04-25T09:00:00,EMP_04211,,,,ERP
EVT_0420147,purchase_order,PO_0420144,created,2025-12-01T09:00:00,EMP_04224,,,,ERP
EVT_0420148,purchase_order,PO_0420145,created,2026-04-15T09:00:00,EMP_04224,,,,ERP
EVT_0420149,purchase_order,PO_0420146,created,2026-02-15T09:00:00,EMP_04220,,,,ERP
EVT_0420150,purchase_order,PO_0420147,created,2025-10-02T09:00:00,EMP_04217,,,,ERP
EVT_0420151,purchase_order,PO_0420148,created,2025-08-21T09:00:00,EMP_04202,,,,ERP
EVT_0420152,purchase_order,PO_0420149,created,2025-04-22T09:00:00,EMP_04217,,,,ERP
EVT_0420153,purchase_order,PO_0420150,created,2026-01-29T09:00:00,EMP_04214,,,,ERP
EVT_0420154,purchase_order,PO_0420151,created,2026-03-17T09:00:00,EMP_04202,,,,ERP
EVT_0420155,purchase_order,PO_0420152,created,2026-01-04T09:00:00,EMP_04205,,,,ERP
EVT_0420156,purchase_order,PO_0420153,created,2026-01-28T09:00:00,EMP_04209,,,,ERP
EVT_0420157,purchase_order,PO_0420154,created,2025-04-30T09:00:00,EMP_04212,,,,ERP
EVT_0420158,purchase_order,PO_0420155,created,2025-06-04T09:00:00,EMP_04222,,,,ERP
EVT_0420159,purchase_order,PO_0420156,created,2026-05-13T09:00:00,EMP_04214,,,,ERP
EVT_0420160,purchase_order,PO_0420157,created,2026-03-11T09:00:00,EMP_04215,,,,ERP
EVT_0420161,purchase_order,PO_0420158,created,2025-05-05T09:00:00,EMP_04203,,,,ERP
EVT_0420162,purchase_order,PO_0420159,created,2025-04-07T09:00:00,EMP_04208,,,,ERP
EVT_0420163,purchase_order,PO_0420160,created,2026-01-22T09:00:00,EMP_04211,,,,ERP
EVT_0420164,invoice,INV_0420001,received,2025-06-07T08:52:00,SYSTEM-AP-INGEST,,,,ERP
EVT_0420165,invoice,INV_0420002,received,2026-05-07T08:19:00,SYSTEM-AP-INGEST,,,,ERP
EVT_0420166,invoice,INV_0420003,received,2025-11-15T08:15:00,SYSTEM-AP-INGEST,,,,ERP
EVT_0420167,invoice,INV_0420004,received,2026-01-16T08:43:00,SYSTEM-AP-INGEST,,,,ERP
EVT_0420168,invoice,INV_0420005,received,2025-06-17T08:21:00,SYSTEM-AP-INGEST,,,,ERP
EVT_0420169,invoice,INV_0420006,received,2025-06-03T08:08:00,SYSTEM-AP-INGEST,,,,ERP
EVT_0420170,invoice,INV_0420007,received,2025-09-28T08:46:00,SYSTEM-AP-INGEST,,,,ERP
EVT_0420171,invoice,INV_0420008,received,2025-02-17T08:47:00,SYSTEM-AP-INGEST,,,,ERP
EVT_0420172,invoice,INV_0420009,received,2025-03-29T08:06:00,SYSTEM-AP-INGEST,,,,ERP
EVT_0420173,invoice,INV_0420010,received,2025-10-03T08:53:00,SYSTEM-AP-INGEST,,,,ERP
EVT_0420174,invoice,INV_0420011,received,2025-04-03T08:38:00,SYSTEM-AP-INGEST,,,,ERP
EVT_0420175,invoice,INV_0420012,received,2026-03-08T08:38:00,SYSTEM-AP-INGEST,,,,ERP
EVT_0420176,invoice,INV_0420013,received,2025-10-17T08:01:00,SYSTEM-AP-INGEST,,,,ERP
EVT_0420177,invoice,INV_0420014,received,2025-06-02T08:50:00,SYSTEM-AP-INGEST,,,,ERP
EVT_0420178,invoice,INV_0420015,received,2025-01-25T08:14:00,SYSTEM-AP-INGEST,,,,ERP
EVT_0420179,invoice,INV_0420016,received,2025-01-21T08:24:00,SYSTEM-AP-INGEST,,,,ERP
EVT_0420180,invoice,INV_0420017,received,2026-05-27T08:43:00,SYSTEM-AP-INGEST,,,,ERP
EVT_0420181,invoice,INV_0420018,received,2026-05-15T08:24:00,SYSTEM-AP-INGEST,,,,ERP
EVT_0420182,invoice,INV_0420019,received,2025-03-10T08:18:00,SYSTEM-AP-INGEST,,,,ERP
EVT_0420183,invoice,INV_0420020,received,2025-04-03T08:45:00,SYSTEM-AP-INGEST,,,,ERP
EVT_0420184,invoice,INV_0420021,received,2026-01-28T08:17:00,SYSTEM-AP-INGEST,,,,ERP
EVT_0420185,invoice,INV_0420022,received,2025-10-25T08:45:00,SYSTEM-AP-INGEST,,,,ERP
EVT_0420186,invoice,INV_0420023,received,2025-08-05T08:09:00,SYSTEM-AP-INGEST,,,,ERP
EVT_0420187,invoice,INV_0420024,received,2025-07-13T08:20:00,SYSTEM-AP-INGEST,,,,ERP
EVT_0420188,invoice,INV_0420025,received,2025-09-14T08:05:00,SYSTEM-AP-INGEST,,,,ERP
EVT_0420189,invoice,INV_0420026,received,2025-05-11T08:28:00,SYSTEM-AP-INGEST,,,,ERP
EVT_0420190,invoice,INV_0420027,received,2025-09-13T08:06:00,SYSTEM-AP-INGEST,,,,ERP
EVT_0420191,invoice,INV_0420028,received,2026-01-18T08:11:00,SYSTEM-AP-INGEST,,,,ERP
EVT_0420192,invoice,INV_0420029,received,2025-11-19T08:35:00,SYSTEM-AP-INGEST,,,,ERP
EVT_0420193,invoice,INV_0420030,received,2025-10-09T08:26:00,SYSTEM-AP-INGEST,,,,ERP
EVT_0420194,invoice,INV_0420031,received,2025-06-21T08:05:00,SYSTEM-AP-INGEST,,,,ERP
EVT_0420195,invoice,INV_0420032,received,2025-08-08T08:05:00,SYSTEM-AP-INGEST,,,,ERP
EVT_0420196,invoice,INV_0420033,received,2026-01-07T08:50:00,SYSTEM-AP-INGEST,,,,ERP
EVT_0420197,invoice,INV_0420034,received,2025-04-15T08:00:00,SYSTEM-AP-INGEST,,,,ERP
EVT_0420198,invoice,INV_0420035,received,2026-01-10T08:24:00,SYSTEM-AP-INGEST,,,,ERP
EVT_0420199,invoice,INV_0420036,received,2025-08-25T08:46:00,SYSTEM-AP-INGEST,,,,ERP
EVT_0420200,invoice,INV_0420037,received,2026-04-13T08:57:00,SYSTEM-AP-INGEST,,,,ERP
EVT_0420201,invoice,INV_0420038,received,2026-03-24T08:33:00,SYSTEM-AP-INGEST,,,,ERP
EVT_0420202,invoice,INV_0420039,received,2026-05-20T08:24:00,SYSTEM-AP-INGEST,,,,ERP
EVT_0420203,invoice,INV_0420040,received,2026-05-18T08:17:00,SYSTEM-AP-INGEST,,,,ERP
EVT_0420204,invoice,INV_0420041,received,2026-01-29T08:31:00,SYSTEM-AP-INGEST,,,,ERP
EVT_0420205,invoice,INV_0420042,received,2025-12-04T08:10:00,SYSTEM-AP-INGEST,,,,ERP
EVT_0420206,invoice,INV_0420043,received,2026-03-26T08:26:00,SYSTEM-AP-INGEST,,,,ERP
EVT_0420207,invoice,INV_0420044,received,2026-01-03T08:50:00,SYSTEM-AP-INGEST,,,,ERP
EVT_0420208,invoice,INV_0420045,received,2026-01-01T08:16:00,SYSTEM-AP-INGEST,,,,ERP
EVT_0420209,invoice,INV_0420046,received,2025-12-15T08:46:00,SYSTEM-AP-INGEST,,,,ERP
EVT_0420210,invoice,INV_0420047,received,2025-10-05T08:38:00,SYSTEM-AP-INGEST,,,,ERP
EVT_0420211,invoice,INV_0420048,received,2025-05-12T08:29:00,SYSTEM-AP-INGEST,,,,ERP
EVT_0420212,invoice,INV_0420049,received,2025-03-31T08:19:00,SYSTEM-AP-INGEST,,,,ERP
EVT_0420213,invoice,INV_0420050,received,2025-06-20T08:21:00,SYSTEM-AP-INGEST,,,,ERP
EVT_0420214,invoice,INV_0420051,received,2025-09-08T08:24:00,SYSTEM-AP-INGEST,,,,ERP
EVT_0420215,invoice,INV_0420052,received,2026-02-25T08:28:00,SYSTEM-AP-INGEST,,,,ERP
EVT_0420216,invoice,INV_0420053,received,2025-03-17T08:52:00,SYSTEM-AP-INGEST,,,,ERP
EVT_0420217,invoice,INV_0420054,received,2026-04-10T08:38:00,SYSTEM-AP-INGEST,,,,ERP
EVT_0420218,invoice,INV_0420055,received,2026-02-28T08:20:00,SYSTEM-AP-INGEST,,,,ERP
EVT_0420219,invoice,INV_0420056,received,2025-05-29T08:12:00,SYSTEM-AP-INGEST,,,,ERP
EVT_0420220,invoice,INV_0420057,received,2025-05-10T08:11:00,SYSTEM-AP-INGEST,,,,ERP
EVT_0420221,invoice,INV_0420058,received,2025-10-31T08:20:00,SYSTEM-AP-INGEST,,,,ERP
EVT_0420222,invoice,INV_0420059,received,2026-05-03T08:44:00,SYSTEM-AP-INGEST,,,,ERP
EVT_0420223,invoice,INV_0420060,received,2026-05-25T08:36:00,SYSTEM-AP-INGEST,,,,ERP
EVT_0420224,invoice,INV_0420061,received,2026-05-05T08:20:00,SYSTEM-AP-INGEST,,,,ERP
EVT_0420225,invoice,INV_0420062,received,2025-10-20T08:52:00,SYSTEM-AP-INGEST,,,,ERP
EVT_0420226,invoice,INV_0420063,received,2026-04-14T08:23:00,SYSTEM-AP-INGEST,,,,ERP
EVT_0420227,invoice,INV_0420064,received,2026-03-01T08:12:00,SYSTEM-AP-INGEST,,,,ERP
EVT_0420228,invoice,INV_0420065,received,2025-09-05T08:11:00,SYSTEM-AP-INGEST,,,,ERP
EVT_0420229,invoice,INV_0420066,received,2026-03-02T08:01:00,SYSTEM-AP-INGEST,,,,ERP
EVT_0420230,invoice,INV_0420067,received,2026-06-15T08:29:00,SYSTEM-AP-INGEST,,,,ERP
EVT_0420231,invoice,INV_0420068,received,2026-02-02T08:13:00,SYSTEM-AP-INGEST,,,,ERP
EVT_0420232,invoice,INV_0420069,received,2025-02-12T08:53:00,SYSTEM-AP-INGEST,,,,ERP
EVT_0420233,invoice,INV_0420070,received,2025-03-22T08:52:00,SYSTEM-AP-INGEST,,,,ERP
EVT_0420234,invoice,INV_0420071,received,2025-04-21T08:43:00,SYSTEM-AP-INGEST,,,,ERP
EVT_0420235,invoice,INV_0420072,received,2025-05-15T08:40:00,SYSTEM-AP-INGEST,,,,ERP
EVT_0420236,invoice,INV_0420073,received,2025-04-10T08:16:00,SYSTEM-AP-INGEST,,,,ERP
EVT_0420237,invoice,INV_0420074,received,2025-11-04T08:45:00,SYSTEM-AP-INGEST,,,,ERP
EVT_0420238,invoice,INV_0420075,received,2025-07-23T08:04:00,SYSTEM-AP-INGEST,,,,ERP
EVT_0420239,invoice,INV_0420076,received,2025-05-30T08:30:00,SYSTEM-AP-INGEST,,,,ERP
EVT_0420240,invoice,INV_0420077,received,2025-10-07T08:34:00,SYSTEM-AP-INGEST,,,,ERP
EVT_0420241,invoice,INV_0420078,received,2026-05-30T08:26:00,SYSTEM-AP-INGEST,,,,ERP
EVT_0420242,invoice,INV_0420079,received,2026-03-23T08:50:00,SYSTEM-AP-INGEST,,,,ERP
EVT_0420243,invoice,INV_0420080,received,2025-07-20T08:44:00,SYSTEM-AP-INGEST,,,,ERP
EVT_0420244,invoice,INV_0420081,received,2026-03-14T08:38:00,SYSTEM-AP-INGEST,,,,ERP
EVT_0420245,invoice,INV_0420082,received,2025-09-30T08:06:00,SYSTEM-AP-INGEST,,,,ERP
EVT_0420246,invoice,INV_0420083,received,2026-06-07T08:42:00,SYSTEM-AP-INGEST,,,,ERP
EVT_0420247,invoice,INV_0420084,received,2025-09-13T08:10:00,SYSTEM-AP-INGEST,,,,ERP
EVT_0420248,invoice,INV_0420085,received,2025-05-09T08:02:00,SYSTEM-AP-INGEST,,,,ERP
EVT_0420249,invoice,INV_0420086,received,2025-04-02T08:43:00,SYSTEM-AP-INGEST,,,,ERP
EVT_0420250,invoice,INV_0420087,received,2026-04-07T08:48:00,SYSTEM-AP-INGEST,,,,ERP
EVT_0420251,invoice,INV_0420088,received,2025-12-05T08:06:00,SYSTEM-AP-INGEST,,,,ERP
EVT_0420252,invoice,INV_0420089,received,2026-05-01T08:16:00,SYSTEM-AP-INGEST,,,,ERP
EVT_0420253,invoice,INV_0420090,received,2025-02-28T08:47:00,SYSTEM-AP-INGEST,,,,ERP
EVT_0420254,invoice,INV_0420091,received,2025-04-12T08:37:00,SYSTEM-AP-INGEST,,,,ERP
EVT_0420255,invoice,INV_0420092,received,2025-12-25T08:14:00,SYSTEM-AP-INGEST,,,,ERP
EVT_0420256,invoice,INV_0420093,received,2025-02-27T08:25:00,SYSTEM-AP-INGEST,,,,ERP
EVT_0420257,invoice,INV_0420094,received,2025-04-16T08:37:00,SYSTEM-AP-INGEST,,,,ERP
EVT_0420258,invoice,INV_0420095,received,2025-10-01T08:09:00,SYSTEM-AP-INGEST,,,,ERP
EVT_0420259,invoice,INV_0420096,received,2026-04-26T08:30:00,SYSTEM-AP-INGEST,,,,ERP
EVT_0420260,invoice,INV_0420097,received,2026-02-06T08:26:00,SYSTEM-AP-INGEST,,,,ERP
EVT_0420261,invoice,INV_0420098,received,2025-10-31T08:07:00,SYSTEM-AP-INGEST,,,,ERP
EVT_0420262,invoice,INV_0420099,received,2026-04-19T08:09:00,SYSTEM-AP-INGEST,,,,ERP
EVT_0420263,invoice,INV_0420100,received,2025-06-06T08:21:00,SYSTEM-AP-INGEST,,,,ERP
EVT_0420264,invoice,INV_0420101,received,2025-08-10T08:33:00,SYSTEM-AP-INGEST,,,,ERP
EVT_0420265,invoice,INV_0420102,received,2025-09-15T08:30:00,SYSTEM-AP-INGEST,,,,ERP
EVT_0420266,invoice,INV_0420103,received,2025-01-19T08:46:00,SYSTEM-AP-INGEST,,,,ERP
EVT_0420267,invoice,INV_0420104,received,2026-06-02T08:20:00,SYSTEM-AP-INGEST,,,,ERP
EVT_0420268,invoice,INV_0420105,received,2025-02-06T08:02:00,SYSTEM-AP-INGEST,,,,ERP
EVT_0420269,invoice,INV_0420106,received,2025-06-26T08:07:00,SYSTEM-AP-INGEST,,,,ERP
EVT_0420270,invoice,INV_0420107,received,2025-11-09T08:41:00,SYSTEM-AP-INGEST,,,,ERP
EVT_0420271,invoice,INV_0420108,received,2025-07-15T08:51:00,SYSTEM-AP-INGEST,,,,ERP
EVT_0420272,invoice,INV_0420109,received,2025-08-20T08:15:00,SYSTEM-AP-INGEST,,,,ERP
EVT_0420273,invoice,INV_0420110,received,2026-04-03T08:35:00,SYSTEM-AP-INGEST,,,,ERP
EVT_0420274,invoice,INV_0420111,received,2025-03-24T08:35:00,SYSTEM-AP-INGEST,,,,ERP
EVT_0420275,invoice,INV_0420112,received,2025-05-20T08:14:00,SYSTEM-AP-INGEST,,,,ERP
EVT_0420276,invoice,INV_0420113,received,2025-11-28T08:40:00,SYSTEM-AP-INGEST,,,,ERP
EVT_0420277,invoice,INV_0420114,received,2025-09-21T08:40:00,SYSTEM-AP-INGEST,,,,ERP
EVT_0420278,invoice,INV_0420115,received,2025-06-15T08:25:00,SYSTEM-AP-INGEST,,,,ERP
EVT_0420279,invoice,INV_0420116,received,2025-03-20T08:39:00,SYSTEM-AP-INGEST,,,,ERP
EVT_0420280,invoice,INV_0420117,received,2026-03-31T08:28:00,SYSTEM-AP-INGEST,,,,ERP
EVT_0420281,invoice,INV_0420118,received,2025-02-04T08:24:00,SYSTEM-AP-INGEST,,,,ERP
EVT_0420282,invoice,INV_0420119,received,2025-06-21T08:13:00,SYSTEM-AP-INGEST,,,,ERP
EVT_0420283,invoice,INV_0420120,received,2025-08-31T08:48:00,SYSTEM-AP-INGEST,,,,ERP
EVT_0420284,invoice,INV_0420121,received,2026-03-09T08:36:00,SYSTEM-AP-INGEST,,,,ERP
EVT_0420285,invoice,INV_0420122,received,2026-03-16T08:11:00,SYSTEM-AP-INGEST,,,,ERP
EVT_0420286,invoice,INV_0420123,received,2025-05-13T08:12:00,SYSTEM-AP-INGEST,,,,ERP
EVT_0420287,invoice,INV_0420124,received,2026-05-08T08:16:00,SYSTEM-AP-INGEST,,,,ERP
EVT_0420288,invoice,INV_0420125,received,2025-02-20T08:33:00,SYSTEM-AP-INGEST,,,,ERP
EVT_0420289,invoice,INV_0420126,received,2026-01-05T08:20:00,SYSTEM-AP-INGEST,,,,ERP
EVT_0420290,invoice,INV_0420127,received,2026-02-19T08:39:00,SYSTEM-AP-INGEST,,,,ERP
EVT_0420291,invoice,INV_0420128,received,2026-03-17T08:07:00,SYSTEM-AP-INGEST,,,,ERP
EVT_0420292,invoice,INV_0420129,received,2025-02-22T08:54:00,SYSTEM-AP-INGEST,,,,ERP
EVT_0420293,invoice,INV_0420130,received,2026-01-22T08:11:00,SYSTEM-AP-INGEST,,,,ERP
EVT_0420294,invoice,INV_0420131,received,2026-01-02T08:45:00,SYSTEM-AP-INGEST,,,,ERP
EVT_0420295,invoice,INV_0420132,received,2026-02-18T08:58:00,SYSTEM-AP-INGEST,,,,ERP
EVT_0420296,invoice,INV_0420133,received,2025-06-04T08:05:00,SYSTEM-AP-INGEST,,,,ERP
EVT_0420297,invoice,INV_0420134,received,2026-05-25T08:20:00,SYSTEM-AP-INGEST,,,,ERP
EVT_0420298,invoice,INV_0420135,received,2025-01-23T08:19:00,SYSTEM-AP-INGEST,,,,ERP
EVT_0420299,invoice,INV_0420136,received,2025-09-27T08:23:00,SYSTEM-AP-INGEST,,,,ERP
EVT_0420300,invoice,INV_0420137,received,2025-04-26T08:32:00,SYSTEM-AP-INGEST,,,,ERP
EVT_0420301,invoice,INV_0420138,received,2025-07-17T08:38:00,SYSTEM-AP-INGEST,,,,ERP
EVT_0420302,invoice,INV_0420139,received,2025-06-12T08:24:00,SYSTEM-AP-INGEST,,,,ERP
EVT_0420303,invoice,INV_0420140,received,2026-04-20T08:31:00,SYSTEM-AP-INGEST,,,,ERP
EVT_0420304,invoice,INV_0420141,received,2025-03-29T08:44:00,SYSTEM-AP-INGEST,,,,ERP
EVT_0420305,invoice,INV_0420142,received,2025-12-26T08:59:00,SYSTEM-AP-INGEST,,,,ERP
EVT_0420306,invoice,INV_0420143,received,2025-10-22T08:10:00,SYSTEM-AP-INGEST,,,,ERP
EVT_0420307,invoice,INV_0420144,received,2026-04-16T08:08:00,SYSTEM-AP-INGEST,,,,ERP
EVT_0420308,invoice,INV_0420145,received,2025-10-21T08:53:00,SYSTEM-AP-INGEST,,,,ERP
EVT_0420309,invoice,INV_0420146,received,2025-10-19T08:03:00,SYSTEM-AP-INGEST,,,,ERP
EVT_0420310,invoice,INV_0420147,received,2025-04-29T08:00:00,SYSTEM-AP-INGEST,,,,ERP
EVT_0420311,invoice,INV_0420148,received,2025-12-10T08:12:00,SYSTEM-AP-INGEST,,,,ERP
EVT_0420312,invoice,INV_0420149,received,2026-06-03T08:35:00,SYSTEM-AP-INGEST,,,,ERP
EVT_0420313,invoice,INV_0420150,received,2026-05-22T08:50:00,SYSTEM-AP-INGEST,,,,ERP
EVT_0420314,invoice,INV_0420151,received,2025-10-13T08:32:00,SYSTEM-AP-INGEST,,,,ERP
EVT_0420315,invoice,INV_0420152,received_recurring,2026-06-14T08:52:00,SYSTEM-AP-INGEST,,,,ERP
EVT_0420316,invoice,INV_0420153,received,2025-02-17T08:48:00,SYSTEM-AP-INGEST,,,,ERP
EVT_0420317,invoice,INV_0420154,received,2025-02-04T08:51:00,SYSTEM-AP-INGEST,,,,ERP
EVT_0420318,invoice,INV_0420155,received,2026-03-19T08:22:00,SYSTEM-AP-INGEST,,,,ERP
EVT_0420319,invoice,INV_0420156,received,2025-06-23T08:48:00,SYSTEM-AP-INGEST,,,,ERP
EVT_0420320,invoice,INV_0420157,received,2025-10-14T08:31:00,SYSTEM-AP-INGEST,,,,ERP
EVT_0420321,invoice,INV_0420158,received,2026-03-03T08:44:00,SYSTEM-AP-INGEST,,,,ERP
EVT_0420322,invoice,INV_0420159,received,2026-05-18T08:40:00,SYSTEM-AP-INGEST,,,,ERP
EVT_0420323,invoice,INV_0420160,received,2025-03-09T08:50:00,SYSTEM-AP-INGEST,,,,ERP
EVT_0420324,invoice,INV_0420161,received,2025-02-19T08:27:00,SYSTEM-AP-INGEST,,,,ERP
EVT_0420325,invoice,INV_0420162,received,2025-05-21T08:10:00,SYSTEM-AP-INGEST,,,,ERP
EVT_0420326,invoice,INV_0420163,received_recurring,2025-03-26T08:44:00,SYSTEM-AP-INGEST,,,,ERP
EVT_0420327,invoice,INV_0420164,received,2025-04-08T08:43:00,SYSTEM-AP-INGEST,,,,ERP
EVT_0420328,invoice,INV_0420165,received,2025-12-18T08:20:00,SYSTEM-AP-INGEST,,,,ERP
EVT_0420329,invoice,INV_0420166,received,2026-02-01T08:13:00,SYSTEM-AP-INGEST,,,,ERP
EVT_0420330,invoice,INV_0420167,received,2026-03-02T08:46:00,SYSTEM-AP-INGEST,,,,ERP
EVT_0420331,invoice,INV_0420168,received,2025-11-23T08:18:00,SYSTEM-AP-INGEST,,,,ERP
EVT_0420332,invoice,INV_0420169,received,2025-11-06T08:31:00,SYSTEM-AP-INGEST,,,,ERP
EVT_0420333,invoice,INV_0420170,received,2025-03-14T08:01:00,SYSTEM-AP-INGEST,,,,ERP
EVT_0420334,invoice,INV_0420171,received,2025-08-09T08:40:00,SYSTEM-AP-INGEST,,,,ERP
EVT_0420335,invoice,INV_0420172,received,2025-10-15T08:37:00,SYSTEM-AP-INGEST,,,,ERP
EVT_0420336,invoice,INV_0420173,received,2025-03-09T08:29:00,SYSTEM-AP-INGEST,,,,ERP
EVT_0420337,invoice,INV_0420174,received,2025-07-04T08:16:00,SYSTEM-AP-INGEST,,,,ERP
EVT_0420338,invoice,INV_0420175,received,2025-10-07T08:40:00,SYSTEM-AP-INGEST,,,,ERP
EVT_0420339,invoice,INV_0420176,received_recurring,2026-03-01T08:03:00,SYSTEM-AP-INGEST,,,,ERP
EVT_0420340,invoice,INV_0420177,received,2026-01-12T08:54:00,SYSTEM-AP-INGEST,,,,ERP
EVT_0420341,invoice,INV_0420178,received,2026-05-02T08:58:00,SYSTEM-AP-INGEST,,,,ERP
EVT_0420342,invoice,INV_0420179,received,2025-03-24T08:04:00,SYSTEM-AP-INGEST,,,,ERP
EVT_0420343,invoice,INV_0420180,received,2025-11-17T08:47:00,SYSTEM-AP-INGEST,,,,ERP
EVT_0420344,invoice,INV_0420181,received,2026-05-26T08:56:00,SYSTEM-AP-INGEST,,,,ERP
EVT_0420345,invoice,INV_0420182,received_recurring,2025-03-24T08:24:00,SYSTEM-AP-INGEST,,,,ERP
EVT_0420346,invoice,INV_0420183,received,2025-04-21T08:26:00,SYSTEM-AP-INGEST,,,,ERP
EVT_0420347,invoice,INV_0420184,received,2025-03-28T08:27:00,SYSTEM-AP-INGEST,,,,ERP
EVT_0420348,invoice,INV_0420185,received,2025-10-27T08:08:00,SYSTEM-AP-INGEST,,,,ERP
EVT_0420349,invoice,INV_0420186,received,2025-06-10T08:28:00,SYSTEM-AP-INGEST,,,,ERP
EVT_0420350,invoice,INV_0420187,received,2025-05-05T08:09:00,SYSTEM-AP-INGEST,,,,ERP
EVT_0420351,invoice,INV_0420188,received_recurring,2026-03-31T08:32:00,SYSTEM-AP-INGEST,,,,ERP
EVT_0420352,invoice,INV_0420189,received_recurring,2025-09-09T08:01:00,SYSTEM-AP-INGEST,,,,ERP
EVT_0420353,invoice,INV_0420190,received,2025-09-14T08:08:00,SYSTEM-AP-INGEST,,,,ERP
EVT_0420354,invoice,INV_0420191,received,2025-03-31T08:51:00,SYSTEM-AP-INGEST,,,,ERP
EVT_0420355,invoice,INV_0420192,received,2025-12-09T08:11:00,SYSTEM-AP-INGEST,,,,ERP
EVT_0420356,invoice,INV_0420193,received,2025-10-13T08:30:00,SYSTEM-AP-INGEST,,,,ERP
EVT_0420357,invoice,INV_0420194,received_recurring,2025-12-06T08:26:00,SYSTEM-AP-INGEST,,,,ERP
EVT_0420358,invoice,INV_0420195,received,2025-09-16T08:17:00,SYSTEM-AP-INGEST,,,,ERP
EVT_0420359,invoice,INV_0420196,received,2025-08-17T08:14:00,SYSTEM-AP-INGEST,,,,ERP
EVT_0420360,invoice,INV_0420197,received,2025-09-05T08:11:00,SYSTEM-AP-INGEST,,,,ERP
EVT_0420361,invoice,INV_0420198,received,2026-01-04T08:31:00,SYSTEM-AP-INGEST,,,,ERP
EVT_0420362,invoice,INV_0420199,received_recurring,2025-03-07T08:14:00,SYSTEM-AP-INGEST,,,,ERP
EVT_0420363,invoice,INV_0420200,received_recurring,2025-04-27T08:58:00,SYSTEM-AP-INGEST,,,,ERP
EVT_0420364,invoice,INV_0420201,received,2025-12-16T08:49:00,SYSTEM-AP-INGEST,,,,ERP
EVT_0420365,invoice,INV_0420202,received_recurring,2025-06-02T08:23:00,SYSTEM-AP-INGEST,,,,ERP
EVT_0420366,invoice,INV_0420203,received,2025-04-19T08:20:00,SYSTEM-AP-INGEST,,,,ERP
EVT_0420367,invoice,INV_0420204,received,2026-01-02T08:11:00,SYSTEM-AP-INGEST,,,,ERP
EVT_0420368,invoice,INV_0420205,received,2026-02-08T08:09:00,SYSTEM-AP-INGEST,,,,ERP
EVT_0420369,invoice,INV_0420206,received,2025-12-24T08:13:00,SYSTEM-AP-INGEST,,,,ERP
EVT_0420370,invoice,INV_0420207,received,2025-09-21T08:56:00,SYSTEM-AP-INGEST,,,,ERP
EVT_0420371,invoice,INV_0420208,received,2025-12-26T08:18:00,SYSTEM-AP-INGEST,,,,ERP
EVT_0420372,invoice,INV_0420209,received_recurring,2025-12-17T08:21:00,SYSTEM-AP-INGEST,,,,ERP
EVT_0420373,invoice,INV_0420210,received,2025-03-23T08:10:00,SYSTEM-AP-INGEST,,,,ERP
EVT_0420374,invoice,INV_0420211,received,2025-03-01T08:59:00,SYSTEM-AP-INGEST,,,,ERP
EVT_0420375,invoice,INV_0420212,received,2025-10-19T08:09:00,SYSTEM-AP-INGEST,,,,ERP
EVT_0420376,invoice,INV_0420213,received_recurring,2026-06-10T08:18:00,SYSTEM-AP-INGEST,,,,ERP
EVT_0420377,invoice,INV_0420214,received,2026-05-07T08:30:00,SYSTEM-AP-INGEST,,,,ERP
EVT_0420378,invoice,INV_0420215,received,2026-02-15T08:02:00,SYSTEM-AP-INGEST,,,,ERP
EVT_0420379,invoice,INV_0420216,received,2025-08-25T08:22:00,SYSTEM-AP-INGEST,,,,ERP
EVT_0420380,invoice,INV_0420217,received,2025-08-21T08:25:00,SYSTEM-AP-INGEST,,,,ERP
EVT_0420381,invoice,INV_0420218,received,2026-06-04T08:27:00,SYSTEM-AP-INGEST,,,,ERP
EVT_0420382,invoice,INV_0420219,received,2025-06-01T08:50:00,SYSTEM-AP-INGEST,,,,ERP
EVT_0420383,invoice,INV_0420220,received,2026-03-06T08:59:00,SYSTEM-AP-INGEST,,,,ERP
EVT_0420384,invoice,INV_0420221,received_recurring,2025-04-17T08:55:00,SYSTEM-AP-INGEST,,,,ERP
EVT_0420385,invoice,INV_0420222,received,2026-03-01T08:38:00,SYSTEM-AP-INGEST,,,,ERP
EVT_0420386,invoice,INV_0420223,received,2026-02-12T08:01:00,SYSTEM-AP-INGEST,,,,ERP
EVT_0420387,invoice,INV_0420224,received,2025-11-17T08:17:00,SYSTEM-AP-INGEST,,,,ERP
EVT_0420388,invoice,INV_0420225,received,2025-04-06T08:55:00,SYSTEM-AP-INGEST,,,,ERP
EVT_0420389,invoice,INV_0420226,received,2025-06-13T08:53:00,SYSTEM-AP-INGEST,,,,ERP
EVT_0420390,invoice,INV_0420227,received_recurring,2026-04-14T08:58:00,SYSTEM-AP-INGEST,,,,ERP
EVT_0420391,invoice,INV_0420228,received,2026-01-17T08:28:00,SYSTEM-AP-INGEST,,,,ERP
EVT_0420392,invoice,INV_0420229,received,2025-12-26T08:54:00,SYSTEM-AP-INGEST,,,,ERP
EVT_0420393,invoice,INV_0420230,received,2025-08-20T08:00:00,SYSTEM-AP-INGEST,,,,ERP
EVT_0420394,invoice,INV_0420231,received,2025-06-30T08:54:00,SYSTEM-AP-INGEST,,,,ERP
EVT_0420395,invoice,INV_0420232,received,2026-04-28T08:53:00,SYSTEM-AP-INGEST,,,,ERP
EVT_0420396,invoice,INV_0420233,received,2025-10-22T08:20:00,SYSTEM-AP-INGEST,,,,ERP
EVT_0420397,invoice,INV_0420234,received,2025-11-07T08:08:00,SYSTEM-AP-INGEST,,,,ERP
EVT_0420398,invoice,INV_0420235,received,2025-10-31T08:21:00,SYSTEM-AP-INGEST,,,,ERP
EVT_0420399,invoice,INV_0420236,received,2026-05-06T08:08:00,SYSTEM-AP-INGEST,,,,ERP
EVT_0420400,invoice,INV_0420237,received,2025-07-09T08:26:00,SYSTEM-AP-INGEST,,,,ERP
EVT_0420401,invoice,INV_0420238,received,2025-09-25T08:32:00,SYSTEM-AP-INGEST,,,,ERP
EVT_0420402,invoice,INV_0420239,received_recurring,2026-01-28T08:26:00,SYSTEM-AP-INGEST,,,,ERP
EVT_0420403,invoice,INV_0420240,received_recurring,2025-09-07T08:21:00,SYSTEM-AP-INGEST,,,,ERP
EVT_0420404,invoice,INV_0420001,approval_completed,2025-06-08T17:00:00,SYSTEM-WORKFLOW,status,received,approved,ERP-Workflow
EVT_0420405,invoice,INV_0420002,approval_completed,2026-05-09T17:00:00,SYSTEM-WORKFLOW,status,received,approved,ERP-Workflow
EVT_0420406,invoice,INV_0420003,approval_completed,2025-11-16T17:00:00,SYSTEM-WORKFLOW,status,received,approved,ERP-Workflow
EVT_0420407,invoice,INV_0420004,approval_completed,2026-01-17T17:00:00,SYSTEM-WORKFLOW,status,received,approved,ERP-Workflow
EVT_0420408,invoice,INV_0420005,approval_completed,2025-06-19T17:00:00,SYSTEM-WORKFLOW,status,received,approved,ERP-Workflow
EVT_0420409,invoice,INV_0420006,approval_completed,2025-06-05T17:00:00,SYSTEM-WORKFLOW,status,received,approved,ERP-Workflow
EVT_0420410,invoice,INV_0420007,approval_completed,2025-09-29T17:00:00,SYSTEM-WORKFLOW,status,received,approved,ERP-Workflow
EVT_0420411,invoice,INV_0420008,approval_completed,2025-02-19T17:00:00,SYSTEM-WORKFLOW,status,received,approved,ERP-Workflow
EVT_0420412,invoice,INV_0420009,approval_completed,2025-03-30T17:00:00,SYSTEM-WORKFLOW,status,received,approved,ERP-Workflow
EVT_0420413,invoice,INV_0420010,approval_completed,2025-10-05T17:00:00,SYSTEM-WORKFLOW,status,received,approved,ERP-Workflow
EVT_0420414,invoice,INV_0420011,approval_completed,2025-04-04T17:00:00,SYSTEM-WORKFLOW,status,received,approved,ERP-Workflow
EVT_0420415,invoice,INV_0420012,approval_completed,2026-03-09T17:00:00,SYSTEM-WORKFLOW,status,received,approved,ERP-Workflow
EVT_0420416,invoice,INV_0420013,approval_completed,2025-10-18T17:00:00,SYSTEM-WORKFLOW,status,received,approved,ERP-Workflow
EVT_0420417,invoice,INV_0420014,approval_completed,2025-06-03T17:00:00,SYSTEM-WORKFLOW,status,received,approved,ERP-Workflow
EVT_0420418,invoice,INV_0420015,approval_completed,2025-01-28T17:00:00,SYSTEM-WORKFLOW,status,received,approved,ERP-Workflow
EVT_0420419,invoice,INV_0420016,approval_completed,2025-01-22T17:00:00,SYSTEM-WORKFLOW,status,received,approved,ERP-Workflow
EVT_0420420,invoice,INV_0420017,approval_completed,2026-05-28T17:00:00,SYSTEM-WORKFLOW,status,received,approved,ERP-Workflow
EVT_0420421,invoice,INV_0420018,approval_completed,2026-05-16T17:00:00,SYSTEM-WORKFLOW,status,received,approved,ERP-Workflow
EVT_0420422,invoice,INV_0420019,approval_completed,2025-03-11T17:00:00,SYSTEM-WORKFLOW,status,received,approved,ERP-Workflow
EVT_0420423,invoice,INV_0420020,approval_completed,2025-04-04T17:00:00,SYSTEM-WORKFLOW,status,received,approved,ERP-Workflow
EVT_0420424,invoice,INV_0420021,approval_completed,2026-01-29T17:00:00,SYSTEM-WORKFLOW,status,received,approved,ERP-Workflow
EVT_0420425,invoice,INV_0420022,approval_completed,2025-10-26T17:00:00,SYSTEM-WORKFLOW,status,received,approved,ERP-Workflow
EVT_0420426,invoice,INV_0420023,approval_completed,2025-08-07T17:00:00,SYSTEM-WORKFLOW,status,received,approved,ERP-Workflow
EVT_0420427,invoice,INV_0420024,approval_completed,2025-07-14T17:00:00,SYSTEM-WORKFLOW,status,received,approved,ERP-Workflow
EVT_0420428,invoice,INV_0420025,approval_completed,2025-09-15T17:00:00,SYSTEM-WORKFLOW,status,received,approved,ERP-Workflow
EVT_0420429,invoice,INV_0420026,approval_completed,2025-05-12T17:00:00,SYSTEM-WORKFLOW,status,received,approved,ERP-Workflow
EVT_0420430,invoice,INV_0420027,approval_completed,2025-09-14T17:00:00,SYSTEM-WORKFLOW,status,received,approved,ERP-Workflow
EVT_0420431,invoice,INV_0420028,approval_completed,2026-01-20T17:00:00,SYSTEM-WORKFLOW,status,received,approved,ERP-Workflow
EVT_0420432,invoice,INV_0420029,approval_completed,2025-11-20T17:00:00,SYSTEM-WORKFLOW,status,received,approved,ERP-Workflow
EVT_0420433,invoice,INV_0420030,approval_completed,2025-10-10T17:00:00,SYSTEM-WORKFLOW,status,received,approved,ERP-Workflow
EVT_0420434,invoice,INV_0420031,approval_completed,2025-06-22T17:00:00,SYSTEM-WORKFLOW,status,received,approved,ERP-Workflow
EVT_0420435,invoice,INV_0420032,approval_completed,2025-08-09T17:00:00,SYSTEM-WORKFLOW,status,received,approved,ERP-Workflow
EVT_0420436,invoice,INV_0420033,approval_completed,2026-01-08T17:00:00,SYSTEM-WORKFLOW,status,received,approved,ERP-Workflow
EVT_0420437,invoice,INV_0420034,approval_completed,2025-04-16T17:00:00,SYSTEM-WORKFLOW,status,received,approved,ERP-Workflow
EVT_0420438,invoice,INV_0420035,approval_completed,2026-01-11T17:00:00,SYSTEM-WORKFLOW,status,received,approved,ERP-Workflow
EVT_0420439,invoice,INV_0420036,approval_completed,2025-08-26T17:00:00,SYSTEM-WORKFLOW,status,received,approved,ERP-Workflow
EVT_0420440,invoice,INV_0420037,approval_completed,2026-04-14T17:00:00,SYSTEM-WORKFLOW,status,received,approved,ERP-Workflow
EVT_0420441,invoice,INV_0420038,approval_completed,2026-03-25T17:00:00,SYSTEM-WORKFLOW,status,received,approved,ERP-Workflow
EVT_0420442,invoice,INV_0420039,approval_completed,2026-05-21T17:00:00,SYSTEM-WORKFLOW,status,received,approved,ERP-Workflow
EVT_0420443,invoice,INV_0420040,approval_completed,2026-05-19T17:00:00,SYSTEM-WORKFLOW,status,received,approved,ERP-Workflow
EVT_0420444,invoice,INV_0420041,approval_completed,2026-01-30T17:00:00,SYSTEM-WORKFLOW,status,received,approved,ERP-Workflow
EVT_0420445,invoice,INV_0420042,approval_completed,2025-12-05T17:00:00,SYSTEM-WORKFLOW,status,received,approved,ERP-Workflow
EVT_0420446,invoice,INV_0420043,approval_completed,2026-03-27T17:00:00,SYSTEM-WORKFLOW,status,received,approved,ERP-Workflow
EVT_0420447,invoice,INV_0420044,approval_completed,2026-01-04T17:00:00,SYSTEM-WORKFLOW,status,received,approved,ERP-Workflow
EVT_0420448,invoice,INV_0420045,approval_completed,2026-01-02T17:00:00,SYSTEM-WORKFLOW,status,received,approved,ERP-Workflow
EVT_0420449,invoice,INV_0420046,approval_completed,2025-12-16T17:00:00,SYSTEM-WORKFLOW,status,received,approved,ERP-Workflow
EVT_0420450,invoice,INV_0420047,approval_completed,2025-10-07T17:00:00,SYSTEM-WORKFLOW,status,received,approved,ERP-Workflow
EVT_0420451,invoice,INV_0420048,approval_completed,2025-05-13T17:00:00,SYSTEM-WORKFLOW,status,received,approved,ERP-Workflow
EVT_0420452,invoice,INV_0420049,approval_completed,2025-04-02T17:00:00,SYSTEM-WORKFLOW,status,received,approved,ERP-Workflow
EVT_0420453,invoice,INV_0420050,approval_completed,2025-06-22T17:00:00,SYSTEM-WORKFLOW,status,received,approved,ERP-Workflow
EVT_0420454,invoice,INV_0420051,approval_completed,2025-09-09T17:00:00,SYSTEM-WORKFLOW,status,received,approved,ERP-Workflow
EVT_0420455,invoice,INV_0420052,approval_completed,2026-02-26T17:00:00,SYSTEM-WORKFLOW,status,received,approved,ERP-Workflow
EVT_0420456,invoice,INV_0420053,approval_completed,2025-03-18T17:00:00,SYSTEM-WORKFLOW,status,received,approved,ERP-Workflow
EVT_0420457,invoice,INV_0420054,approval_completed,2026-04-11T17:00:00,SYSTEM-WORKFLOW,status,received,approved,ERP-Workflow
EVT_0420458,invoice,INV_0420055,approval_completed,2026-03-02T17:00:00,SYSTEM-WORKFLOW,status,received,approved,ERP-Workflow
EVT_0420459,invoice,INV_0420056,approval_completed,2025-05-30T17:00:00,SYSTEM-WORKFLOW,status,received,approved,ERP-Workflow
EVT_0420460,invoice,INV_0420057,approval_completed,2025-05-11T17:00:00,SYSTEM-WORKFLOW,status,received,approved,ERP-Workflow
EVT_0420461,invoice,INV_0420058,approval_completed,2025-11-01T17:00:00,SYSTEM-WORKFLOW,status,received,approved,ERP-Workflow
EVT_0420462,invoice,INV_0420059,approval_completed,2026-05-04T17:00:00,SYSTEM-WORKFLOW,status,received,approved,ERP-Workflow
EVT_0420463,invoice,INV_0420060,approval_completed,2026-05-26T17:00:00,SYSTEM-WORKFLOW,status,received,approved,ERP-Workflow
EVT_0420464,invoice,INV_0420061,approval_completed,2026-05-06T17:00:00,SYSTEM-WORKFLOW,status,received,approved,ERP-Workflow
EVT_0420465,invoice,INV_0420062,approval_completed,2025-10-21T17:00:00,SYSTEM-WORKFLOW,status,received,approved,ERP-Workflow
EVT_0420466,invoice,INV_0420063,approval_completed,2026-04-15T17:00:00,SYSTEM-WORKFLOW,status,received,approved,ERP-Workflow
EVT_0420467,invoice,INV_0420064,approval_completed,2026-03-02T17:00:00,SYSTEM-WORKFLOW,status,received,approved,ERP-Workflow
EVT_0420468,invoice,INV_0420065,approval_completed,2025-09-06T17:00:00,SYSTEM-WORKFLOW,status,received,approved,ERP-Workflow
EVT_0420469,invoice,INV_0420066,approval_completed,2026-03-03T17:00:00,SYSTEM-WORKFLOW,status,received,approved,ERP-Workflow
EVT_0420470,invoice,INV_0420067,approval_completed,2026-06-16T17:00:00,SYSTEM-WORKFLOW,status,received,approved,ERP-Workflow
EVT_0420471,invoice,INV_0420068,approval_completed,2026-02-03T17:00:00,SYSTEM-WORKFLOW,status,received,approved,ERP-Workflow
EVT_0420472,invoice,INV_0420069,approval_completed,2025-02-13T17:00:00,SYSTEM-WORKFLOW,status,received,approved,ERP-Workflow
EVT_0420473,invoice,INV_0420070,approval_completed,2025-03-23T17:00:00,SYSTEM-WORKFLOW,status,received,approved,ERP-Workflow
EVT_0420474,invoice,INV_0420071,approval_completed,2025-04-22T17:00:00,SYSTEM-WORKFLOW,status,received,approved,ERP-Workflow
EVT_0420475,invoice,INV_0420072,approval_completed,2025-05-16T17:00:00,SYSTEM-WORKFLOW,status,received,approved,ERP-Workflow
EVT_0420476,invoice,INV_0420073,approval_completed,2025-04-11T17:00:00,SYSTEM-WORKFLOW,status,received,approved,ERP-Workflow
EVT_0420477,invoice,INV_0420074,approval_completed,2025-11-05T17:00:00,SYSTEM-WORKFLOW,status,received,approved,ERP-Workflow
EVT_0420478,invoice,INV_0420075,approval_completed,2025-07-24T17:00:00,SYSTEM-WORKFLOW,status,received,approved,ERP-Workflow
EVT_0420479,invoice,INV_0420076,approval_completed,2025-06-01T17:00:00,SYSTEM-WORKFLOW,status,received,approved,ERP-Workflow
EVT_0420480,invoice,INV_0420077,approval_completed,2025-10-08T17:00:00,SYSTEM-WORKFLOW,status,received,approved,ERP-Workflow
EVT_0420481,invoice,INV_0420078,approval_completed,2026-05-31T17:00:00,SYSTEM-WORKFLOW,status,received,approved,ERP-Workflow
EVT_0420482,invoice,INV_0420079,approval_completed,2026-03-24T17:00:00,SYSTEM-WORKFLOW,status,received,approved,ERP-Workflow
EVT_0420483,invoice,INV_0420080,approval_completed,2025-07-21T17:00:00,SYSTEM-WORKFLOW,status,received,approved,ERP-Workflow
EVT_0420484,invoice,INV_0420081,approval_completed,2026-03-15T17:00:00,SYSTEM-WORKFLOW,status,received,approved,ERP-Workflow
EVT_0420485,invoice,INV_0420082,approval_completed,2025-10-02T17:00:00,SYSTEM-WORKFLOW,status,received,approved,ERP-Workflow
EVT_0420486,invoice,INV_0420083,approval_completed,2026-06-08T17:00:00,SYSTEM-WORKFLOW,status,received,approved,ERP-Workflow
EVT_0420487,invoice,INV_0420084,approval_completed,2025-09-15T17:00:00,SYSTEM-WORKFLOW,status,received,approved,ERP-Workflow
EVT_0420488,invoice,INV_0420085,approval_completed,2025-05-10T17:00:00,SYSTEM-WORKFLOW,status,received,approved,ERP-Workflow
EVT_0420489,invoice,INV_0420086,approval_completed,2025-04-03T17:00:00,SYSTEM-WORKFLOW,status,received,approved,ERP-Workflow
EVT_0420490,invoice,INV_0420087,approval_completed,2026-04-08T17:00:00,SYSTEM-WORKFLOW,status,received,approved,ERP-Workflow
EVT_0420491,invoice,INV_0420088,approval_completed,2025-12-06T17:00:00,SYSTEM-WORKFLOW,status,received,approved,ERP-Workflow
EVT_0420492,invoice,INV_0420089,approval_completed,2026-05-02T17:00:00,SYSTEM-WORKFLOW,status,received,approved,ERP-Workflow
EVT_0420493,invoice,INV_0420090,approval_completed,2025-03-02T17:00:00,SYSTEM-WORKFLOW,status,received,approved,ERP-Workflow
EVT_0420494,invoice,INV_0420091,approval_completed,2025-04-13T17:00:00,SYSTEM-WORKFLOW,status,received,approved,ERP-Workflow
EVT_0420495,invoice,INV_0420092,approval_completed,2025-12-26T17:00:00,SYSTEM-WORKFLOW,status,received,approved,ERP-Workflow
EVT_0420496,invoice,INV_0420093,approval_completed,2025-02-28T17:00:00,SYSTEM-WORKFLOW,status,received,approved,ERP-Workflow
EVT_0420497,invoice,INV_0420094,approval_completed,2025-04-18T17:00:00,SYSTEM-WORKFLOW,status,received,approved,ERP-Workflow
EVT_0420498,invoice,INV_0420095,approval_completed,2025-10-02T17:00:00,SYSTEM-WORKFLOW,status,received,approved,ERP-Workflow
EVT_0420499,invoice,INV_0420096,approval_completed,2026-04-27T17:00:00,SYSTEM-WORKFLOW,status,received,approved,ERP-Workflow
EVT_0420500,invoice,INV_0420097,approval_completed,2026-02-07T17:00:00,SYSTEM-WORKFLOW,status,received,approved,ERP-Workflow
EVT_0420501,invoice,INV_0420098,approval_completed,2025-11-01T17:00:00,SYSTEM-WORKFLOW,status,received,approved,ERP-Workflow
EVT_0420502,invoice,INV_0420099,approval_completed,2026-04-20T17:00:00,SYSTEM-WORKFLOW,status,received,approved,ERP-Workflow
EVT_0420503,invoice,INV_0420100,approval_completed,2025-06-07T17:00:00,SYSTEM-WORKFLOW,status,received,approved,ERP-Workflow
EVT_0420504,invoice,INV_0420101,approval_completed,2025-08-11T17:00:00,SYSTEM-WORKFLOW,status,received,approved,ERP-Workflow
EVT_0420505,invoice,INV_0420102,approval_completed,2025-09-16T17:00:00,SYSTEM-WORKFLOW,status,received,approved,ERP-Workflow
EVT_0420506,invoice,INV_0420103,approval_completed,2025-01-20T17:00:00,SYSTEM-WORKFLOW,status,received,approved,ERP-Workflow
EVT_0420507,invoice,INV_0420104,approval_completed,2026-06-03T17:00:00,SYSTEM-WORKFLOW,status,received,approved,ERP-Workflow
EVT_0420508,invoice,INV_0420105,approval_completed,2025-02-07T17:00:00,SYSTEM-WORKFLOW,status,received,approved,ERP-Workflow
EVT_0420509,invoice,INV_0420106,approval_completed,2025-06-27T17:00:00,SYSTEM-WORKFLOW,status,received,approved,ERP-Workflow
EVT_0420510,invoice,INV_0420107,approval_completed,2025-11-10T17:00:00,SYSTEM-WORKFLOW,status,received,approved,ERP-Workflow
EVT_0420511,invoice,INV_0420108,approval_completed,2025-07-16T17:00:00,SYSTEM-WORKFLOW,status,received,approved,ERP-Workflow
EVT_0420512,invoice,INV_0420109,approval_completed,2025-08-21T17:00:00,SYSTEM-WORKFLOW,status,received,approved,ERP-Workflow
EVT_0420513,invoice,INV_0420110,approval_completed,2026-04-04T17:00:00,SYSTEM-WORKFLOW,status,received,approved,ERP-Workflow
EVT_0420514,invoice,INV_0420111,approval_completed,2025-03-25T17:00:00,SYSTEM-WORKFLOW,status,received,approved,ERP-Workflow
EVT_0420515,invoice,INV_0420112,approval_completed,2025-05-21T17:00:00,SYSTEM-WORKFLOW,status,received,approved,ERP-Workflow
EVT_0420516,invoice,INV_0420113,approval_completed,2025-11-29T17:00:00,SYSTEM-WORKFLOW,status,received,approved,ERP-Workflow
EVT_0420517,invoice,INV_0420114,approval_completed,2025-09-22T17:00:00,SYSTEM-WORKFLOW,status,received,approved,ERP-Workflow
EVT_0420518,invoice,INV_0420115,approval_completed,2025-06-16T17:00:00,SYSTEM-WORKFLOW,status,received,approved,ERP-Workflow
EVT_0420519,invoice,INV_0420116,approval_completed,2025-03-21T17:00:00,SYSTEM-WORKFLOW,status,received,approved,ERP-Workflow
EVT_0420520,invoice,INV_0420117,approval_completed,2026-04-01T17:00:00,SYSTEM-WORKFLOW,status,received,approved,ERP-Workflow
EVT_0420521,invoice,INV_0420118,approval_completed,2025-02-05T17:00:00,SYSTEM-WORKFLOW,status,received,approved,ERP-Workflow
EVT_0420522,invoice,INV_0420119,approval_completed,2025-06-22T17:00:00,SYSTEM-WORKFLOW,status,received,approved,ERP-Workflow
EVT_0420523,invoice,INV_0420120,approval_completed,2025-09-01T17:00:00,SYSTEM-WORKFLOW,status,received,approved,ERP-Workflow
EVT_0420524,invoice,INV_0420121,approval_completed,2026-03-11T17:00:00,SYSTEM-WORKFLOW,status,received,approved,ERP-Workflow
EVT_0420525,invoice,INV_0420122,approval_completed,2026-03-18T17:00:00,SYSTEM-WORKFLOW,status,received,approved,ERP-Workflow
EVT_0420526,invoice,INV_0420123,approval_completed,2025-05-14T17:00:00,SYSTEM-WORKFLOW,status,received,approved,ERP-Workflow
EVT_0420527,invoice,INV_0420124,approval_completed,2026-05-09T17:00:00,SYSTEM-WORKFLOW,status,received,approved,ERP-Workflow
EVT_0420528,invoice,INV_0420125,approval_completed,2025-02-22T17:00:00,SYSTEM-WORKFLOW,status,received,approved,ERP-Workflow
EVT_0420529,invoice,INV_0420126,approval_completed,2026-01-06T17:00:00,SYSTEM-WORKFLOW,status,received,approved,ERP-Workflow
EVT_0420530,invoice,INV_0420127,approval_completed,2026-02-20T17:00:00,SYSTEM-WORKFLOW,status,received,approved,ERP-Workflow
EVT_0420531,invoice,INV_0420128,approval_completed,2026-03-18T17:00:00,SYSTEM-WORKFLOW,status,received,approved,ERP-Workflow
EVT_0420532,invoice,INV_0420129,approval_completed,2025-02-23T17:00:00,SYSTEM-WORKFLOW,status,received,approved,ERP-Workflow
EVT_0420533,invoice,INV_0420130,approval_completed,2026-01-24T17:00:00,SYSTEM-WORKFLOW,status,received,approved,ERP-Workflow
EVT_0420534,invoice,INV_0420131,approval_completed,2026-01-03T17:00:00,SYSTEM-WORKFLOW,status,received,approved,ERP-Workflow
EVT_0420535,invoice,INV_0420132,approval_completed,2026-02-19T17:00:00,SYSTEM-WORKFLOW,status,received,approved,ERP-Workflow
EVT_0420536,invoice,INV_0420133,approval_completed,2025-06-05T17:00:00,SYSTEM-WORKFLOW,status,received,approved,ERP-Workflow
EVT_0420537,invoice,INV_0420134,approval_completed,2026-05-26T17:00:00,SYSTEM-WORKFLOW,status,received,approved,ERP-Workflow
EVT_0420538,invoice,INV_0420135,approval_completed,2025-01-24T17:00:00,SYSTEM-WORKFLOW,status,received,approved,ERP-Workflow
EVT_0420539,invoice,INV_0420136,approval_completed,2025-09-28T17:00:00,SYSTEM-WORKFLOW,status,received,approved,ERP-Workflow
EVT_0420540,invoice,INV_0420137,approval_completed,2025-04-28T17:00:00,SYSTEM-WORKFLOW,status,received,approved,ERP-Workflow
EVT_0420541,invoice,INV_0420138,approval_completed,2025-07-19T17:00:00,SYSTEM-WORKFLOW,status,received,approved,ERP-Workflow
EVT_0420542,invoice,INV_0420139,approval_completed,2025-06-13T17:00:00,SYSTEM-WORKFLOW,status,received,approved,ERP-Workflow
EVT_0420543,invoice,INV_0420140,approval_completed,2026-04-21T17:00:00,SYSTEM-WORKFLOW,status,received,approved,ERP-Workflow
EVT_0420544,invoice,INV_0420141,approval_completed,2025-03-31T17:00:00,SYSTEM-WORKFLOW,status,received,approved,ERP-Workflow
EVT_0420545,invoice,INV_0420142,approval_completed,2025-12-27T17:00:00,SYSTEM-WORKFLOW,status,received,approved,ERP-Workflow
EVT_0420546,invoice,INV_0420143,approval_completed,2025-10-23T17:00:00,SYSTEM-WORKFLOW,status,received,approved,ERP-Workflow
EVT_0420547,invoice,INV_0420144,approval_completed,2026-04-17T17:00:00,SYSTEM-WORKFLOW,status,received,approved,ERP-Workflow
EVT_0420548,invoice,INV_0420145,approval_completed,2025-10-22T17:00:00,SYSTEM-WORKFLOW,status,received,approved,ERP-Workflow
EVT_0420549,invoice,INV_0420146,approval_completed,2025-10-20T17:00:00,SYSTEM-WORKFLOW,status,received,approved,ERP-Workflow
EVT_0420550,invoice,INV_0420147,approval_completed,2025-04-30T17:00:00,SYSTEM-WORKFLOW,status,received,approved,ERP-Workflow
EVT_0420551,invoice,INV_0420148,approval_completed,2025-12-11T17:00:00,SYSTEM-WORKFLOW,status,received,approved,ERP-Workflow
EVT_0420552,invoice,INV_0420149,approval_completed,2026-06-05T17:00:00,SYSTEM-WORKFLOW,status,received,approved,ERP-Workflow
EVT_0420553,invoice,INV_0420150,approval_completed,2026-05-23T17:00:00,SYSTEM-WORKFLOW,status,received,approved,ERP-Workflow
EVT_0420554,invoice,INV_0420151,approval_completed,2025-10-15T17:00:00,SYSTEM-WORKFLOW,status,received,approved,ERP-Workflow
EVT_0420555,invoice,INV_0420152,approval_completed,2026-06-15T17:00:00,SYSTEM-WORKFLOW,status,received,approved,ERP-Workflow
EVT_0420556,invoice,INV_0420153,approval_completed,2025-02-19T17:00:00,SYSTEM-WORKFLOW,status,received,approved,ERP-Workflow
EVT_0420557,invoice,INV_0420154,approval_completed,2025-02-05T17:00:00,SYSTEM-WORKFLOW,status,received,approved,ERP-Workflow
EVT_0420558,invoice,INV_0420155,approval_completed,2026-03-20T17:00:00,SYSTEM-WORKFLOW,status,received,approved,ERP-Workflow
EVT_0420559,invoice,INV_0420156,approval_completed,2025-06-24T17:00:00,SYSTEM-WORKFLOW,status,received,approved,ERP-Workflow
EVT_0420560,invoice,INV_0420157,approval_completed,2025-10-15T17:00:00,SYSTEM-WORKFLOW,status,received,approved,ERP-Workflow
EVT_0420561,invoice,INV_0420158,approval_completed,2026-03-04T17:00:00,SYSTEM-WORKFLOW,status,received,approved,ERP-Workflow
EVT_0420562,invoice,INV_0420159,approval_completed,2026-05-19T17:00:00,SYSTEM-WORKFLOW,status,received,approved,ERP-Workflow
EVT_0420563,invoice,INV_0420160,approval_completed,2025-03-11T17:00:00,SYSTEM-WORKFLOW,status,received,approved,ERP-Workflow
EVT_0420564,invoice,INV_0420161,approval_completed,2025-02-20T17:00:00,SYSTEM-WORKFLOW,status,received,approved,ERP-Workflow
EVT_0420565,invoice,INV_0420162,approval_completed,2025-05-22T17:00:00,SYSTEM-WORKFLOW,status,received,approved,ERP-Workflow
EVT_0420566,invoice,INV_0420163,approval_completed,2025-03-27T17:00:00,SYSTEM-WORKFLOW,status,received,approved,ERP-Workflow
EVT_0420567,invoice,INV_0420164,approval_completed,2025-04-09T17:00:00,SYSTEM-WORKFLOW,status,received,approved,ERP-Workflow
EVT_0420568,invoice,INV_0420165,approval_completed,2025-12-19T17:00:00,SYSTEM-WORKFLOW,status,received,approved,ERP-Workflow
EVT_0420569,invoice,INV_0420166,approval_completed,2026-02-02T17:00:00,SYSTEM-WORKFLOW,status,received,approved,ERP-Workflow
EVT_0420570,invoice,INV_0420167,approval_completed,2026-03-04T17:00:00,SYSTEM-WORKFLOW,status,received,approved,ERP-Workflow
EVT_0420571,invoice,INV_0420168,approval_completed,2025-11-24T17:00:00,SYSTEM-WORKFLOW,status,received,approved,ERP-Workflow
EVT_0420572,invoice,INV_0420169,approval_completed,2025-11-07T17:00:00,SYSTEM-WORKFLOW,status,received,approved,ERP-Workflow
EVT_0420573,invoice,INV_0420170,approval_completed,2025-03-15T17:00:00,SYSTEM-WORKFLOW,status,received,approved,ERP-Workflow
EVT_0420574,invoice,INV_0420171,approval_completed,2025-08-10T17:00:00,SYSTEM-WORKFLOW,status,received,approved,ERP-Workflow
EVT_0420575,invoice,INV_0420172,approval_completed,2025-10-16T17:00:00,SYSTEM-WORKFLOW,status,received,approved,ERP-Workflow
EVT_0420576,invoice,INV_0420173,approval_completed,2025-03-10T17:00:00,SYSTEM-WORKFLOW,status,received,approved,ERP-Workflow
EVT_0420577,invoice,INV_0420174,approval_completed,2025-07-05T17:00:00,SYSTEM-WORKFLOW,status,received,approved,ERP-Workflow
EVT_0420578,invoice,INV_0420175,approval_completed,2025-10-09T17:00:00,SYSTEM-WORKFLOW,status,received,approved,ERP-Workflow
EVT_0420579,invoice,INV_0420176,approval_completed,2026-03-02T17:00:00,SYSTEM-WORKFLOW,status,received,approved,ERP-Workflow
EVT_0420580,invoice,INV_0420177,approval_completed,2026-01-13T17:00:00,SYSTEM-WORKFLOW,status,received,approved,ERP-Workflow
EVT_0420581,invoice,INV_0420178,approval_completed,2026-05-03T17:00:00,SYSTEM-WORKFLOW,status,received,approved,ERP-Workflow
EVT_0420582,invoice,INV_0420179,approval_completed,2025-03-25T17:00:00,SYSTEM-WORKFLOW,status,received,approved,ERP-Workflow
EVT_0420583,invoice,INV_0420180,approval_completed,2025-11-18T17:00:00,SYSTEM-WORKFLOW,status,received,approved,ERP-Workflow
EVT_0420584,invoice,INV_0420181,approval_completed,2026-05-27T17:00:00,SYSTEM-WORKFLOW,status,received,approved,ERP-Workflow
EVT_0420585,invoice,INV_0420182,approval_completed,2025-03-25T17:00:00,SYSTEM-WORKFLOW,status,received,approved,ERP-Workflow
EVT_0420586,invoice,INV_0420183,approval_completed,2025-04-22T17:00:00,SYSTEM-WORKFLOW,status,received,approved,ERP-Workflow
EVT_0420587,invoice,INV_0420184,approval_completed,2025-03-29T17:00:00,SYSTEM-WORKFLOW,status,received,approved,ERP-Workflow
EVT_0420588,invoice,INV_0420185,approval_completed,2025-10-28T17:00:00,SYSTEM-WORKFLOW,status,received,approved,ERP-Workflow
EVT_0420589,invoice,INV_0420186,approval_completed,2025-06-11T17:00:00,SYSTEM-WORKFLOW,status,received,approved,ERP-Workflow
EVT_0420590,invoice,INV_0420187,approval_completed,2025-05-06T17:00:00,SYSTEM-WORKFLOW,status,received,approved,ERP-Workflow
EVT_0420591,invoice,INV_0420188,approval_completed,2026-04-02T17:00:00,SYSTEM-WORKFLOW,status,received,approved,ERP-Workflow
EVT_0420592,invoice,INV_0420189,approval_completed,2025-09-10T17:00:00,SYSTEM-WORKFLOW,status,received,approved,ERP-Workflow
EVT_0420593,invoice,INV_0420190,approval_completed,2025-09-15T17:00:00,SYSTEM-WORKFLOW,status,received,approved,ERP-Workflow
EVT_0420594,invoice,INV_0420191,approval_completed,2025-04-01T17:00:00,SYSTEM-WORKFLOW,status,received,approved,ERP-Workflow
EVT_0420595,invoice,INV_0420192,approval_completed,2025-12-10T17:00:00,SYSTEM-WORKFLOW,status,received,approved,ERP-Workflow
EVT_0420596,invoice,INV_0420193,approval_completed,2025-10-14T17:00:00,SYSTEM-WORKFLOW,status,received,approved,ERP-Workflow
EVT_0420597,invoice,INV_0420194,approval_completed,2025-12-07T17:00:00,SYSTEM-WORKFLOW,status,received,approved,ERP-Workflow
EVT_0420598,invoice,INV_0420195,approval_completed,2025-09-17T17:00:00,SYSTEM-WORKFLOW,status,received,approved,ERP-Workflow
EVT_0420599,invoice,INV_0420196,approval_completed,2025-08-18T17:00:00,SYSTEM-WORKFLOW,status,received,approved,ERP-Workflow
EVT_0420600,invoice,INV_0420197,approval_completed,2025-09-06T17:00:00,SYSTEM-WORKFLOW,status,received,approved,ERP-Workflow
EVT_0420601,invoice,INV_0420198,approval_completed,2026-01-05T17:00:00,SYSTEM-WORKFLOW,status,received,approved,ERP-Workflow
EVT_0420602,invoice,INV_0420199,approval_completed,2025-03-08T17:00:00,SYSTEM-WORKFLOW,status,received,approved,ERP-Workflow
EVT_0420603,invoice,INV_0420200,approval_completed,2025-04-28T17:00:00,SYSTEM-WORKFLOW,status,received,approved,ERP-Workflow
EVT_0420604,invoice,INV_0420201,approval_completed,2025-12-17T17:00:00,SYSTEM-WORKFLOW,status,received,approved,ERP-Workflow
EVT_0420605,invoice,INV_0420202,approval_completed,2025-06-03T17:00:00,SYSTEM-WORKFLOW,status,received,approved,ERP-Workflow
EVT_0420606,invoice,INV_0420203,approval_completed,2025-04-20T17:00:00,SYSTEM-WORKFLOW,status,received,approved,ERP-Workflow
EVT_0420607,invoice,INV_0420204,approval_completed,2026-01-03T17:00:00,SYSTEM-WORKFLOW,status,received,approved,ERP-Workflow
EVT_0420608,invoice,INV_0420205,approval_completed,2026-02-09T17:00:00,SYSTEM-WORKFLOW,status,received,approved,ERP-Workflow
EVT_0420609,invoice,INV_0420206,approval_completed,2025-12-25T17:00:00,SYSTEM-WORKFLOW,status,received,approved,ERP-Workflow
EVT_0420610,invoice,INV_0420207,approval_completed,2025-09-22T17:00:00,SYSTEM-WORKFLOW,status,received,approved,ERP-Workflow
EVT_0420611,invoice,INV_0420208,approval_completed,2025-12-27T17:00:00,SYSTEM-WORKFLOW,status,received,approved,ERP-Workflow
EVT_0420612,invoice,INV_0420209,approval_completed,2025-12-18T17:00:00,SYSTEM-WORKFLOW,status,received,approved,ERP-Workflow
EVT_0420613,invoice,INV_0420210,approval_completed,2025-03-24T17:00:00,SYSTEM-WORKFLOW,status,received,approved,ERP-Workflow
EVT_0420614,invoice,INV_0420211,approval_completed,2025-03-02T17:00:00,SYSTEM-WORKFLOW,status,received,approved,ERP-Workflow
EVT_0420615,invoice,INV_0420212,approval_completed,2025-10-20T17:00:00,SYSTEM-WORKFLOW,status,received,approved,ERP-Workflow
EVT_0420616,invoice,INV_0420213,approval_completed,2026-06-11T17:00:00,SYSTEM-WORKFLOW,status,received,approved,ERP-Workflow
EVT_0420617,invoice,INV_0420214,approval_completed,2026-05-08T17:00:00,SYSTEM-WORKFLOW,status,received,approved,ERP-Workflow
EVT_0420618,invoice,INV_0420215,approval_completed,2026-02-16T17:00:00,SYSTEM-WORKFLOW,status,received,approved,ERP-Workflow
EVT_0420619,invoice,INV_0420216,approval_completed,2025-08-26T17:00:00,SYSTEM-WORKFLOW,status,received,approved,ERP-Workflow
EVT_0420620,invoice,INV_0420217,approval_completed,2025-08-23T17:00:00,SYSTEM-WORKFLOW,status,received,approved,ERP-Workflow
EVT_0420621,invoice,INV_0420218,approval_completed,2026-06-05T17:00:00,SYSTEM-WORKFLOW,status,received,approved,ERP-Workflow
EVT_0420622,invoice,INV_0420219,approval_completed,2025-06-03T17:00:00,SYSTEM-WORKFLOW,status,received,approved,ERP-Workflow
EVT_0420623,invoice,INV_0420220,approval_completed,2026-03-07T17:00:00,SYSTEM-WORKFLOW,status,received,approved,ERP-Workflow
EVT_0420624,invoice,INV_0420221,approval_completed,2025-04-18T17:00:00,SYSTEM-WORKFLOW,status,received,approved,ERP-Workflow
EVT_0420625,invoice,INV_0420222,approval_completed,2026-03-02T17:00:00,SYSTEM-WORKFLOW,status,received,approved,ERP-Workflow
EVT_0420626,invoice,INV_0420223,approval_completed,2026-02-13T17:00:00,SYSTEM-WORKFLOW,status,received,approved,ERP-Workflow
EVT_0420627,invoice,INV_0420224,approval_completed,2025-11-19T17:00:00,SYSTEM-WORKFLOW,status,received,approved,ERP-Workflow
EVT_0420628,invoice,INV_0420225,approval_completed,2025-04-07T17:00:00,SYSTEM-WORKFLOW,status,received,approved,ERP-Workflow
EVT_0420629,invoice,INV_0420226,approval_completed,2025-06-14T17:00:00,SYSTEM-WORKFLOW,status,received,approved,ERP-Workflow
EVT_0420630,invoice,INV_0420227,approval_completed,2026-04-15T17:00:00,SYSTEM-WORKFLOW,status,received,approved,ERP-Workflow
EVT_0420631,invoice,INV_0420228,approval_completed,2026-01-18T17:00:00,SYSTEM-WORKFLOW,status,received,approved,ERP-Workflow
EVT_0420632,invoice,INV_0420229,approval_completed,2025-12-27T17:00:00,SYSTEM-WORKFLOW,status,received,approved,ERP-Workflow
EVT_0420633,invoice,INV_0420230,approval_completed,2025-08-21T17:00:00,SYSTEM-WORKFLOW,status,received,approved,ERP-Workflow
EVT_0420634,invoice,INV_0420231,approval_completed,2025-07-01T17:00:00,SYSTEM-WORKFLOW,status,received,approved,ERP-Workflow
EVT_0420635,invoice,INV_0420232,approval_completed,2026-04-29T17:00:00,SYSTEM-WORKFLOW,status,received,approved,ERP-Workflow
EVT_0420636,invoice,INV_0420233,approval_completed,2025-10-23T17:00:00,SYSTEM-WORKFLOW,status,received,approved,ERP-Workflow
EVT_0420637,invoice,INV_0420234,approval_completed,2025-11-08T17:00:00,SYSTEM-WORKFLOW,status,received,approved,ERP-Workflow
EVT_0420638,invoice,INV_0420235,approval_completed,2025-11-01T17:00:00,SYSTEM-WORKFLOW,status,received,approved,ERP-Workflow
EVT_0420639,invoice,INV_0420236,approval_completed,2026-05-07T17:00:00,SYSTEM-WORKFLOW,status,received,approved,ERP-Workflow
EVT_0420640,invoice,INV_0420237,approval_completed,2025-07-10T17:00:00,SYSTEM-WORKFLOW,status,received,approved,ERP-Workflow
EVT_0420641,invoice,INV_0420238,approval_completed,2025-09-26T17:00:00,SYSTEM-WORKFLOW,status,received,approved,ERP-Workflow
EVT_0420642,invoice,INV_0420239,approval_completed,2026-01-29T17:00:00,SYSTEM-WORKFLOW,status,received,approved,ERP-Workflow
EVT_0420643,invoice,INV_0420240,approval_completed,2025-09-08T17:00:00,SYSTEM-WORKFLOW,status,received,approved,ERP-Workflow
EVT_0420644,payment,PAY_0420001,payment_created,2026-05-13T08:00:00,SYSTEM-PAYMENT-RUN,,,,ERP
EVT_0420645,payment,PAY_0420002,payment_created,2026-03-06T08:00:00,SYSTEM-PAYMENT-RUN,,,,ERP
EVT_0420646,payment,PAY_0420003,payment_created,2026-03-09T08:00:00,SYSTEM-PAYMENT-RUN,,,,ERP
EVT_0420647,payment,PAY_0420004,payment_created,2025-10-06T08:00:00,SYSTEM-PAYMENT-RUN,,,,ERP
EVT_0420648,payment,PAY_0420005,payment_created,2025-10-09T08:00:00,SYSTEM-PAYMENT-RUN,,,,ERP
EVT_0420649,payment,PAY_0420006,payment_created,2025-08-17T08:00:00,SYSTEM-PAYMENT-RUN,,,,ERP
EVT_0420650,payment,PAY_0420007,payment_created,2025-08-20T08:00:00,SYSTEM-PAYMENT-RUN,,,,ERP
EVT_0420651,payment,PAY_0420008,payment_created,2026-06-08T08:00:00,SYSTEM-PAYMENT-RUN,,,,ERP
EVT_0420652,payment,PAY_0420009,payment_created,2026-06-11T08:00:00,SYSTEM-PAYMENT-RUN,,,,ERP
EVT_0420653,payment,PAY_0420010,payment_created,2025-05-01T08:00:00,SYSTEM-PAYMENT-RUN,,,,ERP
EVT_0420654,payment,PAY_0420011,payment_created,2025-09-08T08:00:00,SYSTEM-PAYMENT-RUN,,,,ERP
EVT_0420655,payment,PAY_0420012,payment_created,2025-07-27T08:00:00,SYSTEM-PAYMENT-RUN,,,,ERP
EVT_0420656,payment,PAY_0420013,payment_created,2025-07-30T08:00:00,SYSTEM-PAYMENT-RUN,,,,ERP
EVT_0420657,payment,PAY_0420014,payment_created,2025-03-21T08:00:00,SYSTEM-PAYMENT-RUN,,,,ERP
EVT_0420658,payment,PAY_0420015,payment_created,2025-06-25T08:00:00,SYSTEM-PAYMENT-RUN,,,,ERP
EVT_0420659,payment,PAY_0420016,payment_created,2026-03-28T08:00:00,SYSTEM-PAYMENT-RUN,,,,ERP
EVT_0420660,payment,PAY_0420017,payment_created,2026-03-31T08:00:00,SYSTEM-PAYMENT-RUN,,,,ERP
EVT_0420661,payment,PAY_0420018,payment_created,2026-04-03T08:00:00,SYSTEM-PAYMENT-RUN,,,,ERP
EVT_0420662,payment,PAY_0420019,payment_created,2025-11-11T08:00:00,SYSTEM-PAYMENT-RUN,,,,ERP
EVT_0420663,payment,PAY_0420020,payment_created,2025-03-22T08:00:00,SYSTEM-PAYMENT-RUN,,,,ERP
EVT_0420664,payment,PAY_0420021,payment_created,2025-03-25T08:00:00,SYSTEM-PAYMENT-RUN,,,,ERP
EVT_0420665,payment,PAY_0420022,payment_created,2026-06-09T08:00:00,SYSTEM-PAYMENT-RUN,,,,ERP
EVT_0420666,payment,PAY_0420023,payment_created,2025-10-13T08:00:00,SYSTEM-PAYMENT-RUN,,,,ERP
EVT_0420667,payment,PAY_0420024,payment_created,2026-01-30T08:00:00,SYSTEM-PAYMENT-RUN,,,,ERP
EVT_0420668,payment,PAY_0420025,payment_created,2025-08-20T08:00:00,SYSTEM-PAYMENT-RUN,,,,ERP
EVT_0420669,payment,PAY_0420026,payment_created,2025-03-26T08:00:00,SYSTEM-PAYMENT-RUN,,,,ERP
EVT_0420670,payment,PAY_0420027,payment_created,2025-12-11T08:00:00,SYSTEM-PAYMENT-RUN,,,,ERP
EVT_0420671,payment,PAY_0420028,payment_created,2026-05-04T08:00:00,SYSTEM-PAYMENT-RUN,,,,ERP
EVT_0420672,payment,PAY_0420029,payment_created,2026-06-15T08:00:00,SYSTEM-PAYMENT-RUN,,,,ERP
EVT_0420673,payment,PAY_0420030,payment_created,2025-03-15T08:00:00,SYSTEM-PAYMENT-RUN,,,,ERP
EVT_0420674,payment,PAY_0420031,payment_created,2025-07-21T08:00:00,SYSTEM-PAYMENT-RUN,,,,ERP
EVT_0420675,payment,PAY_0420032,payment_created,2025-06-01T08:00:00,SYSTEM-PAYMENT-RUN,,,,ERP
EVT_0420676,payment,PAY_0420033,payment_created,2026-06-15T08:00:00,SYSTEM-PAYMENT-RUN,,,,ERP
EVT_0420677,payment,PAY_0420034,payment_created,2025-10-27T08:00:00,SYSTEM-PAYMENT-RUN,,,,ERP
EVT_0420678,payment,PAY_0420035,payment_created,2025-05-25T08:00:00,SYSTEM-PAYMENT-RUN,,,,ERP
EVT_0420679,payment,PAY_0420036,payment_created,2025-04-20T08:00:00,SYSTEM-PAYMENT-RUN,,,,ERP
EVT_0420680,payment,PAY_0420037,payment_created,2026-02-12T08:00:00,SYSTEM-PAYMENT-RUN,,,,ERP
EVT_0420681,payment,PAY_0420038,payment_created,2026-04-27T08:00:00,SYSTEM-PAYMENT-RUN,,,,ERP
EVT_0420682,payment,PAY_0420039,payment_created,2025-11-21T08:00:00,SYSTEM-PAYMENT-RUN,,,,ERP
EVT_0420683,payment,PAY_0420040,payment_created,2026-06-06T08:00:00,SYSTEM-PAYMENT-RUN,,,,ERP
EVT_0420684,payment,PAY_0420041,payment_created,2025-10-26T08:00:00,SYSTEM-PAYMENT-RUN,,,,ERP
EVT_0420685,payment,PAY_0420042,payment_created,2025-10-29T08:00:00,SYSTEM-PAYMENT-RUN,,,,ERP
EVT_0420686,payment,PAY_0420043,payment_created,2026-05-12T08:00:00,SYSTEM-PAYMENT-RUN,,,,ERP
EVT_0420687,payment,PAY_0420044,payment_created,2025-12-02T08:00:00,SYSTEM-PAYMENT-RUN,,,,ERP
EVT_0420688,payment,PAY_0420045,payment_created,2026-03-07T08:00:00,SYSTEM-PAYMENT-RUN,,,,ERP
EVT_0420689,payment,PAY_0420046,payment_created,2026-02-04T08:00:00,SYSTEM-PAYMENT-RUN,,,,ERP
EVT_0420690,payment,PAY_0420047,payment_created,2026-01-01T08:00:00,SYSTEM-PAYMENT-RUN,,,,ERP
EVT_0420691,payment,PAY_0420048,payment_created,2026-05-29T08:00:00,SYSTEM-PAYMENT-RUN,,,,ERP
EVT_0420692,payment,PAY_0420049,payment_created,2025-11-14T08:00:00,SYSTEM-PAYMENT-RUN,,,,ERP
EVT_0420693,payment,PAY_0420050,payment_created,2025-03-12T08:00:00,SYSTEM-PAYMENT-RUN,,,,ERP
EVT_0420694,payment,PAY_0420051,payment_created,2026-02-26T08:00:00,SYSTEM-PAYMENT-RUN,,,,ERP
EVT_0420695,payment,PAY_0420052,payment_created,2026-05-11T08:00:00,SYSTEM-PAYMENT-RUN,,,,ERP
EVT_0420696,payment,PAY_0420053,payment_created,2025-06-01T08:00:00,SYSTEM-PAYMENT-RUN,,,,ERP
EVT_0420697,payment,PAY_0420054,payment_created,2026-06-14T08:00:00,SYSTEM-PAYMENT-RUN,,,,ERP
EVT_0420698,payment,PAY_0420055,payment_created,2025-06-02T08:00:00,SYSTEM-PAYMENT-RUN,,,,ERP
EVT_0420699,payment,PAY_0420056,payment_created,2026-02-02T08:00:00,SYSTEM-PAYMENT-RUN,,,,ERP
EVT_0420700,payment,PAY_0420057,payment_created,2025-03-05T08:00:00,SYSTEM-PAYMENT-RUN,,,,ERP
EVT_0420701,payment,PAY_0420058,payment_created,2025-03-08T08:00:00,SYSTEM-PAYMENT-RUN,,,,ERP
EVT_0420702,payment,PAY_0420059,payment_created,2025-04-29T08:00:00,SYSTEM-PAYMENT-RUN,,,,ERP
EVT_0420703,payment,PAY_0420060,payment_created,2025-05-02T08:00:00,SYSTEM-PAYMENT-RUN,,,,ERP
EVT_0420704,payment,PAY_0420061,payment_created,2026-04-23T08:00:00,SYSTEM-PAYMENT-RUN,,,,ERP
EVT_0420705,payment,PAY_0420062,payment_created,2025-07-17T08:00:00,SYSTEM-PAYMENT-RUN,,,,ERP
EVT_0420706,payment,PAY_0420063,payment_created,2025-11-30T08:00:00,SYSTEM-PAYMENT-RUN,,,,ERP
EVT_0420707,payment,PAY_0420064,payment_created,2025-10-29T08:00:00,SYSTEM-PAYMENT-RUN,,,,ERP
EVT_0420708,payment,PAY_0420065,payment_created,2026-02-27T08:00:00,SYSTEM-PAYMENT-RUN,,,,ERP
EVT_0420709,payment,PAY_0420066,payment_created,2026-06-15T08:00:00,SYSTEM-PAYMENT-RUN,,,,ERP
EVT_0420710,payment,PAY_0420067,payment_created,2026-06-15T08:00:00,SYSTEM-PAYMENT-RUN,,,,ERP
EVT_0420711,payment,PAY_0420068,payment_created,2025-11-15T08:00:00,SYSTEM-PAYMENT-RUN,,,,ERP
EVT_0420712,payment,PAY_0420069,payment_created,2025-11-18T08:00:00,SYSTEM-PAYMENT-RUN,,,,ERP
EVT_0420713,payment,PAY_0420070,payment_created,2025-05-24T08:00:00,SYSTEM-PAYMENT-RUN,,,,ERP
EVT_0420714,payment,PAY_0420071,payment_created,2026-01-31T08:00:00,SYSTEM-PAYMENT-RUN,,,,ERP
EVT_0420715,payment,PAY_0420072,payment_created,2026-02-03T08:00:00,SYSTEM-PAYMENT-RUN,,,,ERP
EVT_0420716,payment,PAY_0420073,payment_created,2025-06-28T08:00:00,SYSTEM-PAYMENT-RUN,,,,ERP
EVT_0420717,payment,PAY_0420074,payment_created,2025-05-14T08:00:00,SYSTEM-PAYMENT-RUN,,,,ERP
EVT_0420718,payment,PAY_0420075,payment_created,2025-05-17T08:00:00,SYSTEM-PAYMENT-RUN,,,,ERP
EVT_0420719,payment,PAY_0420076,payment_created,2026-02-12T08:00:00,SYSTEM-PAYMENT-RUN,,,,ERP
EVT_0420720,payment,PAY_0420077,payment_created,2026-02-15T08:00:00,SYSTEM-PAYMENT-RUN,,,,ERP
EVT_0420721,payment,PAY_0420078,payment_created,2025-04-21T08:00:00,SYSTEM-PAYMENT-RUN,,,,ERP
EVT_0420722,payment,PAY_0420079,payment_created,2026-01-16T08:00:00,SYSTEM-PAYMENT-RUN,,,,ERP
EVT_0420723,payment,PAY_0420080,payment_created,2025-11-01T08:00:00,SYSTEM-PAYMENT-RUN,,,,ERP
EVT_0420724,payment,PAY_0420081,payment_created,2025-11-04T08:00:00,SYSTEM-PAYMENT-RUN,,,,ERP
EVT_0420725,payment,PAY_0420082,payment_created,2026-01-25T08:00:00,SYSTEM-PAYMENT-RUN,,,,ERP
EVT_0420726,payment,PAY_0420083,payment_created,2025-09-14T08:00:00,SYSTEM-PAYMENT-RUN,,,,ERP
EVT_0420727,payment,PAY_0420084,payment_created,2025-09-12T08:00:00,SYSTEM-PAYMENT-RUN,,,,ERP
EVT_0420728,payment,PAY_0420085,payment_created,2025-10-14T08:00:00,SYSTEM-PAYMENT-RUN,,,,ERP
EVT_0420729,payment,PAY_0420086,payment_created,2025-10-17T08:00:00,SYSTEM-PAYMENT-RUN,,,,ERP
EVT_0420730,payment,PAY_0420087,payment_created,2025-05-11T08:00:00,SYSTEM-PAYMENT-RUN,,,,ERP
EVT_0420731,payment,PAY_0420088,payment_created,2025-05-14T08:00:00,SYSTEM-PAYMENT-RUN,,,,ERP
EVT_0420732,payment,PAY_0420089,payment_created,2025-06-08T08:00:00,SYSTEM-PAYMENT-RUN,,,,ERP
EVT_0420733,payment,PAY_0420090,payment_created,2026-04-22T08:00:00,SYSTEM-PAYMENT-RUN,,,,ERP
EVT_0420734,payment,PAY_0420091,payment_created,2026-04-25T08:00:00,SYSTEM-PAYMENT-RUN,,,,ERP
EVT_0420735,payment,PAY_0420092,payment_created,2026-06-10T08:00:00,SYSTEM-PAYMENT-RUN,,,,ERP
EVT_0420736,payment,PAY_0420093,payment_created,2025-11-30T08:00:00,SYSTEM-PAYMENT-RUN,,,,ERP
EVT_0420737,payment,PAY_0420094,payment_created,2025-12-03T08:00:00,SYSTEM-PAYMENT-RUN,,,,ERP
EVT_0420738,payment,PAY_0420095,payment_created,2025-10-10T08:00:00,SYSTEM-PAYMENT-RUN,,,,ERP
EVT_0420739,payment,PAY_0420096,payment_created,2025-09-28T08:00:00,SYSTEM-PAYMENT-RUN,,,,ERP
EVT_0420740,payment,PAY_0420097,payment_created,2025-10-01T08:00:00,SYSTEM-PAYMENT-RUN,,,,ERP
EVT_0420741,payment,PAY_0420098,payment_created,2025-03-24T08:00:00,SYSTEM-PAYMENT-RUN,,,,ERP
EVT_0420742,payment,PAY_0420099,payment_created,2025-03-03T08:00:00,SYSTEM-PAYMENT-RUN,,,,ERP
EVT_0420743,payment,PAY_0420100,payment_created,2026-03-18T08:00:00,SYSTEM-PAYMENT-RUN,,,,ERP
EVT_0420744,payment,PAY_0420101,payment_created,2026-06-02T08:00:00,SYSTEM-PAYMENT-RUN,,,,ERP
EVT_0420745,payment,PAY_0420102,payment_created,2026-01-24T08:00:00,SYSTEM-PAYMENT-RUN,,,,ERP
EVT_0420746,payment,PAY_0420103,payment_created,2026-05-09T08:00:00,SYSTEM-PAYMENT-RUN,,,,ERP
EVT_0420747,payment,PAY_0420104,payment_created,2025-07-02T08:00:00,SYSTEM-PAYMENT-RUN,,,,ERP
EVT_0420748,payment,PAY_0420105,payment_created,2026-03-31T08:00:00,SYSTEM-PAYMENT-RUN,,,,ERP
EVT_0420749,payment,PAY_0420106,payment_created,2026-04-03T08:00:00,SYSTEM-PAYMENT-RUN,,,,ERP
EVT_0420750,payment,PAY_0420107,payment_created,2025-05-09T08:00:00,SYSTEM-PAYMENT-RUN,,,,ERP
EVT_0420751,payment,PAY_0420108,payment_created,2025-04-05T08:00:00,SYSTEM-PAYMENT-RUN,,,,ERP
EVT_0420752,payment,PAY_0420109,payment_created,2025-10-24T08:00:00,SYSTEM-PAYMENT-RUN,,,,ERP
EVT_0420753,payment,PAY_0420110,payment_created,2026-05-23T08:00:00,SYSTEM-PAYMENT-RUN,,,,ERP
EVT_0420754,payment,PAY_0420111,payment_created,2026-05-26T08:00:00,SYSTEM-PAYMENT-RUN,,,,ERP
EVT_0420755,payment,PAY_0420112,payment_created,2026-06-03T08:00:00,SYSTEM-PAYMENT-RUN,,,,ERP
EVT_0420756,payment,PAY_0420113,payment_created,2026-06-06T08:00:00,SYSTEM-PAYMENT-RUN,,,,ERP
EVT_0420757,payment,PAY_0420114,payment_created,2026-03-27T08:00:00,SYSTEM-PAYMENT-RUN,,,,ERP
EVT_0420758,payment,PAY_0420115,payment_created,2026-03-30T08:00:00,SYSTEM-PAYMENT-RUN,,,,ERP
EVT_0420759,payment,PAY_0420116,payment_created,2025-12-12T08:00:00,SYSTEM-PAYMENT-RUN,,,,ERP
EVT_0420760,payment,PAY_0420117,payment_created,2025-12-15T08:00:00,SYSTEM-PAYMENT-RUN,,,,ERP
EVT_0420761,payment,PAY_0420118,payment_created,2026-01-21T08:00:00,SYSTEM-PAYMENT-RUN,,,,ERP
EVT_0420762,payment,PAY_0420119,payment_created,2025-03-27T08:00:00,SYSTEM-PAYMENT-RUN,,,,ERP
EVT_0420763,payment,PAY_0420120,payment_created,2025-10-20T08:00:00,SYSTEM-PAYMENT-RUN,,,,ERP
EVT_0420764,payment,PAY_0420121,payment_created,2025-02-16T08:00:00,SYSTEM-PAYMENT-RUN,,,,ERP
EVT_0420765,payment,PAY_0420122,payment_created,2026-06-14T08:00:00,SYSTEM-PAYMENT-RUN,,,,ERP
EVT_0420766,payment,PAY_0420123,payment_created,2026-03-28T08:00:00,SYSTEM-PAYMENT-RUN,,,,ERP
EVT_0420767,payment,PAY_0420124,payment_created,2025-07-27T08:00:00,SYSTEM-PAYMENT-RUN,,,,ERP
EVT_0420768,payment,PAY_0420125,payment_created,2025-06-30T08:00:00,SYSTEM-PAYMENT-RUN,,,,ERP
EVT_0420769,payment,PAY_0420126,payment_created,2026-05-04T08:00:00,SYSTEM-PAYMENT-RUN,,,,ERP
EVT_0420770,payment,PAY_0420127,payment_created,2025-10-23T08:00:00,SYSTEM-PAYMENT-RUN,,,,ERP
EVT_0420771,payment,PAY_0420128,payment_created,2026-02-17T08:00:00,SYSTEM-PAYMENT-RUN,,,,ERP
EVT_0420772,payment,PAY_0420129,payment_created,2025-01-25T08:00:00,SYSTEM-PAYMENT-RUN,,,,ERP
EVT_0420773,payment,PAY_0420130,payment_created,2026-03-14T08:00:00,SYSTEM-PAYMENT-RUN,,,,ERP
EVT_0420774,payment,PAY_0420131,payment_created,2025-09-03T08:00:00,SYSTEM-PAYMENT-RUN,,,,ERP
EVT_0420775,payment,PAY_0420132,payment_created,2025-08-13T08:00:00,SYSTEM-PAYMENT-RUN,,,,ERP
EVT_0420776,payment,PAY_0420133,payment_created,2025-08-16T08:00:00,SYSTEM-PAYMENT-RUN,,,,ERP
EVT_0420777,payment,PAY_0420134,payment_created,2025-07-17T08:00:00,SYSTEM-PAYMENT-RUN,,,,ERP
EVT_0420778,payment,PAY_0420135,payment_created,2025-07-20T08:00:00,SYSTEM-PAYMENT-RUN,,,,ERP
EVT_0420779,payment,PAY_0420136,payment_created,2026-01-08T08:00:00,SYSTEM-PAYMENT-RUN,,,,ERP
EVT_0420780,payment,PAY_0420137,payment_created,2025-12-02T08:00:00,SYSTEM-PAYMENT-RUN,,,,ERP
EVT_0420781,payment,PAY_0420138,payment_created,2025-12-05T08:00:00,SYSTEM-PAYMENT-RUN,,,,ERP
EVT_0420782,payment,PAY_0420139,payment_created,2025-11-18T08:00:00,SYSTEM-PAYMENT-RUN,,,,ERP
EVT_0420783,payment,PAY_0420140,payment_created,2026-02-19T08:00:00,SYSTEM-PAYMENT-RUN,,,,ERP
EVT_0420784,payment,PAY_0420141,payment_created,2026-02-22T08:00:00,SYSTEM-PAYMENT-RUN,,,,ERP
EVT_0420785,payment,PAY_0420142,payment_created,2026-01-17T08:00:00,SYSTEM-PAYMENT-RUN,,,,ERP
EVT_0420786,payment,PAY_0420143,payment_created,2026-01-20T08:00:00,SYSTEM-PAYMENT-RUN,,,,ERP
EVT_0420787,payment,PAY_0420144,payment_created,2026-05-19T08:00:00,SYSTEM-PAYMENT-RUN,,,,ERP
EVT_0420788,payment,PAY_0420145,payment_created,2025-09-14T08:00:00,SYSTEM-PAYMENT-RUN,,,,ERP
EVT_0420789,payment,PAY_0420146,payment_created,2025-12-19T08:00:00,SYSTEM-PAYMENT-RUN,,,,ERP
EVT_0420790,payment,PAY_0420147,payment_created,2025-12-22T08:00:00,SYSTEM-PAYMENT-RUN,,,,ERP
EVT_0420791,payment,PAY_0420148,payment_created,2025-04-17T08:00:00,SYSTEM-PAYMENT-RUN,,,,ERP
EVT_0420792,payment,PAY_0420149,payment_created,2025-08-09T08:00:00,SYSTEM-PAYMENT-RUN,,,,ERP
EVT_0420793,payment,PAY_0420150,payment_created,2026-06-15T08:00:00,SYSTEM-PAYMENT-RUN,,,,ERP
EVT_0420794,payment,PAY_0420151,payment_created,2026-05-11T08:00:00,SYSTEM-PAYMENT-RUN,,,,ERP
EVT_0420795,payment,PAY_0420152,payment_created,2026-04-13T08:00:00,SYSTEM-PAYMENT-RUN,,,,ERP
EVT_0420796,payment,PAY_0420153,payment_created,2026-06-13T08:00:00,SYSTEM-PAYMENT-RUN,,,,ERP
EVT_0420797,payment,PAY_0420154,payment_created,2026-06-06T08:00:00,SYSTEM-PAYMENT-RUN,,,,ERP
EVT_0420798,payment,PAY_0420155,payment_created,2025-10-11T08:00:00,SYSTEM-PAYMENT-RUN,,,,ERP
EVT_0420799,payment,PAY_0420156,payment_created,2026-06-15T08:00:00,SYSTEM-PAYMENT-RUN,,,,ERP
EVT_0420800,payment,PAY_0420157,payment_created,2026-05-29T08:00:00,SYSTEM-PAYMENT-RUN,,,,ERP
EVT_0420801,payment,PAY_0420158,payment_created,2026-06-16T08:00:00,SYSTEM-PAYMENT-RUN,,,,ERP
EVT_0420802,payment,PAY_0420159,payment_created,2026-03-28T08:00:00,SYSTEM-PAYMENT-RUN,,,,ERP
EVT_0420803,payment,PAY_0420160,payment_created,2026-03-28T08:00:00,SYSTEM-PAYMENT-RUN,,,,ERP
EVT_0420804,payment,PAY_0420161,payment_created,2025-04-28T08:00:00,SYSTEM-PAYMENT-RUN,,,,ERP
EVT_0420805,payment,PAY_0420162,payment_created,2026-06-15T08:00:00,SYSTEM-PAYMENT-RUN,,,,ERP
EVT_0420806,payment,PAY_0420163,payment_created,2026-04-05T08:00:00,SYSTEM-PAYMENT-RUN,,,,ERP
EVT_0420807,payment,PAY_0420164,payment_created,2025-07-09T08:00:00,SYSTEM-PAYMENT-RUN,,,,ERP
EVT_0420808,payment,PAY_0420165,payment_created,2025-10-01T08:00:00,SYSTEM-PAYMENT-RUN,,,,ERP
EVT_0420809,payment,PAY_0420166,payment_created,2026-04-08T08:00:00,SYSTEM-PAYMENT-RUN,,,,ERP
EVT_0420810,payment,PAY_0420167,payment_created,2025-09-03T08:00:00,SYSTEM-PAYMENT-RUN,,,,ERP
EVT_0420811,payment,PAY_0420168,payment_created,2026-06-15T08:00:00,SYSTEM-PAYMENT-RUN,,,,ERP
EVT_0420812,payment,PAY_0420169,payment_created,2025-12-03T08:00:00,SYSTEM-PAYMENT-RUN,,,,ERP
EVT_0420813,payment,PAY_0420170,payment_created,2025-04-23T08:00:00,SYSTEM-PAYMENT-RUN,,,,ERP
EVT_0420814,payment,PAY_0420171,payment_created,2025-12-19T08:00:00,SYSTEM-PAYMENT-RUN,,,,ERP
EVT_0420815,payment,PAY_0420172,payment_created,2026-06-15T08:00:00,SYSTEM-PAYMENT-RUN,,,,ERP
EVT_0420816,payment,PAY_0420173,payment_created,2026-04-11T08:00:00,SYSTEM-PAYMENT-RUN,,,,ERP
EVT_0420817,payment,PAY_0420174,payment_created,2025-10-20T08:00:00,SYSTEM-PAYMENT-RUN,,,,ERP
EVT_0420818,payment,PAY_0420175,payment_created,2026-01-15T08:00:00,SYSTEM-PAYMENT-RUN,,,,ERP
EVT_0420819,payment,PAY_0420176,payment_created,2026-06-15T08:00:00,SYSTEM-PAYMENT-RUN,,,,ERP
EVT_0420820,payment,PAY_0420177,payment_created,2026-05-14T08:00:00,SYSTEM-PAYMENT-RUN,,,,ERP
EVT_0420821,payment,PAY_0420178,payment_created,2025-12-05T08:00:00,SYSTEM-PAYMENT-RUN,,,,ERP
EVT_0420822,payment,PAY_0420179,payment_created,2026-06-15T08:00:00,SYSTEM-PAYMENT-RUN,,,,ERP
EVT_0420823,payment,PAY_0420180,payment_created,2025-12-15T08:00:00,SYSTEM-PAYMENT-RUN,,,,ERP
