invoice_id,invoice_line_id,po_line_id,item_id,quantity,unit_price,line_amount,gl_account,department,cost_center,source_system
INV_0420001,INVL_0420001,POL_0420113,ITEM-0204,10,287.43,2874.30,670100-LEGAL,Legal,CC-07-12,ERP-AP
INV_0420001,INVL_0420002,POL_0420114,ITEM-0495,13,116.03,1508.39,670100-LEGAL,Legal,CC-07-12,ERP-AP
INV_0420002,INVL_0420003,POL_0420316,ITEM-0393,9,1380.48,12424.32,680100-IT,IT,CC-08-06,ERP-AP
INV_0420003,INVL_0420004,POL_0420188,ITEM-0064,5,61.38,306.90,640100-SALES,Sales,CC-04-06,ERP-AP
INV_0420003,INVL_0420005,POL_0420189,ITEM-0106,15,67.49,1012.35,640100-SALES,Sales,CC-04-06,ERP-AP
INV_0420004,INVL_0420006,POL_0420056,ITEM-0258,10,162.70,1627.00,660100-PEOPLE,People,CC-06-06,ERP-AP
INV_0420004,INVL_0420007,POL_0420057,ITEM-0124,8,35.17,281.36,660100-PEOPLE,People,CC-06-06,ERP-AP
INV_0420005,INVL_0420008,POL_0420126,ITEM-0378,15,639.01,9585.15,670100-LEGAL,Legal,CC-07-01,ERP-AP
INV_0420005,INVL_0420009,POL_0420127,ITEM-0269,22,213.90,4705.80,670100-LEGAL,Legal,CC-07-01,ERP-AP
INV_0420006,INVL_0420010,POL_0420085,ITEM-0449,10,578.63,5786.30,610100-ENGINEERING,Engineering,CC-01-04,ERP-AP
INV_0420006,INVL_0420011,POL_0420086,ITEM-0497,23,849.20,19531.60,610100-ENGINEERING,Engineering,CC-01-04,ERP-AP
INV_0420007,INVL_0420012,POL_0420101,ITEM-0347,9,426.68,3840.12,630100-FINANCE,Finance,CC-03-02,ERP-AP
INV_0420007,INVL_0420013,POL_0420102,ITEM-0408,20,34.40,688.00,630100-FINANCE,Finance,CC-03-02,ERP-AP
INV_0420007,INVL_0420014,POL_0420103,ITEM-0083,21,80.18,1683.78,630100-FINANCE,Finance,CC-03-02,ERP-AP
INV_0420008,INVL_0420015,POL_0420069,ITEM-0566,6,3583.72,21502.32,650100-MARKETING,Marketing,CC-05-11,ERP-AP
INV_0420009,INVL_0420016,POL_0420064,ITEM-0088,10,35.05,350.50,610100-ENGINEERING,Engineering,CC-01-03,ERP-AP
INV_0420009,INVL_0420017,POL_0420065,ITEM-0122,8,215.74,1725.92,610100-ENGINEERING,Engineering,CC-01-03,ERP-AP
INV_0420009,INVL_0420018,POL_0420066,ITEM-0427,18,50.98,917.64,610100-ENGINEERING,Engineering,CC-01-03,ERP-AP
INV_0420010,INVL_0420019,POL_0420177,ITEM-0523,17,11.16,189.72,630100-FINANCE,Finance,CC-03-02,ERP-AP
INV_0420010,INVL_0420020,POL_0420178,ITEM-0358,7,589.80,4128.60,630100-FINANCE,Finance,CC-03-02,ERP-AP
INV_0420010,INVL_0420021,POL_0420179,ITEM-0152,12,1056.11,12673.32,630100-FINANCE,Finance,CC-03-02,ERP-AP
INV_0420011,INVL_0420022,POL_0420244,ITEM-0090,15,49.71,745.65,620100-OPERATIONS,Operations,CC-02-08,ERP-AP
INV_0420011,INVL_0420023,POL_0420245,ITEM-0328,22,10.62,233.64,620100-OPERATIONS,Operations,CC-02-08,ERP-AP
INV_0420011,INVL_0420024,POL_0420246,ITEM-0356,22,21.10,464.20,620100-OPERATIONS,Operations,CC-02-08,ERP-AP
INV_0420011,INVL_0420025,POL_0420247,ITEM-0067,23,170.02,3910.46,620100-OPERATIONS,Operations,CC-02-08,ERP-AP
INV_0420012,INVL_0420026,POL_0420221,ITEM-0644,8,119.87,958.96,610100-ENGINEERING,Engineering,CC-01-06,ERP-AP
INV_0420013,INVL_0420027,POL_0420094,ITEM-0566,11,43.03,473.33,630100-FINANCE,Finance,CC-03-08,ERP-AP
INV_0420013,INVL_0420028,POL_0420095,ITEM-0387,18,43.13,776.34,630100-FINANCE,Finance,CC-03-08,ERP-AP
INV_0420014,INVL_0420029,POL_0420110,ITEM-0295,15,34.44,516.60,650100-MARKETING,Marketing,CC-05-08,ERP-AP
INV_0420014,INVL_0420030,POL_0420111,ITEM-0560,22,161.18,3545.96,650100-MARKETING,Marketing,CC-05-08,ERP-AP
INV_0420014,INVL_0420031,POL_0420112,ITEM-0076,6,332.91,1997.46,650100-MARKETING,Marketing,CC-05-08,ERP-AP
INV_0420015,INVL_0420032,POL_0420087,ITEM-0231,3,14212.05,42636.15,650100-MARKETING,Marketing,CC-05-09,ERP-AP
INV_0420015,INVL_0420033,POL_0420088,ITEM-0473,4,772.58,3090.32,650100-MARKETING,Marketing,CC-05-09,ERP-AP
INV_0420016,INVL_0420034,POL_0420052,ITEM-0088,7,110.41,772.87,650100-MARKETING,Marketing,CC-05-09,ERP-AP
INV_0420016,INVL_0420035,POL_0420053,ITEM-0417,8,168.07,1344.56,650100-MARKETING,Marketing,CC-05-09,ERP-AP
INV_0420017,INVL_0420036,POL_0420251,ITEM-0461,3,148.67,446.01,620100-OPERATIONS,Operations,CC-02-03,ERP-AP
INV_0420017,INVL_0420037,POL_0420252,ITEM-0530,15,52.72,790.80,620100-OPERATIONS,Operations,CC-02-03,ERP-AP
INV_0420018,INVL_0420038,POL_0420284,ITEM-0403,6,605.49,3632.94,630100-FINANCE,Finance,CC-03-06,ERP-AP
INV_0420018,INVL_0420039,POL_0420285,ITEM-0307,20,110.64,2212.80,630100-FINANCE,Finance,CC-03-06,ERP-AP
INV_0420019,INVL_0420040,POL_0420216,ITEM-0638,14,12.54,175.56,640100-SALES,Sales,CC-04-05,ERP-AP
INV_0420020,INVL_0420041,POL_0420249,ITEM-0068,3,298.94,896.82,680100-IT,IT,CC-08-09,ERP-AP
INV_0420020,INVL_0420042,POL_0420250,ITEM-0408,10,269.11,2691.10,680100-IT,IT,CC-08-09,ERP-AP
INV_0420021,INVL_0420043,POL_0420159,ITEM-0440,8,30.02,240.16,660100-PEOPLE,People,CC-06-02,ERP-AP
INV_0420021,INVL_0420044,POL_0420160,ITEM-0637,18,45.82,824.76,660100-PEOPLE,People,CC-06-02,ERP-AP
INV_0420022,INVL_0420045,POL_0420313,ITEM-0180,7,123.46,864.22,660100-PEOPLE,People,CC-06-05,ERP-AP
INV_0420022,INVL_0420046,POL_0420314,ITEM-0416,20,18.91,378.20,660100-PEOPLE,People,CC-06-05,ERP-AP
INV_0420022,INVL_0420047,POL_0420315,ITEM-0528,14,31.57,441.98,660100-PEOPLE,People,CC-06-05,ERP-AP
INV_0420023,INVL_0420048,POL_0420119,ITEM-0303,3,639.29,1917.87,610100-ENGINEERING,Engineering,CC-01-10,ERP-AP
INV_0420023,INVL_0420049,POL_0420120,ITEM-0426,11,763.50,8398.50,610100-ENGINEERING,Engineering,CC-01-10,ERP-AP
INV_0420023,INVL_0420050,POL_0420121,ITEM-0206,6,315.45,1892.70,610100-ENGINEERING,Engineering,CC-01-10,ERP-AP
INV_0420024,INVL_0420051,POL_0420034,ITEM-0285,13,118.11,1535.43,640100-SALES,Sales,CC-04-08,ERP-AP
INV_0420024,INVL_0420052,POL_0420035,ITEM-0259,14,179.10,2507.40,640100-SALES,Sales,CC-04-08,ERP-AP
INV_0420025,INVL_0420053,POL_0420062,ITEM-0053,6,525.99,3155.94,650100-MARKETING,Marketing,CC-05-08,ERP-AP
INV_0420025,INVL_0420054,POL_0420063,ITEM-0490,9,285.23,2567.07,650100-MARKETING,Marketing,CC-05-08,ERP-AP
INV_0420026,INVL_0420055,POL_0420076,ITEM-0590,8,53.82,430.56,660100-PEOPLE,People,CC-06-10,ERP-AP
INV_0420027,INVL_0420056,POL_0420037,ITEM-0224,19,73.69,1400.11,640100-SALES,Sales,CC-04-03,ERP-AP
INV_0420027,INVL_0420057,POL_0420038,ITEM-0263,1,432.45,432.45,640100-SALES,Sales,CC-04-03,ERP-AP
INV_0420027,INVL_0420058,POL_0420039,ITEM-0172,12,49.33,591.96,640100-SALES,Sales,CC-04-03,ERP-AP
INV_0420028,INVL_0420059,POL_0420153,ITEM-0570,5,563.04,2815.20,620100-OPERATIONS,Operations,CC-02-12,ERP-AP
INV_0420028,INVL_0420060,POL_0420154,ITEM-0601,2,3258.04,6516.08,620100-OPERATIONS,Operations,CC-02-12,ERP-AP
INV_0420029,INVL_0420061,POL_0420192,ITEM-0343,21,39.87,837.27,660100-PEOPLE,People,CC-06-11,ERP-AP
INV_0420030,INVL_0420062,POL_0420248,ITEM-0143,7,123.44,864.08,630100-FINANCE,Finance,CC-03-06,ERP-AP
INV_0420031,INVL_0420063,POL_0420080,ITEM-0296,16,194.82,3117.12,620100-OPERATIONS,Operations,CC-02-03,ERP-AP
INV_0420031,INVL_0420064,POL_0420081,ITEM-0411,22,57.59,1266.98,620100-OPERATIONS,Operations,CC-02-03,ERP-AP
INV_0420032,INVL_0420065,POL_0420020,ITEM-0006,21,48.81,1025.01,670100-LEGAL,Legal,CC-07-08,ERP-AP
INV_0420033,INVL_0420066,POL_0420303,ITEM-0564,1,1056.20,1056.20,680100-IT,IT,CC-08-02,ERP-AP
INV_0420033,INVL_0420067,POL_0420304,ITEM-0417,6,467.97,2807.82,680100-IT,IT,CC-08-02,ERP-AP
INV_0420033,INVL_0420068,POL_0420305,ITEM-0488,21,172.49,3622.29,680100-IT,IT,CC-08-02,ERP-AP
INV_0420034,INVL_0420069,POL_0420007,ITEM-0040,9,443.87,3994.83,620100-OPERATIONS,Operations,CC-02-05,ERP-AP
INV_0420034,INVL_0420070,POL_0420008,ITEM-0611,4,505.85,2023.40,620100-OPERATIONS,Operations,CC-02-05,ERP-AP
INV_0420035,INVL_0420071,POL_0420060,ITEM-0047,9,537.00,4833.00,650100-MARKETING,Marketing,CC-05-01,ERP-AP
INV_0420035,INVL_0420072,POL_0420061,ITEM-0567,2,163.05,326.10,650100-MARKETING,Marketing,CC-05-01,ERP-AP
INV_0420036,INVL_0420073,POL_0420150,ITEM-0438,11,94.78,1042.58,680100-IT,IT,CC-08-07,ERP-AP
INV_0420036,INVL_0420074,POL_0420151,ITEM-0262,11,111.70,1228.70,680100-IT,IT,CC-08-07,ERP-AP
INV_0420036,INVL_0420075,POL_0420152,ITEM-0157,12,413.97,4967.64,680100-IT,IT,CC-08-07,ERP-AP
INV_0420037,INVL_0420076,POL_0420311,ITEM-0198,9,683.75,6153.75,680100-IT,IT,CC-08-03,ERP-AP
INV_0420037,INVL_0420077,POL_0420312,ITEM-0339,4,429.90,1719.60,680100-IT,IT,CC-08-03,ERP-AP
INV_0420038,INVL_0420078,POL_0420049,ITEM-0286,3,226.72,680.16,650100-MARKETING,Marketing,CC-05-06,ERP-AP
INV_0420039,INVL_0420079,POL_0420099,ITEM-0451,4,38.77,155.08,630100-FINANCE,Finance,CC-03-09,ERP-AP
INV_0420039,INVL_0420080,POL_0420100,ITEM-0539,4,135.03,540.12,630100-FINANCE,Finance,CC-03-09,ERP-AP
INV_0420040,INVL_0420081,POL_0420082,ITEM-0002,17,6.28,106.76,660100-PEOPLE,People,CC-06-02,ERP-AP
INV_0420040,INVL_0420082,POL_0420083,ITEM-0556,22,7.82,172.04,660100-PEOPLE,People,CC-06-02,ERP-AP
INV_0420040,INVL_0420083,POL_0420084,ITEM-0424,15,46.33,694.95,660100-PEOPLE,People,CC-06-02,ERP-AP
INV_0420041,INVL_0420084,POL_0420163,ITEM-0430,13,75.37,979.81,610100-ENGINEERING,Engineering,CC-01-02,ERP-AP
INV_0420041,INVL_0420085,POL_0420164,ITEM-0350,15,118.32,1774.80,610100-ENGINEERING,Engineering,CC-01-02,ERP-AP
INV_0420042,INVL_0420086,POL_0420306,ITEM-0039,18,296.19,5331.42,610100-ENGINEERING,Engineering,CC-01-02,ERP-AP
INV_0420042,INVL_0420087,POL_0420307,ITEM-0428,6,508.84,3053.04,610100-ENGINEERING,Engineering,CC-01-02,ERP-AP
INV_0420043,INVL_0420088,POL_0420346,ITEM-0148,23,185.34,4262.82,680100-IT,IT,CC-08-04,ERP-AP
INV_0420044,INVL_0420089,POL_0420026,ITEM-0066,7,228.58,1600.06,640100-SALES,Sales,CC-04-07,ERP-AP
INV_0420045,INVL_0420090,POL_0420089,ITEM-0484,16,44.23,707.68,650100-MARKETING,Marketing,CC-05-09,ERP-AP
INV_0420045,INVL_0420091,POL_0420090,ITEM-0468,8,26.65,213.20,650100-MARKETING,Marketing,CC-05-09,ERP-AP
INV_0420046,INVL_0420092,POL_0420128,ITEM-0336,18,362.23,6520.14,680100-IT,IT,CC-08-01,ERP-AP
INV_0420046,INVL_0420093,POL_0420129,ITEM-0227,20,78.79,1575.80,680100-IT,IT,CC-08-01,ERP-AP
INV_0420046,INVL_0420094,POL_0420130,ITEM-0065,21,17.11,359.31,680100-IT,IT,CC-08-01,ERP-AP
INV_0420046,INVL_0420095,POL_0420131,ITEM-0476,21,14.72,309.12,680100-IT,IT,CC-08-01,ERP-AP
INV_0420047,INVL_0420096,POL_0420229,ITEM-0274,17,526.54,8951.18,680100-IT,IT,CC-08-12,ERP-AP
INV_0420047,INVL_0420097,POL_0420230,ITEM-0435,3,1374.29,4122.87,680100-IT,IT,CC-08-12,ERP-AP
INV_0420048,INVL_0420098,POL_0420328,ITEM-0434,2,1321.88,2643.76,610100-ENGINEERING,Engineering,CC-01-12,ERP-AP
INV_0420048,INVL_0420099,POL_0420329,ITEM-0066,12,83.02,996.24,610100-ENGINEERING,Engineering,CC-01-12,ERP-AP
INV_0420049,INVL_0420100,POL_0420106,ITEM-0048,1,387.19,387.19,620100-OPERATIONS,Operations,CC-02-08,ERP-AP
INV_0420049,INVL_0420101,POL_0420107,ITEM-0058,11,45.28,498.08,620100-OPERATIONS,Operations,CC-02-08,ERP-AP
INV_0420049,INVL_0420102,POL_0420108,ITEM-0368,10,996.85,9968.50,620100-OPERATIONS,Operations,CC-02-08,ERP-AP
INV_0420050,INVL_0420103,POL_0420231,ITEM-0457,10,665.70,6657.00,620100-OPERATIONS,Operations,CC-02-02,ERP-AP
INV_0420050,INVL_0420104,POL_0420232,ITEM-0437,20,84.56,1691.20,620100-OPERATIONS,Operations,CC-02-02,ERP-AP
INV_0420050,INVL_0420105,POL_0420233,ITEM-0455,6,424.08,2544.48,620100-OPERATIONS,Operations,CC-02-02,ERP-AP
INV_0420051,INVL_0420106,POL_0420011,ITEM-0339,22,160.10,3522.20,640100-SALES,Sales,CC-04-06,ERP-AP
INV_0420052,INVL_0420107,POL_0420330,ITEM-0431,21,60.37,1267.77,670100-LEGAL,Legal,CC-07-03,ERP-AP
INV_0420053,INVL_0420108,POL_0420297,ITEM-0389,18,20.68,372.24,650100-MARKETING,Marketing,CC-05-05,ERP-AP
INV_0420053,INVL_0420109,POL_0420298,ITEM-0354,13,66.83,868.79,650100-MARKETING,Marketing,CC-05-05,ERP-AP
INV_0420054,INVL_0420110,POL_0420208,ITEM-0292,4,644.58,2578.32,620100-OPERATIONS,Operations,CC-02-12,ERP-AP
INV_0420054,INVL_0420111,POL_0420209,ITEM-0165,3,166.20,498.60,620100-OPERATIONS,Operations,CC-02-12,ERP-AP
INV_0420055,INVL_0420112,POL_0420286,ITEM-0113,11,880.13,9681.43,650100-MARKETING,Marketing,CC-05-08,ERP-AP
INV_0420056,INVL_0420113,POL_0420347,ITEM-0081,11,115.54,1270.94,630100-FINANCE,Finance,CC-03-07,ERP-AP
INV_0420056,INVL_0420114,POL_0420348,ITEM-0380,15,87.74,1316.10,630100-FINANCE,Finance,CC-03-07,ERP-AP
INV_0420057,INVL_0420115,POL_0420030,ITEM-0030,16,136.94,2191.04,640100-SALES,Sales,CC-04-08,ERP-AP
INV_0420057,INVL_0420116,POL_0420031,ITEM-0345,13,116.13,1509.69,640100-SALES,Sales,CC-04-08,ERP-AP
INV_0420058,INVL_0420117,POL_0420206,ITEM-0205,6,827.79,4966.74,670100-LEGAL,Legal,CC-07-09,ERP-AP
INV_0420058,INVL_0420118,POL_0420207,ITEM-0142,20,24.02,480.40,670100-LEGAL,Legal,CC-07-09,ERP-AP
INV_0420059,INVL_0420119,POL_0420299,ITEM-0491,9,282.07,2538.63,620100-OPERATIONS,Operations,CC-02-06,ERP-AP
INV_0420059,INVL_0420120,POL_0420300,ITEM-0207,7,396.33,2774.31,620100-OPERATIONS,Operations,CC-02-06,ERP-AP
INV_0420060,INVL_0420121,POL_0420134,ITEM-0102,12,289.79,3477.48,680100-IT,IT,CC-08-08,ERP-AP
INV_0420061,INVL_0420122,POL_0420027,ITEM-0021,23,71.13,1635.99,670100-LEGAL,Legal,CC-07-07,ERP-AP
INV_0420061,INVL_0420123,POL_0420028,ITEM-0390,19,27.58,524.02,670100-LEGAL,Legal,CC-07-07,ERP-AP
INV_0420061,INVL_0420124,POL_0420029,ITEM-0007,16,38.03,608.48,670100-LEGAL,Legal,CC-07-07,ERP-AP
INV_0420062,INVL_0420125,POL_0420219,ITEM-0568,17,14.88,252.96,620100-OPERATIONS,Operations,CC-02-09,ERP-AP
INV_0420062,INVL_0420126,POL_0420220,ITEM-0400,1,2257.82,2257.82,620100-OPERATIONS,Operations,CC-02-09,ERP-AP
INV_0420063,INVL_0420127,POL_0420067,ITEM-0313,14,237.11,3319.54,680100-IT,IT,CC-08-05,ERP-AP
INV_0420063,INVL_0420128,POL_0420068,ITEM-0636,19,140.02,2660.38,680100-IT,IT,CC-08-05,ERP-AP
INV_0420064,INVL_0420129,POL_0420022,ITEM-0437,17,120.96,2056.32,680100-IT,IT,CC-08-10,ERP-AP
INV_0420064,INVL_0420130,POL_0420023,ITEM-0457,18,178.21,3207.78,680100-IT,IT,CC-08-10,ERP-AP
INV_0420064,INVL_0420131,POL_0420024,ITEM-0487,6,609.62,3657.72,680100-IT,IT,CC-08-10,ERP-AP
INV_0420065,INVL_0420132,POL_0420025,ITEM-0241,10,598.06,5980.60,640100-SALES,Sales,CC-04-05,ERP-AP
INV_0420066,INVL_0420133,POL_0420044,ITEM-0439,18,180.13,3242.34,620100-OPERATIONS,Operations,CC-02-10,ERP-AP
INV_0420067,INVL_0420134,POL_0420115,ITEM-0282,13,163.84,2129.92,650100-MARKETING,Marketing,CC-05-01,ERP-AP
INV_0420067,INVL_0420135,POL_0420116,ITEM-0580,1,826.92,826.92,650100-MARKETING,Marketing,CC-05-01,ERP-AP
INV_0420067,INVL_0420136,POL_0420117,ITEM-0051,1,368.28,368.28,650100-MARKETING,Marketing,CC-05-01,ERP-AP
INV_0420068,INVL_0420137,POL_0420190,ITEM-0537,15,120.96,1814.40,610100-ENGINEERING,Engineering,CC-01-04,ERP-AP
INV_0420068,INVL_0420138,POL_0420191,ITEM-0625,17,180.15,3062.55,610100-ENGINEERING,Engineering,CC-01-04,ERP-AP
INV_0420069,INVL_0420139,POL_0420155,ITEM-0320,20,63.77,1275.40,670100-LEGAL,Legal,CC-07-12,ERP-AP
INV_0420069,INVL_0420140,POL_0420156,ITEM-0107,12,60.19,722.28,670100-LEGAL,Legal,CC-07-12,ERP-AP
INV_0420069,INVL_0420141,POL_0420157,ITEM-0520,19,62.41,1185.79,670100-LEGAL,Legal,CC-07-12,ERP-AP
INV_0420069,INVL_0420142,POL_0420158,ITEM-0159,7,276.42,1934.94,670100-LEGAL,Legal,CC-07-12,ERP-AP
INV_0420070,INVL_0420143,POL_0420072,ITEM-0153,21,77.99,1637.79,640100-SALES,Sales,CC-04-07,ERP-AP
INV_0420070,INVL_0420144,POL_0420073,ITEM-0146,9,601.87,5416.83,640100-SALES,Sales,CC-04-07,ERP-AP
INV_0420071,INVL_0420145,POL_0420165,ITEM-0084,2,430.25,860.50,610100-ENGINEERING,Engineering,CC-01-03,ERP-AP
INV_0420071,INVL_0420146,POL_0420166,ITEM-0454,9,247.63,2228.67,610100-ENGINEERING,Engineering,CC-01-03,ERP-AP
INV_0420071,INVL_0420147,POL_0420167,ITEM-0435,22,257.98,5675.56,610100-ENGINEERING,Engineering,CC-01-03,ERP-AP
INV_0420072,INVL_0420148,POL_0420070,ITEM-0465,10,68.28,682.80,650100-MARKETING,Marketing,CC-05-01,ERP-AP
INV_0420072,INVL_0420149,POL_0420071,ITEM-0240,3,804.75,2414.25,650100-MARKETING,Marketing,CC-05-01,ERP-AP
INV_0420073,INVL_0420150,POL_0420222,ITEM-0476,22,56.29,1238.38,660100-PEOPLE,People,CC-06-11,ERP-AP
INV_0420073,INVL_0420151,POL_0420223,ITEM-0491,23,15.40,354.20,660100-PEOPLE,People,CC-06-11,ERP-AP
INV_0420073,INVL_0420152,POL_0420224,ITEM-0187,21,22.32,468.72,660100-PEOPLE,People,CC-06-11,ERP-AP
INV_0420074,INVL_0420153,POL_0420295,ITEM-0296,10,24.17,241.70,640100-SALES,Sales,CC-04-05,ERP-AP
INV_0420074,INVL_0420154,POL_0420296,ITEM-0213,23,15.19,349.37,640100-SALES,Sales,CC-04-05,ERP-AP
INV_0420075,INVL_0420155,POL_0420240,ITEM-0286,21,146.60,3078.60,630100-FINANCE,Finance,CC-03-09,ERP-AP
INV_0420075,INVL_0420156,POL_0420241,ITEM-0117,8,247.49,1979.92,630100-FINANCE,Finance,CC-03-09,ERP-AP
INV_0420076,INVL_0420157,POL_0420215,ITEM-0562,5,3000.50,15002.50,620100-OPERATIONS,Operations,CC-02-01,ERP-AP
INV_0420077,INVL_0420158,POL_0420148,ITEM-0118,4,1399.64,5598.56,650100-MARKETING,Marketing,CC-05-08,ERP-AP
INV_0420077,INVL_0420159,POL_0420149,ITEM-0565,21,23.66,496.86,650100-MARKETING,Marketing,CC-05-08,ERP-AP
INV_0420078,INVL_0420160,POL_0420146,ITEM-0412,16,90.38,1446.08,680100-IT,IT,CC-08-11,ERP-AP
INV_0420079,INVL_0420161,POL_0420212,ITEM-0150,11,33.45,367.95,660100-PEOPLE,People,CC-06-02,ERP-AP
INV_0420079,INVL_0420162,POL_0420213,ITEM-0040,5,89.70,448.50,660100-PEOPLE,People,CC-06-02,ERP-AP
INV_0420079,INVL_0420163,POL_0420214,ITEM-0484,10,38.38,383.80,660100-PEOPLE,People,CC-06-02,ERP-AP
INV_0420080,INVL_0420164,POL_0420005,ITEM-0286,3,489.81,1469.43,640100-SALES,Sales,CC-04-07,ERP-AP
INV_0420080,INVL_0420165,POL_0420006,ITEM-0522,12,136.30,1635.60,640100-SALES,Sales,CC-04-07,ERP-AP
INV_0420081,INVL_0420166,POL_0420234,ITEM-0416,3,357.46,1072.38,650100-MARKETING,Marketing,CC-05-11,ERP-AP
INV_0420081,INVL_0420167,POL_0420235,ITEM-0526,12,40.07,480.84,650100-MARKETING,Marketing,CC-05-11,ERP-AP
INV_0420081,INVL_0420168,POL_0420236,ITEM-0164,24,117.77,2826.48,650100-MARKETING,Marketing,CC-05-11,ERP-AP
INV_0420081,INVL_0420169,POL_0420237,ITEM-0147,1,290.19,290.19,650100-MARKETING,Marketing,CC-05-11,ERP-AP
INV_0420082,INVL_0420170,POL_0420132,ITEM-0551,8,3665.71,29325.68,610100-ENGINEERING,Engineering,CC-01-05,ERP-AP
INV_0420083,INVL_0420171,POL_0420344,ITEM-0391,21,62.29,1308.09,680100-IT,IT,CC-08-01,ERP-AP
INV_0420083,INVL_0420172,POL_0420345,ITEM-0327,17,239.69,4074.73,680100-IT,IT,CC-08-01,ERP-AP
INV_0420084,INVL_0420173,POL_0420327,ITEM-0468,14,1538.59,21540.26,680100-IT,IT,CC-08-01,ERP-AP
INV_0420085,INVL_0420174,POL_0420169,ITEM-0141,7,172.51,1207.57,610100-ENGINEERING,Engineering,CC-01-01,ERP-AP
INV_0420085,INVL_0420175,POL_0420170,ITEM-0297,9,27.98,251.82,610100-ENGINEERING,Engineering,CC-01-01,ERP-AP
INV_0420086,INVL_0420176,POL_0420275,ITEM-0375,24,95.24,2285.76,620100-OPERATIONS,Operations,CC-02-07,ERP-AP
INV_0420086,INVL_0420177,POL_0420276,ITEM-0375,13,20.25,263.25,620100-OPERATIONS,Operations,CC-02-07,ERP-AP
INV_0420086,INVL_0420178,POL_0420277,ITEM-0411,2,350.80,701.60,620100-OPERATIONS,Operations,CC-02-07,ERP-AP
INV_0420086,INVL_0420179,POL_0420278,ITEM-0584,2,1895.04,3790.08,620100-OPERATIONS,Operations,CC-02-07,ERP-AP
INV_0420087,INVL_0420180,POL_0420096,ITEM-0326,2,1179.28,2358.56,670100-LEGAL,Legal,CC-07-04,ERP-AP
INV_0420087,INVL_0420181,POL_0420097,ITEM-0485,24,70.55,1693.20,670100-LEGAL,Legal,CC-07-04,ERP-AP
INV_0420087,INVL_0420182,POL_0420098,ITEM-0391,23,29.31,674.13,670100-LEGAL,Legal,CC-07-04,ERP-AP
INV_0420088,INVL_0420183,POL_0420257,ITEM-0129,9,119.84,1078.56,650100-MARKETING,Marketing,CC-05-04,ERP-AP
INV_0420088,INVL_0420184,POL_0420258,ITEM-0311,21,73.54,1544.34,650100-MARKETING,Marketing,CC-05-04,ERP-AP
INV_0420088,INVL_0420185,POL_0420259,ITEM-0547,20,272.88,5457.60,650100-MARKETING,Marketing,CC-05-04,ERP-AP
INV_0420088,INVL_0420186,POL_0420260,ITEM-0515,3,38.20,114.60,650100-MARKETING,Marketing,CC-05-04,ERP-AP
INV_0420089,INVL_0420187,POL_0420135,ITEM-0094,15,268.04,4020.60,640100-SALES,Sales,CC-04-02,ERP-AP
INV_0420089,INVL_0420188,POL_0420136,ITEM-0218,22,12.32,271.04,640100-SALES,Sales,CC-04-02,ERP-AP
INV_0420089,INVL_0420189,POL_0420137,ITEM-0612,21,16.13,338.73,640100-SALES,Sales,CC-04-02,ERP-AP
INV_0420090,INVL_0420190,POL_0420054,ITEM-0250,13,837.29,10884.77,680100-IT,IT,CC-08-01,ERP-AP
INV_0420090,INVL_0420191,POL_0420055,ITEM-0596,10,178.86,1788.60,680100-IT,IT,CC-08-01,ERP-AP
INV_0420091,INVL_0420192,POL_0420002,ITEM-0392,4,383.24,1532.96,640100-SALES,Sales,CC-04-05,ERP-AP
INV_0420091,INVL_0420193,POL_0420003,ITEM-0482,2,215.45,430.90,640100-SALES,Sales,CC-04-05,ERP-AP
INV_0420091,INVL_0420194,POL_0420004,ITEM-0205,8,138.24,1105.92,640100-SALES,Sales,CC-04-05,ERP-AP
INV_0420092,INVL_0420195,POL_0420036,ITEM-0042,21,51.62,1084.02,660100-PEOPLE,People,CC-06-04,ERP-AP
INV_0420093,INVL_0420196,POL_0420193,ITEM-0359,5,521.29,2606.45,630100-FINANCE,Finance,CC-03-06,ERP-AP
INV_0420093,INVL_0420197,POL_0420194,ITEM-0402,10,105.95,1059.50,630100-FINANCE,Finance,CC-03-06,ERP-AP
INV_0420094,INVL_0420198,POL_0420016,ITEM-0528,10,88.62,886.20,680100-IT,IT,CC-08-12,ERP-AP
INV_0420094,INVL_0420199,POL_0420017,ITEM-0649,22,59.02,1298.44,680100-IT,IT,CC-08-12,ERP-AP
INV_0420094,INVL_0420200,POL_0420018,ITEM-0344,20,416.45,8329.00,680100-IT,IT,CC-08-12,ERP-AP
INV_0420095,INVL_0420201,POL_0420058,ITEM-0538,19,25.23,479.37,640100-SALES,Sales,CC-04-12,ERP-AP
INV_0420095,INVL_0420202,POL_0420059,ITEM-0290,20,45.53,910.60,640100-SALES,Sales,CC-04-12,ERP-AP
INV_0420096,INVL_0420203,POL_0420319,ITEM-0630,12,5.75,69.00,620100-OPERATIONS,Operations,CC-02-11,ERP-AP
INV_0420096,INVL_0420204,POL_0420320,ITEM-0225,8,49.06,392.48,620100-OPERATIONS,Operations,CC-02-11,ERP-AP
INV_0420096,INVL_0420205,POL_0420321,ITEM-0490,5,351.45,1757.25,620100-OPERATIONS,Operations,CC-02-11,ERP-AP
INV_0420096,INVL_0420206,POL_0420322,ITEM-0466,5,118.63,593.15,620100-OPERATIONS,Operations,CC-02-11,ERP-AP
INV_0420097,INVL_0420207,POL_0420242,ITEM-0220,15,229.76,3446.40,620100-OPERATIONS,Operations,CC-02-05,ERP-AP
INV_0420097,INVL_0420208,POL_0420243,ITEM-0293,20,15.35,307.00,620100-OPERATIONS,Operations,CC-02-05,ERP-AP
INV_0420098,INVL_0420209,POL_0420326,ITEM-0533,11,219.81,2417.91,640100-SALES,Sales,CC-04-10,ERP-AP
INV_0420099,INVL_0420210,POL_0420001,ITEM-0423,6,654.71,3928.26,630100-FINANCE,Finance,CC-03-04,ERP-AP
INV_0420100,INVL_0420211,POL_0420279,ITEM-0626,20,39.70,794.00,680100-IT,IT,CC-08-09,ERP-AP
INV_0420100,INVL_0420212,POL_0420280,ITEM-0132,4,182.75,731.00,680100-IT,IT,CC-08-09,ERP-AP
INV_0420100,INVL_0420213,POL_0420281,ITEM-0404,4,535.89,2143.56,680100-IT,IT,CC-08-09,ERP-AP
INV_0420101,INVL_0420214,POL_0420012,ITEM-0131,18,215.59,3880.62,670100-LEGAL,Legal,CC-07-06,ERP-AP
INV_0420101,INVL_0420215,POL_0420013,ITEM-0431,7,61.87,433.09,670100-LEGAL,Legal,CC-07-06,ERP-AP
INV_0420101,INVL_0420216,POL_0420014,ITEM-0389,22,64.99,1429.78,670100-LEGAL,Legal,CC-07-06,ERP-AP
INV_0420102,INVL_0420217,POL_0420183,ITEM-0282,10,92.25,922.50,680100-IT,IT,CC-08-02,ERP-AP
INV_0420102,INVL_0420218,POL_0420184,ITEM-0058,19,105.77,2009.63,680100-IT,IT,CC-08-02,ERP-AP
INV_0420103,INVL_0420219,POL_0420019,ITEM-0626,16,65.47,1047.52,640100-SALES,Sales,CC-04-03,ERP-AP
INV_0420104,INVL_0420220,POL_0420308,ITEM-0039,10,28.63,286.30,630100-FINANCE,Finance,CC-03-12,ERP-AP
INV_0420104,INVL_0420221,POL_0420309,ITEM-0306,1,496.87,496.87,630100-FINANCE,Finance,CC-03-12,ERP-AP
INV_0420104,INVL_0420222,POL_0420310,ITEM-0618,19,38.83,737.77,630100-FINANCE,Finance,CC-03-12,ERP-AP
INV_0420105,INVL_0420223,POL_0420144,ITEM-0526,12,15.49,185.88,620100-OPERATIONS,Operations,CC-02-12,ERP-AP
INV_0420105,INVL_0420224,POL_0420145,ITEM-0112,19,80.01,1520.19,620100-OPERATIONS,Operations,CC-02-12,ERP-AP
INV_0420106,INVL_0420225,POL_0420015,ITEM-0622,19,154.17,2929.23,610100-ENGINEERING,Engineering,CC-01-05,ERP-AP
INV_0420107,INVL_0420226,POL_0420266,ITEM-0327,23,62.07,1427.61,640100-SALES,Sales,CC-04-06,ERP-AP
INV_0420108,INVL_0420227,POL_0420238,ITEM-0034,19,155.58,2956.02,640100-SALES,Sales,CC-04-11,ERP-AP
INV_0420108,INVL_0420228,POL_0420239,ITEM-0158,20,53.21,1064.20,640100-SALES,Sales,CC-04-11,ERP-AP
INV_0420109,INVL_0420229,POL_0420045,ITEM-0471,21,98.93,2077.53,680100-IT,IT,CC-08-02,ERP-AP
INV_0420109,INVL_0420230,POL_0420046,ITEM-0157,23,113.67,2614.41,680100-IT,IT,CC-08-02,ERP-AP
INV_0420109,INVL_0420231,POL_0420047,ITEM-0181,14,83.73,1172.22,680100-IT,IT,CC-08-02,ERP-AP
INV_0420109,INVL_0420232,POL_0420048,ITEM-0535,24,34.73,833.52,680100-IT,IT,CC-08-02,ERP-AP
INV_0420110,INVL_0420233,POL_0420331,ITEM-0551,6,59.03,354.18,630100-FINANCE,Finance,CC-03-11,ERP-AP
INV_0420110,INVL_0420234,POL_0420332,ITEM-0542,13,47.54,618.02,630100-FINANCE,Finance,CC-03-11,ERP-AP
INV_0420111,INVL_0420235,POL_0420147,ITEM-0640,9,117.35,1056.15,660100-PEOPLE,People,CC-06-10,ERP-AP
INV_0420112,INVL_0420236,POL_0420267,ITEM-0461,9,421.97,3797.73,620100-OPERATIONS,Operations,CC-02-06,ERP-AP
INV_0420112,INVL_0420237,POL_0420268,ITEM-0145,8,614.13,4913.04,620100-OPERATIONS,Operations,CC-02-06,ERP-AP
INV_0420113,INVL_0420238,POL_0420032,ITEM-0086,1,4955.40,4955.40,610100-ENGINEERING,Engineering,CC-01-07,ERP-AP
INV_0420113,INVL_0420239,POL_0420033,ITEM-0439,21,72.97,1532.37,610100-ENGINEERING,Engineering,CC-ALLOC-02,ERP-AP
INV_0420114,INVL_0420240,POL_0420253,ITEM-0128,2,312.22,624.44,630100-FINANCE,Finance,CC-03-07,ERP-AP
INV_0420114,INVL_0420241,POL_0420254,ITEM-0157,17,89.04,1513.68,630100-FINANCE,Finance,CC-03-07,ERP-AP
INV_0420114,INVL_0420242,POL_0420255,ITEM-0169,10,85.27,852.70,630100-FINANCE,Finance,CC-03-07,ERP-AP
INV_0420114,INVL_0420243,POL_0420256,ITEM-0331,6,6.76,40.56,630100-FINANCE,Finance,CC-03-07,ERP-AP
INV_0420115,INVL_0420244,POL_0420091,ITEM-0349,14,56.77,794.78,630100-FINANCE,Finance,CC-03-02,ERP-AP
INV_0420115,INVL_0420245,POL_0420092,ITEM-0274,17,15.03,255.51,630100-FINANCE,Finance,CC-03-02,ERP-AP
INV_0420115,INVL_0420246,POL_0420093,ITEM-0290,1,387.92,387.92,630100-FINANCE,Finance,CC-03-02,ERP-AP
INV_0420116,INVL_0420247,POL_0420217,ITEM-0630,1,1564.71,1564.71,640100-SALES,Sales,CC-04-12,ERP-AP
INV_0420116,INVL_0420248,POL_0420218,ITEM-0247,12,147.82,1773.84,640100-SALES,Sales,CC-04-12,ERP-AP
INV_0420117,INVL_0420249,POL_0420202,ITEM-0170,20,13.46,269.20,630100-FINANCE,Finance,CC-03-03,ERP-AP
INV_0420117,INVL_0420250,POL_0420203,ITEM-0449,24,7.77,186.48,630100-FINANCE,Finance,CC-03-03,ERP-AP
INV_0420117,INVL_0420251,POL_0420204,ITEM-0421,2,1047.84,2095.68,630100-FINANCE,Finance,CC-03-03,ERP-AP
INV_0420118,INVL_0420252,POL_0420040,ITEM-0385,19,28.20,535.80,620100-OPERATIONS,Operations,CC-02-10,ERP-AP
INV_0420118,INVL_0420253,POL_0420041,ITEM-0204,13,17.53,227.89,620100-OPERATIONS,Operations,CC-02-10,ERP-AP
INV_0420118,INVL_0420254,POL_0420042,ITEM-0607,3,444.66,1333.98,620100-OPERATIONS,Operations,CC-02-10,ERP-AP
INV_0420118,INVL_0420255,POL_0420043,ITEM-0643,23,21.25,488.75,620100-OPERATIONS,Operations,CC-02-10,ERP-AP
INV_0420119,INVL_0420256,POL_0420291,ITEM-0539,16,218.95,3503.20,640100-SALES,Sales,CC-04-09,ERP-AP
INV_0420119,INVL_0420257,POL_0420292,ITEM-0322,13,30.92,401.96,640100-SALES,Sales,CC-04-09,ERP-AP
INV_0420119,INVL_0420258,POL_0420293,ITEM-0471,6,121.33,727.98,640100-SALES,Sales,CC-04-09,ERP-AP
INV_0420119,INVL_0420259,POL_0420294,ITEM-0351,18,142.83,2570.94,640100-SALES,Sales,CC-04-09,ERP-AP
INV_0420120,INVL_0420260,POL_0420271,ITEM-0598,7,86.56,605.92,670100-LEGAL,Legal,CC-07-09,ERP-AP
INV_0420120,INVL_0420261,POL_0420272,ITEM-0050,12,107.06,1284.72,670100-LEGAL,Legal,CC-07-09,ERP-AP
INV_0420120,INVL_0420262,POL_0420273,ITEM-0289,2,639.01,1278.02,670100-LEGAL,Legal,CC-07-09,ERP-AP
INV_0420120,INVL_0420263,POL_0420274,ITEM-0612,16,140.22,2243.52,670100-LEGAL,Legal,CC-07-09,ERP-AP
INV_0420121,INVL_0420264,POL_0420323,ITEM-0254,7,304.77,2133.39,680100-IT,IT,CC-08-09,ERP-AP
INV_0420121,INVL_0420265,POL_0420324,ITEM-0611,22,247.26,5439.72,680100-IT,IT,CC-08-09,ERP-AP
INV_0420121,INVL_0420266,POL_0420325,ITEM-0539,3,2329.15,6987.45,680100-IT,IT,CC-08-09,ERP-AP
INV_0420122,INVL_0420267,POL_0420176,ITEM-0604,14,2137.85,29929.90,620100-OPERATIONS,Operations,CC-02-07,ERP-AP
INV_0420123,INVL_0420268,POL_0420339,ITEM-0144,2,219.37,438.74,670100-LEGAL,Legal,CC-07-08,ERP-AP
INV_0420123,INVL_0420269,POL_0420340,ITEM-0297,17,467.72,7951.24,670100-LEGAL,Legal,CC-07-08,ERP-AP
INV_0420124,INVL_0420270,POL_0420269,ITEM-0195,11,104.65,1151.15,630100-FINANCE,Finance,CC-03-06,ERP-AP
INV_0420124,INVL_0420271,POL_0420270,ITEM-0511,6,199.24,1195.44,630100-FINANCE,Finance,CC-03-06,ERP-AP
INV_0420125,INVL_0420272,POL_0420287,ITEM-0537,6,387.68,2326.08,640100-SALES,Sales,CC-04-12,ERP-AP
INV_0420125,INVL_0420273,POL_0420288,ITEM-0635,21,713.11,14975.31,640100-SALES,Sales,CC-04-12,ERP-AP
INV_0420126,INVL_0420274,POL_0420317,ITEM-0064,8,37.01,296.08,610100-ENGINEERING,Engineering,CC-01-05,ERP-AP
INV_0420126,INVL_0420275,POL_0420318,ITEM-0122,22,27.96,615.12,610100-ENGINEERING,Engineering,CC-01-05,ERP-AP
INV_0420127,INVL_0420276,POL_0420335,ITEM-0247,1,2265.81,2265.81,670100-LEGAL,Legal,CC-07-10,ERP-AP
INV_0420127,INVL_0420277,POL_0420336,ITEM-0069,7,71.86,503.02,670100-LEGAL,Legal,CC-07-10,ERP-AP
INV_0420127,INVL_0420278,POL_0420337,ITEM-0609,4,617.30,2469.20,670100-LEGAL,Legal,CC-07-10,ERP-AP
INV_0420127,INVL_0420279,POL_0420338,ITEM-0458,2,653.56,1307.12,670100-LEGAL,Legal,CC-07-10,ERP-AP
INV_0420128,INVL_0420280,POL_0420138,ITEM-0601,7,81.81,572.67,640100-SALES,Sales,CC-04-02,ERP-AP
INV_0420128,INVL_0420281,POL_0420139,ITEM-0239,7,123.15,862.05,640100-SALES,Sales,CC-04-02,ERP-AP
INV_0420128,INVL_0420282,POL_0420140,ITEM-0152,11,66.36,729.96,640100-SALES,Sales,CC-04-02,ERP-AP
INV_0420129,INVL_0420283,POL_0420185,ITEM-0630,3,263.09,789.27,660100-PEOPLE,People,CC-06-05,ERP-AP
INV_0420129,INVL_0420284,POL_0420186,ITEM-0520,20,16.84,336.80,660100-PEOPLE,People,CC-06-05,ERP-AP
INV_0420129,INVL_0420285,POL_0420187,ITEM-0474,13,33.42,434.46,660100-PEOPLE,People,CC-06-05,ERP-AP
INV_0420130,INVL_0420286,POL_0420333,ITEM-0389,18,335.85,6045.30,680100-IT,IT,CC-08-11,ERP-AP
INV_0420130,INVL_0420287,POL_0420334,ITEM-0254,8,1979.57,15836.56,680100-IT,IT,CC-08-11,ERP-AP
INV_0420131,INVL_0420288,POL_0420133,ITEM-0631,16,93.17,1490.72,630100-FINANCE,Finance,CC-03-07,ERP-AP
INV_0420132,INVL_0420289,POL_0420352,ITEM-0619,8,613.33,4906.64,620100-OPERATIONS,Operations,CC-02-12,ERP-AP
INV_0420132,INVL_0420290,POL_0420353,ITEM-0210,23,49.12,1129.76,620100-OPERATIONS,Operations,CC-02-12,ERP-AP
INV_0420133,INVL_0420291,POL_0420122,ITEM-0303,16,55.18,882.88,650100-MARKETING,Marketing,CC-05-03,ERP-AP
INV_0420133,INVL_0420292,POL_0420123,ITEM-0347,24,56.25,1350.00,650100-MARKETING,Marketing,CC-05-03,ERP-AP
INV_0420133,INVL_0420293,POL_0420124,ITEM-0480,4,985.12,3940.48,650100-MARKETING,Marketing,CC-05-03,ERP-AP
INV_0420133,INVL_0420294,POL_0420125,ITEM-0145,3,419.68,1259.04,650100-MARKETING,Marketing,CC-05-03,ERP-AP
INV_0420134,INVL_0420295,POL_0420180,ITEM-0476,16,45.29,724.64,620100-OPERATIONS,Operations,CC-02-03,ERP-AP
INV_0420134,INVL_0420296,POL_0420181,ITEM-0594,19,80.36,1526.84,620100-OPERATIONS,Operations,CC-02-03,ERP-AP
INV_0420134,INVL_0420297,POL_0420182,ITEM-0579,15,436.76,6551.40,620100-OPERATIONS,Operations,CC-02-03,ERP-AP
INV_0420135,INVL_0420298,POL_0420104,ITEM-0647,8,192.40,1539.20,680100-IT,IT,CC-08-09,ERP-AP
INV_0420135,INVL_0420299,POL_0420105,ITEM-0295,22,34.06,749.32,680100-IT,IT,CC-08-09,ERP-AP
INV_0420136,INVL_0420300,POL_0420077,ITEM-0186,9,25.20,226.80,630100-FINANCE,Finance,CC-03-08,ERP-AP
INV_0420136,INVL_0420301,POL_0420078,ITEM-0447,19,20.97,398.43,630100-FINANCE,Finance,CC-03-08,ERP-AP
INV_0420136,INVL_0420302,POL_0420079,ITEM-0504,21,6.73,141.33,630100-FINANCE,Finance,CC-03-08,ERP-AP
INV_0420137,INVL_0420303,POL_0420161,ITEM-0348,10,254.16,2541.60,650100-MARKETING,Marketing,CC-05-01,ERP-AP
INV_0420137,INVL_0420304,POL_0420162,ITEM-0007,12,2343.37,28120.44,650100-MARKETING,Marketing,CC-05-01,ERP-AP
INV_0420138,INVL_0420305,POL_0420226,ITEM-0340,2,1696.89,3393.78,640100-SALES,Sales,CC-04-05,ERP-AP
INV_0420138,INVL_0420306,POL_0420227,ITEM-0128,9,177.54,1597.86,640100-SALES,Sales,CC-04-05,ERP-AP
INV_0420138,INVL_0420307,POL_0420228,ITEM-0448,12,445.27,5343.24,640100-SALES,Sales,CC-04-05,ERP-AP
INV_0420139,INVL_0420308,POL_0420341,ITEM-0534,22,12.04,264.88,660100-PEOPLE,People,CC-06-04,ERP-AP
INV_0420139,INVL_0420309,POL_0420342,ITEM-0424,8,35.68,285.44,660100-PEOPLE,People,CC-06-04,ERP-AP
INV_0420139,INVL_0420310,POL_0420343,ITEM-0282,10,16.26,162.60,660100-PEOPLE,People,CC-06-04,ERP-AP
INV_0420140,INVL_0420311,POL_0420009,ITEM-0046,9,362.63,3263.67,620100-OPERATIONS,Operations,CC-02-07,ERP-AP
INV_0420140,INVL_0420312,POL_0420010,ITEM-0447,23,74.68,1717.64,620100-OPERATIONS,Operations,CC-02-07,ERP-AP
INV_0420141,INVL_0420313,POL_0420074,ITEM-0413,10,290.92,2909.20,650100-MARKETING,Marketing,CC-05-08,ERP-AP
INV_0420141,INVL_0420314,POL_0420075,ITEM-0513,9,1032.92,9296.28,650100-MARKETING,Marketing,CC-05-08,ERP-AP
INV_0420142,INVL_0420315,POL_0420118,ITEM-0141,9,43.56,392.04,660100-PEOPLE,People,CC-06-04,ERP-AP
INV_0420143,INVL_0420316,POL_0420021,ITEM-0468,4,914.60,3658.40,680100-IT,IT,CC-08-01,ERP-AP
INV_0420144,INVL_0420317,POL_0420225,ITEM-0528,10,337.85,3378.50,610100-ENGINEERING,Engineering,CC-01-04,ERP-AP
INV_0420145,INVL_0420318,POL_0420171,ITEM-0074,12,23.67,284.04,640100-SALES,Sales,CC-04-09,ERP-AP
INV_0420145,INVL_0420319,POL_0420172,ITEM-0044,13,38.24,497.12,640100-SALES,Sales,CC-04-09,ERP-AP
INV_0420145,INVL_0420320,POL_0420173,ITEM-0020,14,24.65,345.10,640100-SALES,Sales,CC-04-09,ERP-AP
INV_0420146,INVL_0420321,POL_0420205,ITEM-0199,16,428.25,6852.00,680100-IT,IT,CC-08-04,ERP-AP
INV_0420147,INVL_0420322,POL_0420109,ITEM-0635,13,333.95,4341.35,630100-FINANCE,Finance,CC-03-03,ERP-AP
INV_0420148,INVL_0420323,POL_0420174,ITEM-0415,4,118.45,473.80,670100-LEGAL,Legal,CC-07-12,ERP-AP
INV_0420148,INVL_0420324,POL_0420175,ITEM-0333,1,642.89,642.89,670100-LEGAL,Legal,CC-07-12,ERP-AP
INV_0420149,INVL_0420325,POL_0420264,ITEM-0416,8,1177.57,9420.56,650100-MARKETING,Marketing,CC-05-11,ERP-AP
INV_0420149,INVL_0420326,POL_0420265,ITEM-0465,10,294.44,2944.40,650100-MARKETING,Marketing,CC-05-11,ERP-AP
INV_0420150,INVL_0420327,,SVC-0228,12,366.81,4401.72,670100-LEGAL,Legal,CC-07-11,ERP-AP
INV_0420150,INVL_0420328,,SVC-0086,8,328.91,2631.28,670100-LEGAL,Legal,CC-07-11,ERP-AP
INV_0420151,INVL_0420329,,SVC-0290,8,230.32,1842.56,640100-SALES,Sales,CC-04-09,ERP-AP
INV_0420151,INVL_0420330,,SVC-0396,12,762.21,9146.52,640100-SALES,Sales,CC-04-09,ERP-AP
INV_0420152,INVL_0420331,,SVC-0228,12,366.81,4401.72,670100-LEGAL,Legal,CC-07-11,ERP-AP
INV_0420152,INVL_0420332,,SVC-0086,8,328.91,2631.28,670100-LEGAL,Legal,CC-07-11,ERP-AP
INV_0420153,INVL_0420333,,SVC-0053,7,5928.25,41497.75,680100-IT,IT,CC-08-09,ERP-AP
INV_0420154,INVL_0420334,,SVC-0225,2,1393.40,2786.80,680100-IT,IT,CC-08-05,ERP-AP
INV_0420154,INVL_0420335,,SVC-0398,2,1525.85,3051.70,680100-IT,IT,CC-08-05,ERP-AP
INV_0420155,INVL_0420336,,SVC-0106,4,1320.13,5280.52,630100-FINANCE,Finance,CC-03-10,ERP-AP
INV_0420156,INVL_0420337,,SVC-0137,10,32.20,322.00,660100-PEOPLE,People,CC-06-12,ERP-AP
INV_0420156,INVL_0420338,,SVC-0348,9,116.27,1046.43,660100-PEOPLE,People,CC-06-12,ERP-AP
INV_0420157,INVL_0420339,,SVC-0075,4,146.17,584.68,630100-FINANCE,Finance,CC-03-12,ERP-AP
INV_0420157,INVL_0420340,,SVC-0165,12,68.44,821.28,630100-FINANCE,Finance,CC-03-12,ERP-AP
INV_0420157,INVL_0420341,,SVC-0390,4,65.19,260.76,630100-FINANCE,Finance,CC-03-12,ERP-AP
INV_0420158,INVL_0420342,,SVC-0207,2,612.04,1224.08,670100-LEGAL,Legal,CC-07-08,ERP-AP
INV_0420159,INVL_0420343,,SVC-0048,12,15.73,188.76,660100-PEOPLE,People,CC-06-10,ERP-AP
INV_0420160,INVL_0420344,,SVC-0254,4,122.68,490.72,670100-LEGAL,Legal,CC-07-04,ERP-AP
INV_0420160,INVL_0420345,,SVC-0166,5,189.64,948.20,670100-LEGAL,Legal,CC-07-04,ERP-AP
INV_0420160,INVL_0420346,,SVC-0173,5,223.76,1118.80,670100-LEGAL,Legal,CC-07-04,ERP-AP
INV_0420160,INVL_0420347,,SVC-0296,9,1156.58,10409.22,670100-LEGAL,Legal,CC-07-04,ERP-AP
INV_0420161,INVL_0420348,,SVC-0009,8,906.67,7253.36,610100-ENGINEERING,Engineering,CC-01-02,ERP-AP
INV_0420161,INVL_0420349,,SVC-0081,2,458.51,917.02,610100-ENGINEERING,Engineering,CC-01-02,ERP-AP
INV_0420162,INVL_0420350,,SVC-0048,5,377.55,1887.75,650100-MARKETING,Marketing,CC-05-03,ERP-AP
INV_0420162,INVL_0420351,,SVC-0185,11,80.68,887.48,650100-MARKETING,Marketing,CC-05-03,ERP-AP
INV_0420162,INVL_0420352,,SVC-0043,5,200.66,1003.30,650100-MARKETING,Marketing,CC-05-03,ERP-AP
INV_0420163,INVL_0420353,,SVC-0009,8,906.67,7253.36,610100-ENGINEERING,Engineering,CC-01-02,ERP-AP
INV_0420163,INVL_0420354,,SVC-0081,2,458.51,917.02,610100-ENGINEERING,Engineering,CC-01-02,ERP-AP
INV_0420164,INVL_0420355,,SVC-0068,2,1925.78,3851.56,620100-OPERATIONS,Operations,CC-02-01,ERP-AP
INV_0420165,INVL_0420356,,SVC-0037,8,247.65,1981.20,620100-OPERATIONS,Operations,CC-02-07,ERP-AP
INV_0420165,INVL_0420357,,SVC-0197,4,189.95,759.80,620100-OPERATIONS,Operations,CC-02-07,ERP-AP
INV_0420165,INVL_0420358,,SVC-0375,2,1545.34,3090.68,620100-OPERATIONS,Operations,CC-02-07,ERP-AP
INV_0420166,INVL_0420359,,SVC-0036,3,47.88,143.64,630100-FINANCE,Finance,CC-03-11,ERP-AP
INV_0420166,INVL_0420360,,SVC-0289,9,50.32,452.88,630100-FINANCE,Finance,CC-03-11,ERP-AP
INV_0420166,INVL_0420361,,SVC-0313,1,6044.60,6044.60,630100-FINANCE,Finance,CC-03-11,ERP-AP
INV_0420166,INVL_0420362,,SVC-0085,11,51.13,562.43,630100-FINANCE,Finance,CC-03-11,ERP-AP
INV_0420167,INVL_0420363,,SVC-0072,2,10899.60,21799.20,680100-IT,IT,CC-08-04,ERP-AP
INV_0420168,INVL_0420364,,SVC-0128,2,493.13,986.26,630100-FINANCE,Finance,CC-03-04,ERP-AP
INV_0420168,INVL_0420365,,SVC-0308,9,178.74,1608.66,630100-FINANCE,Finance,CC-03-04,ERP-AP
INV_0420169,INVL_0420366,,SVC-0383,4,307.06,1228.24,640100-SALES,Sales,CC-04-09,ERP-AP
INV_0420169,INVL_0420367,,SVC-0152,7,156.62,1096.34,640100-SALES,Sales,CC-04-09,ERP-AP
INV_0420170,INVL_0420368,,SVC-0199,3,183.46,550.38,610100-ENGINEERING,Engineering,CC-01-06,ERP-AP
INV_0420170,INVL_0420369,,SVC-0216,10,184.53,1845.30,610100-ENGINEERING,Engineering,CC-01-06,ERP-AP
INV_0420170,INVL_0420370,,SVC-0280,6,85.35,512.10,610100-ENGINEERING,Engineering,CC-01-06,ERP-AP
INV_0420170,INVL_0420371,,SVC-0089,11,212.25,2334.75,610100-ENGINEERING,Engineering,CC-01-06,ERP-AP
INV_0420171,INVL_0420372,,SVC-0260,7,507.48,3552.36,610100-ENGINEERING,Engineering,CC-01-01,ERP-AP
INV_0420171,INVL_0420373,,SVC-0322,5,346.25,1731.25,610100-ENGINEERING,Engineering,CC-01-01,ERP-AP
INV_0420171,INVL_0420374,,SVC-0257,12,75.11,901.32,610100-ENGINEERING,Engineering,CC-01-01,ERP-AP
INV_0420171,INVL_0420375,,SVC-0217,7,269.92,1889.44,610100-ENGINEERING,Engineering,CC-01-01,ERP-AP
INV_0420172,INVL_0420376,,SVC-0080,4,587.54,2350.16,620100-OPERATIONS,Operations,CC-02-05,ERP-AP
INV_0420173,INVL_0420377,,SVC-0030,4,1274.30,5097.20,650100-MARKETING,Marketing,CC-05-12,ERP-AP
INV_0420173,INVL_0420378,,SVC-0045,4,80.09,320.36,650100-MARKETING,Marketing,CC-05-12,ERP-AP
INV_0420174,INVL_0420379,,SVC-0006,12,63.55,762.60,620100-OPERATIONS,Operations,CC-02-01,ERP-AP
INV_0420174,INVL_0420380,,SVC-0255,3,48.56,145.68,620100-OPERATIONS,Operations,CC-02-01,ERP-AP
INV_0420174,INVL_0420381,,SVC-0268,6,39.86,239.16,620100-OPERATIONS,Operations,CC-02-01,ERP-AP
INV_0420175,INVL_0420382,,SVC-0140,7,894.00,6258.00,620100-OPERATIONS,Operations,CC-02-01,ERP-AP
INV_0420175,INVL_0420383,,SVC-0033,9,435.16,3916.44,620100-OPERATIONS,Operations,CC-02-01,ERP-AP
INV_0420176,INVL_0420384,,SVC-0036,3,47.88,143.64,630100-FINANCE,Finance,CC-03-11,ERP-AP
INV_0420176,INVL_0420385,,SVC-0289,9,50.32,452.88,630100-FINANCE,Finance,CC-03-11,ERP-AP
INV_0420176,INVL_0420386,,SVC-0313,1,6044.60,6044.60,630100-FINANCE,Finance,CC-03-11,ERP-AP
INV_0420176,INVL_0420387,,SVC-0085,11,51.13,562.43,630100-FINANCE,Finance,CC-03-11,ERP-AP
INV_0420177,INVL_0420388,,SVC-0346,10,29.22,292.20,630100-FINANCE,Finance,CC-03-05,ERP-AP
INV_0420177,INVL_0420389,,SVC-0060,12,11.13,133.56,630100-FINANCE,Finance,CC-03-05,ERP-AP
INV_0420177,INVL_0420390,,SVC-0380,4,7.74,30.96,630100-FINANCE,Finance,CC-03-05,ERP-AP
INV_0420178,INVL_0420391,,SVC-0019,3,72.59,217.77,660100-PEOPLE,People,CC-06-07,ERP-AP
INV_0420178,INVL_0420392,,SVC-0366,9,468.77,4218.93,660100-PEOPLE,People,CC-06-07,ERP-AP
INV_0420178,INVL_0420393,,SVC-0336,12,48.27,579.24,660100-PEOPLE,People,CC-06-07,ERP-AP
INV_0420178,INVL_0420394,,SVC-0115,7,30.61,214.27,660100-PEOPLE,People,CC-06-07,ERP-AP
INV_0420179,INVL_0420395,,SVC-0092,1,1194.11,1194.11,660100-PEOPLE,People,CC-06-02,ERP-AP
INV_0420179,INVL_0420396,,SVC-0265,4,39.36,157.44,660100-PEOPLE,People,CC-06-02,ERP-AP
INV_0420180,INVL_0420397,,SVC-0189,1,557.10,557.10,660100-PEOPLE,People,CC-06-02,ERP-AP
INV_0420180,INVL_0420398,,SVC-0150,4,207.11,828.44,660100-PEOPLE,People,CC-06-02,ERP-AP
INV_0420181,INVL_0420399,,SVC-0078,4,149.09,596.36,640100-SALES,Sales,CC-04-12,ERP-AP
INV_0420181,INVL_0420400,,SVC-0210,1,1433.36,1433.36,640100-SALES,Sales,CC-04-12,ERP-AP
INV_0420181,INVL_0420401,,SVC-0120,1,917.47,917.47,640100-SALES,Sales,CC-04-12,ERP-AP
INV_0420181,INVL_0420402,,SVC-0178,9,140.90,1268.10,640100-SALES,Sales,CC-04-12,ERP-AP
INV_0420182,INVL_0420403,,SVC-0009,8,906.67,7253.36,610100-ENGINEERING,Engineering,CC-01-02,ERP-AP
INV_0420182,INVL_0420404,,SVC-0081,2,458.51,917.02,610100-ENGINEERING,Engineering,CC-01-02,ERP-AP
INV_0420183,INVL_0420405,,SVC-0252,7,46.65,326.55,640100-SALES,Sales,CC-04-09,ERP-AP
INV_0420183,INVL_0420406,,SVC-0073,1,1595.25,1595.25,640100-SALES,Sales,CC-04-09,ERP-AP
INV_0420183,INVL_0420407,,SVC-0144,12,276.17,3314.04,640100-SALES,Sales,CC-04-09,ERP-AP
INV_0420183,INVL_0420408,,SVC-0023,2,123.18,246.36,640100-SALES,Sales,CC-04-09,ERP-AP
INV_0420184,INVL_0420409,,SVC-0039,7,188.16,1317.12,620100-OPERATIONS,Operations,CC-02-09,ERP-AP
INV_0420185,INVL_0420410,,SVC-0359,7,543.28,3802.96,650100-MARKETING,Marketing,CC-05-06,ERP-AP
INV_0420185,INVL_0420411,,SVC-0168,12,68.82,825.84,650100-MARKETING,Marketing,CC-05-06,ERP-AP
INV_0420185,INVL_0420412,,SVC-0232,6,678.45,4070.70,650100-MARKETING,Marketing,CC-05-06,ERP-AP
INV_0420185,INVL_0420413,,SVC-0120,5,128.48,642.40,650100-MARKETING,Marketing,CC-05-06,ERP-AP
INV_0420186,INVL_0420414,,SVC-0209,6,1142.58,6855.48,620100-OPERATIONS,Operations,CC-02-03,ERP-AP
INV_0420186,INVL_0420415,,SVC-0275,2,912.42,1824.84,620100-OPERATIONS,Operations,CC-02-03,ERP-AP
INV_0420187,INVL_0420416,,SVC-0361,5,276.19,1380.95,620100-OPERATIONS,Operations,CC-02-03,ERP-AP
INV_0420187,INVL_0420417,,SVC-0309,12,425.01,5100.12,620100-OPERATIONS,Operations,CC-02-03,ERP-AP
INV_0420187,INVL_0420418,,SVC-0111,1,742.87,742.87,620100-OPERATIONS,Operations,CC-02-03,ERP-AP
INV_0420188,INVL_0420419,,SVC-0072,2,10899.60,21799.20,680100-IT,IT,CC-08-04,ERP-AP
INV_0420189,INVL_0420420,,SVC-0260,7,507.48,3552.36,610100-ENGINEERING,Engineering,CC-01-01,ERP-AP
INV_0420189,INVL_0420421,,SVC-0322,5,346.25,1731.25,610100-ENGINEERING,Engineering,CC-01-01,ERP-AP
INV_0420189,INVL_0420422,,SVC-0257,12,75.11,901.32,610100-ENGINEERING,Engineering,CC-01-01,ERP-AP
INV_0420189,INVL_0420423,,SVC-0217,7,269.92,1889.44,610100-ENGINEERING,Engineering,CC-01-01,ERP-AP
INV_0420190,INVL_0420424,,SVC-0063,3,416.20,1248.60,620100-OPERATIONS,Operations,CC-02-08,ERP-AP
INV_0420191,INVL_0420425,,SVC-0102,2,1277.09,2554.18,650100-MARKETING,Marketing,CC-05-02,ERP-AP
INV_0420192,INVL_0420426,,SVC-0087,1,1257.58,1257.58,620100-OPERATIONS,Operations,CC-02-01,ERP-AP
INV_0420192,INVL_0420427,,SVC-0222,10,16.71,167.10,620100-OPERATIONS,Operations,CC-02-01,ERP-AP
INV_0420192,INVL_0420428,,SVC-0203,12,126.11,1513.32,620100-OPERATIONS,Operations,CC-02-01,ERP-AP
INV_0420192,INVL_0420429,,SVC-0016,8,58.35,466.80,620100-OPERATIONS,Operations,CC-02-01,ERP-AP
INV_0420193,INVL_0420430,,SVC-0315,1,3151.29,3151.29,650100-MARKETING,Marketing,CC-05-08,ERP-AP
INV_0420193,INVL_0420431,,SVC-0316,10,9.12,91.20,650100-MARKETING,Marketing,CC-05-08,ERP-AP
INV_0420193,INVL_0420432,,SVC-0332,4,113.85,455.40,650100-MARKETING,Marketing,CC-05-08,ERP-AP
INV_0420193,INVL_0420433,,SVC-0256,5,37.03,185.15,650100-MARKETING,Marketing,CC-05-08,ERP-AP
INV_0420194,INVL_0420434,,SVC-0383,4,307.06,1228.24,640100-SALES,Sales,CC-04-09,ERP-AP
INV_0420194,INVL_0420435,,SVC-0152,7,156.62,1096.34,640100-SALES,Sales,CC-04-09,ERP-AP
INV_0420195,INVL_0420436,,SVC-0246,6,116.72,700.32,610100-ENGINEERING,Engineering,CC-01-07,ERP-AP
INV_0420195,INVL_0420437,,SVC-0249,9,227.74,2049.66,610100-ENGINEERING,Engineering,CC-01-07,ERP-AP
INV_0420195,INVL_0420438,,SVC-0290,6,222.91,1337.46,610100-ENGINEERING,Engineering,CC-01-07,ERP-AP
INV_0420196,INVL_0420439,,SVC-0272,8,465.70,3725.60,610100-ENGINEERING,Engineering,CC-01-05,ERP-AP
INV_0420197,INVL_0420440,,SVC-0029,12,94.76,1137.12,650100-MARKETING,Marketing,CC-05-09,ERP-AP
INV_0420197,INVL_0420441,,SVC-0295,4,408.52,1634.08,650100-MARKETING,Marketing,CC-05-09,ERP-AP
INV_0420197,INVL_0420442,,SVC-0182,7,69.48,486.36,650100-MARKETING,Marketing,CC-05-09,ERP-AP
INV_0420198,INVL_0420443,,SVC-0289,10,324.41,3244.10,610100-ENGINEERING,Engineering,CC-01-12,ERP-AP
INV_0420198,INVL_0420444,,SVC-0289,3,1034.64,3103.92,610100-ENGINEERING,Engineering,CC-01-12,ERP-AP
INV_0420198,INVL_0420445,,SVC-0253,4,587.87,2351.48,610100-ENGINEERING,Engineering,CC-01-12,ERP-AP
INV_0420199,INVL_0420446,,SVC-0225,2,1393.40,2786.80,680100-IT,IT,CC-08-05,ERP-AP
INV_0420199,INVL_0420447,,SVC-0398,2,1525.85,3051.70,680100-IT,IT,CC-08-05,ERP-AP
INV_0420200,INVL_0420448,,SVC-0039,7,188.16,1317.12,620100-OPERATIONS,Operations,CC-02-09,ERP-AP
INV_0420201,INVL_0420449,,SVC-0301,3,1046.77,3140.31,630100-FINANCE,Finance,CC-03-06,ERP-AP
INV_0420202,INVL_0420450,,SVC-0361,5,276.19,1380.95,620100-OPERATIONS,Operations,CC-02-03,ERP-AP
INV_0420202,INVL_0420451,,SVC-0309,12,425.01,5100.12,620100-OPERATIONS,Operations,CC-02-03,ERP-AP
INV_0420202,INVL_0420452,,SVC-0111,1,742.87,742.87,620100-OPERATIONS,Operations,CC-02-03,ERP-AP
INV_0420203,INVL_0420453,,SVC-0375,3,336.26,1008.78,660100-PEOPLE,People,CC-06-05,ERP-AP
INV_0420203,INVL_0420454,,SVC-0328,7,819.94,5739.58,660100-PEOPLE,People,CC-06-05,ERP-AP
INV_0420204,INVL_0420455,,SVC-0194,3,397.19,1191.57,640100-SALES,Sales,CC-04-11,ERP-AP
INV_0420204,INVL_0420456,,SVC-0376,5,191.25,956.25,640100-SALES,Sales,CC-04-11,ERP-AP
INV_0420205,INVL_0420457,,SVC-0114,10,112.97,1129.70,610100-ENGINEERING,Engineering,CC-01-03,ERP-AP
INV_0420205,INVL_0420458,,SVC-0290,11,77.72,854.92,610100-ENGINEERING,Engineering,CC-01-03,ERP-AP
INV_0420206,INVL_0420459,,SVC-0363,2,72.02,144.04,660100-PEOPLE,People,CC-06-03,ERP-AP
INV_0420206,INVL_0420460,,SVC-0328,11,18.69,205.59,660100-PEOPLE,People,CC-06-03,ERP-AP
INV_0420206,INVL_0420461,,SVC-0172,12,38.82,465.84,660100-PEOPLE,People,CC-06-03,ERP-AP
INV_0420207,INVL_0420462,,SVC-0225,7,638.61,4470.27,620100-OPERATIONS,Operations,CC-02-12,ERP-AP
INV_0420208,INVL_0420463,,SVC-0334,10,210.49,2104.90,670100-LEGAL,Legal,CC-07-02,ERP-AP
INV_0420208,INVL_0420464,,SVC-0116,11,84.56,930.16,670100-LEGAL,Legal,CC-07-02,ERP-AP
INV_0420208,INVL_0420465,,SVC-0232,3,1640.04,4920.12,670100-LEGAL,Legal,CC-07-02,ERP-AP
INV_0420209,INVL_0420466,,SVC-0128,2,493.13,986.26,630100-FINANCE,Finance,CC-03-04,ERP-AP
INV_0420209,INVL_0420467,,SVC-0308,9,178.74,1608.66,630100-FINANCE,Finance,CC-03-04,ERP-AP
INV_0420210,INVL_0420468,,SVC-0248,10,335.15,3351.50,620100-OPERATIONS,Operations,CC-02-06,ERP-AP
INV_0420210,INVL_0420469,,SVC-0016,12,113.66,1363.92,620100-OPERATIONS,Operations,CC-02-06,ERP-AP
INV_0420211,INVL_0420470,,SVC-0210,4,416.42,1665.68,620100-OPERATIONS,Operations,CC-02-06,ERP-AP
INV_0420212,INVL_0420471,,SVC-0293,7,988.87,6922.09,650100-MARKETING,Marketing,CC-05-04,ERP-AP
INV_0420213,INVL_0420472,,SVC-0228,12,366.81,4401.72,670100-LEGAL,Legal,CC-07-11,ERP-AP
INV_0420213,INVL_0420473,,SVC-0086,8,328.91,2631.28,670100-LEGAL,Legal,CC-07-11,ERP-AP
INV_0420214,INVL_0420474,,SVC-0327,3,1045.89,3137.67,640100-SALES,Sales,CC-04-02,ERP-AP
INV_0420215,INVL_0420475,,SVC-0047,5,61.10,305.50,680100-IT,IT,CC-08-08,ERP-AP
INV_0420215,INVL_0420476,,SVC-0279,11,110.41,1214.51,680100-IT,IT,CC-08-08,ERP-AP
INV_0420215,INVL_0420477,,SVC-0095,7,241.35,1689.45,680100-IT,IT,CC-08-08,ERP-AP
INV_0420215,INVL_0420478,,SVC-0196,6,88.12,528.72,680100-IT,IT,CC-08-08,ERP-AP
INV_0420216,INVL_0420479,,SVC-0342,12,403.02,4836.24,650100-MARKETING,Marketing,CC-05-10,ERP-AP
INV_0420217,INVL_0420480,,SVC-0275,7,53.36,373.52,610100-ENGINEERING,Engineering,CC-01-07,ERP-AP
INV_0420217,INVL_0420481,,SVC-0244,11,553.38,6087.18,610100-ENGINEERING,Engineering,CC-01-07,ERP-AP
INV_0420217,INVL_0420482,,SVC-0121,10,557.31,5573.10,610100-ENGINEERING,Engineering,CC-01-07,ERP-AP
INV_0420218,INVL_0420483,,SVC-0089,8,43.70,349.60,630100-FINANCE,Finance,CC-03-02,ERP-AP
INV_0420218,INVL_0420484,,SVC-0109,3,215.74,647.22,630100-FINANCE,Finance,CC-03-02,ERP-AP
INV_0420218,INVL_0420485,,SVC-0065,4,10.11,40.44,630100-FINANCE,Finance,CC-03-02,ERP-AP
INV_0420218,INVL_0420486,,SVC-0217,1,141.58,141.58,630100-FINANCE,Finance,CC-03-02,ERP-AP
INV_0420219,INVL_0420487,,SVC-0045,2,372.72,745.44,650100-MARKETING,Marketing,CC-05-06,ERP-AP
INV_0420219,INVL_0420488,,SVC-0285,7,48.90,342.30,650100-MARKETING,Marketing,CC-05-06,ERP-AP
INV_0420219,INVL_0420489,,SVC-0283,7,291.85,2042.95,650100-MARKETING,Marketing,CC-05-06,ERP-AP
INV_0420219,INVL_0420490,,SVC-0142,6,1228.18,7369.08,650100-MARKETING,Marketing,CC-05-06,ERP-AP
INV_0420220,INVL_0420491,,SVC-0302,10,98.66,986.60,620100-OPERATIONS,Operations,CC-02-07,ERP-AP
INV_0420221,INVL_0420492,,SVC-0248,10,335.15,3351.50,620100-OPERATIONS,Operations,CC-02-06,ERP-AP
INV_0420221,INVL_0420493,,SVC-0016,12,113.66,1363.92,620100-OPERATIONS,Operations,CC-02-06,ERP-AP
INV_0420222,INVL_0420494,,SVC-0312,10,57.71,577.10,650100-MARKETING,Marketing,CC-05-07,ERP-AP
INV_0420222,INVL_0420495,,SVC-0020,8,210.91,1687.28,650100-MARKETING,Marketing,CC-05-07,ERP-AP
INV_0420222,INVL_0420496,,SVC-0142,3,2225.95,6677.85,650100-MARKETING,Marketing,CC-05-07,ERP-AP
INV_0420223,INVL_0420497,,SVC-0244,12,36.82,441.84,660100-PEOPLE,People,CC-06-12,ERP-AP
INV_0420224,INVL_0420498,,SVC-0051,11,155.49,1710.39,650100-MARKETING,Marketing,CC-05-08,ERP-AP
INV_0420224,INVL_0420499,,SVC-0069,4,2059.96,8239.84,650100-MARKETING,Marketing,CC-05-08,ERP-AP
INV_0420224,INVL_0420500,,SVC-0381,5,51.12,255.60,650100-MARKETING,Marketing,CC-05-08,ERP-AP
INV_0420225,INVL_0420501,,SVC-0380,7,103.16,722.12,640100-SALES,Sales,CC-04-08,ERP-AP
INV_0420226,INVL_0420502,,SVC-0070,7,99.76,698.32,620100-OPERATIONS,Operations,CC-02-05,ERP-AP
INV_0420226,INVL_0420503,,SVC-0292,9,70.42,633.78,620100-OPERATIONS,Operations,CC-02-05,ERP-AP
INV_0420226,INVL_0420504,,SVC-0089,1,2404.01,2404.01,620100-OPERATIONS,Operations,CC-02-05,ERP-AP
INV_0420227,INVL_0420505,,SVC-0106,4,1320.13,5280.52,630100-FINANCE,Finance,CC-03-10,ERP-AP
INV_0420228,INVL_0420506,,SVC-0349,2,1655.37,3310.74,680100-IT,IT,CC-08-09,ERP-AP
INV_0420228,INVL_0420507,,SVC-0124,1,440.67,440.67,680100-IT,IT,CC-08-09,ERP-AP
INV_0420229,INVL_0420508,,SVC-0384,5,167.43,837.15,660100-PEOPLE,People,CC-06-03,ERP-AP
INV_0420229,INVL_0420509,,SVC-0047,12,23.39,280.68,660100-PEOPLE,People,CC-06-03,ERP-AP
INV_0420229,INVL_0420510,,SVC-0015,5,357.67,1788.35,660100-PEOPLE,People,CC-06-03,ERP-AP
INV_0420230,INVL_0420511,,SVC-0210,11,126.19,1388.09,640100-SALES,Sales,CC-04-11,ERP-AP
INV_0420231,INVL_0420512,,SVC-0365,5,253.96,1269.80,610100-ENGINEERING,Engineering,CC-01-04,ERP-AP
INV_0420231,INVL_0420513,,SVC-0330,12,343.59,4123.08,610100-ENGINEERING,Engineering,CC-01-04,ERP-AP
INV_0420232,INVL_0420514,,SVC-0204,10,428.91,4289.10,650100-MARKETING,Marketing,CC-05-11,ERP-AP
INV_0420232,INVL_0420515,,SVC-0053,10,313.07,3130.70,650100-MARKETING,Marketing,CC-05-11,ERP-AP
INV_0420233,INVL_0420516,,SVC-0173,2,370.67,741.34,650100-MARKETING,Marketing,CC-05-11,ERP-AP
INV_0420234,INVL_0420517,,SVC-0030,4,556.61,2226.44,640100-SALES,Sales,CC-04-03,ERP-AP
INV_0420234,INVL_0420518,,SVC-0207,10,46.21,462.10,640100-SALES,Sales,CC-04-03,ERP-AP
INV_0420235,INVL_0420519,,SVC-0019,12,210.88,2530.56,650100-MARKETING,Marketing,CC-05-07,ERP-AP
INV_0420235,INVL_0420520,,SVC-0363,10,48.16,481.60,650100-MARKETING,Marketing,CC-05-07,ERP-AP
INV_0420236,INVL_0420521,,SVC-0337,3,390.64,1171.92,660100-PEOPLE,People,CC-06-09,ERP-AP
INV_0420236,INVL_0420522,,SVC-0093,9,37.20,334.80,660100-PEOPLE,People,CC-06-09,ERP-AP
INV_0420237,INVL_0420523,,SVC-0115,6,69.33,415.98,660100-PEOPLE,People,CC-06-11,ERP-AP
INV_0420238,INVL_0420524,,SVC-0028,8,340.30,2722.40,650100-MARKETING,Marketing,CC-05-08,ERP-AP
INV_0420238,INVL_0420525,,SVC-0299,11,154.34,1697.74,650100-MARKETING,Marketing,CC-05-08,ERP-AP
INV_0420238,INVL_0420526,,SVC-0318,10,72.16,721.60,650100-MARKETING,Marketing,CC-05-08,ERP-AP
INV_0420239,INVL_0420527,,SVC-0334,10,210.49,2104.90,670100-LEGAL,Legal,CC-07-02,ERP-AP
INV_0420239,INVL_0420528,,SVC-0116,11,84.56,930.16,670100-LEGAL,Legal,CC-07-02,ERP-AP
INV_0420239,INVL_0420529,,SVC-0232,3,1640.04,4920.12,670100-LEGAL,Legal,CC-07-02,ERP-AP
INV_0420240,INVL_0420530,,SVC-0260,7,507.48,3552.36,610100-ENGINEERING,Engineering,CC-01-01,ERP-AP
INV_0420240,INVL_0420531,,SVC-0322,5,346.25,1731.25,610100-ENGINEERING,Engineering,CC-01-01,ERP-AP
INV_0420240,INVL_0420532,,SVC-0257,12,75.11,901.32,610100-ENGINEERING,Engineering,CC-01-01,ERP-AP
INV_0420240,INVL_0420533,,SVC-0217,7,269.92,1889.44,610100-ENGINEERING,Engineering,CC-01-01,ERP-AP
INV_0420241,INVL_0420534,,SVC-0106,4,1320.13,5280.52,630100-FINANCE,Finance,CC-03-10,ERP-AP
INV_0420242,INVL_0420535,POL_0420202,ITEM-0170,20,13.46,269.20,630100-FINANCE,Finance,CC-03-03,ERP-AP
INV_0420242,INVL_0420536,POL_0420203,ITEM-0449,24,7.77,186.48,630100-FINANCE,Finance,CC-03-03,ERP-AP
INV_0420242,INVL_0420537,POL_0420204,ITEM-0421,2,1047.84,2095.68,630100-FINANCE,Finance,CC-03-03,ERP-AP
INV_0420243,INVL_0420538,,ITEM-0292,4,-644.58,-2578.32,620100-OPERATIONS,Operations,CC-02-12,ERP-AP
INV_0420243,INVL_0420539,,ITEM-0165,3,-166.20,-498.60,620100-OPERATIONS,Operations,CC-02-12,ERP-AP
