invoice_id,vendor_id,po_id,invoice_number,invoice_date,received_date,due_date,currency,subtotal,tax,shipping,invoice_total,payment_terms,status,duplicate_reference,created_at,source_system
INV_0420001,VND_042026,PO_0420055,SYN-2026-000001,2025-06-02,2025-06-07,2025-07-17,USD,4382.69,0.00,0.00,4382.69,NET45,paid,,2025-06-07T08:52:00,ERP-AP
INV_0420002,VND_042039,PO_0420143,SYN-2039-000002,2026-05-07,2026-05-07,2026-06-21,USD,12424.32,621.22,0.00,13045.54,NET45,paid,,2026-05-07T08:19:00,ERP-AP
INV_0420003,VND_042034,PO_0420088,SYN-2034-000003,2025-11-11,2025-11-15,2025-12-11,USD,1319.25,131.93,0.00,1451.18,NET30,paid,,2025-11-15T08:15:00,ERP-AP
INV_0420004,VND_042040,PO_0420029,SYN-2040-000004,2026-01-13,2026-01-16,2026-03-14,USD,1908.36,143.13,15.27,2066.76,NET60,paid,,2026-01-16T08:43:00,ERP-AP
INV_0420005,VND_042019,PO_0420060,SYN-2019-000005,2025-06-13,2025-06-17,2025-07-13,USD,14290.95,1071.82,0.00,15362.77,NET30,paid,,2025-06-17T08:21:00,ERP-AP
INV_0420006,VND_042021,PO_0420043,SYN-2021-000006,2025-05-29,2025-06-03,2025-06-28,USD,25317.90,0.00,0.00,25317.90,NET30,paid,,2025-06-03T08:08:00,ERP-AP
INV_0420007,VND_042034,PO_0420050,SYN-2034-000007,2025-09-23,2025-09-28,2025-10-23,USD,6211.90,621.19,0.00,6833.09,NET30,paid,,2025-09-28T08:46:00,ERP-AP
INV_0420008,VND_042025,PO_0420035,SYN-2025-000008,2025-02-13,2025-02-17,2025-03-15,USD,21502.32,0.00,14.86,21517.18,NET30,paid,,2025-02-17T08:47:00,ERP-AP
INV_0420009,VND_042023,PO_0420033,SYN-2023-000009,2025-03-29,2025-03-29,2025-04-28,USD,2994.06,224.55,0.00,3218.61,NET30,approved,,2025-03-29T08:06:00,ERP-AP
INV_0420010,VND_042010,PO_0420084,SYN-2010-000010,2025-10-02,2025-10-03,2025-11-01,USD,16991.64,849.58,7.05,17848.27,NET30,paid,,2025-10-03T08:53:00,ERP-AP
INV_0420011,VND_042008,PO_0420114,SYN-2008-000011,2025-04-01,2025-04-03,2025-05-01,USD,5353.95,401.55,29.98,5785.48,NET30,paid,,2025-04-03T08:38:00,ERP-AP
INV_0420012,VND_042011,PO_0420104,SYN-2011-000012,2026-03-04,2026-03-08,2026-04-03,USD,958.96,0.00,0.00,958.96,NET30,paid,,2026-03-08T08:38:00,ERP-AP
INV_0420013,VND_042023,PO_0420047,SYN-2023-000013,2025-10-15,2025-10-17,2025-11-14,USD,1249.67,93.73,42.23,1385.63,NET30,approved,,2025-10-17T08:01:00,ERP-AP
INV_0420014,VND_042010,PO_0420054,SYN-2010-000014,2025-05-31,2025-06-02,2025-06-30,USD,6060.02,454.50,15.88,6530.40,NET30,paid,,2025-06-02T08:50:00,ERP-AP
INV_0420015,VND_042030,PO_0420044,SYN-2030-000015,2025-01-22,2025-01-25,2025-01-22,USD,45726.47,4572.65,0.00,50299.12,DUE_ON_RECEIPT,paid,,2025-01-25T08:14:00,ERP-AP
INV_0420016,VND_042029,PO_0420027,SYN-2029-000016,2025-01-17,2025-01-21,2025-02-16,USD,2117.43,158.81,0.00,2276.24,NET30,paid,,2025-01-21T08:24:00,ERP-AP
INV_0420017,VND_042031,PO_0420117,SYN-2031-000017,2026-05-26,2026-05-27,2026-07-10,USD,1236.81,92.76,0.00,1329.57,NET45,paid,,2026-05-27T08:43:00,ERP-AP
INV_0420018,VND_042009,PO_0420129,SYN-2009-000018,2026-05-10,2026-05-15,2026-06-09,EUR,5845.74,438.43,0.00,6284.17,NET30,paid,,2026-05-15T08:24:00,ERP-AP
INV_0420019,VND_042031,PO_0420101,SYN-2031-000019,2025-03-06,2025-03-10,2025-04-20,USD,175.56,13.17,14.89,203.62,NET45,paid,,2025-03-10T08:18:00,ERP-AP
INV_0420020,VND_042023,PO_0420116,SYN-2023-000020,2025-04-02,2025-04-03,2025-05-02,USD,3587.92,358.79,0.00,3946.71,NET30,paid,,2025-04-03T08:45:00,ERP-AP
INV_0420021,VND_042034,PO_0420075,SYN-2034-000021,2026-01-28,2026-01-28,2026-02-27,USD,1064.92,79.87,0.00,1144.79,NET30,paid,,2026-01-28T08:17:00,ERP-AP
INV_0420022,VND_042010,PO_0420142,SYN-2010-000022,2025-10-22,2025-10-25,2025-11-21,USD,1684.40,126.33,0.00,1810.73,NET30,paid,,2025-10-25T08:45:00,ERP-AP
INV_0420023,VND_042031,PO_0420058,SYN-2031-000023,2025-07-31,2025-08-05,2025-09-14,USD,12209.07,0.00,0.00,12209.07,NET45,paid,,2025-08-05T08:09:00,ERP-AP
INV_0420024,VND_042019,PO_0420019,SYN-2019-000024,2025-07-10,2025-07-13,2025-08-09,USD,4042.83,404.28,0.00,4447.11,NET30,paid,,2025-07-13T08:20:00,ERP-AP
INV_0420025,VND_042034,PO_0420032,SYN-2034-000025,2025-09-14,2025-09-14,2025-10-14,USD,5723.01,0.00,11.19,5734.20,NET30,paid,,2025-09-14T08:05:00,ERP-AP
INV_0420026,VND_042034,PO_0420039,SYN-2034-000026,2025-05-09,2025-05-11,2025-06-08,USD,430.56,32.29,10.79,473.64,NET30,paid,,2025-05-11T08:28:00,ERP-AP
INV_0420027,VND_042025,PO_0420021,SYN-2025-000027,2025-09-11,2025-09-13,2025-10-11,USD,2424.52,181.84,0.00,2606.36,NET30,approved,,2025-09-13T08:06:00,ERP-AP
INV_0420028,VND_042005,PO_0420073,SYN-2005-000028,2026-01-18,2026-01-18,2026-02-17,CAD,9331.28,933.13,0.00,10264.41,NET30,paid,,2026-01-18T08:11:00,ERP-AP
INV_0420029,VND_042020,PO_0420090,SYN-2020-000029,2025-11-16,2025-11-19,2026-01-15,EUR,837.27,0.00,26.25,863.52,NET60,paid,,2025-11-19T08:35:00,ERP-AP
INV_0420030,VND_042030,PO_0420115,SYN-2030-000030,2025-10-05,2025-10-09,2025-10-05,USD,864.08,43.20,0.00,907.28,DUE_ON_RECEIPT,paid,,2025-10-09T08:26:00,ERP-AP
INV_0420031,VND_042016,PO_0420041,SYN-2016-000031,2025-06-21,2025-06-21,2025-07-21,USD,4384.10,438.41,0.00,4822.51,NET30,paid,,2025-06-21T08:05:00,ERP-AP
INV_0420032,VND_042023,PO_0420011,SYN-2023-000032,2025-08-04,2025-08-08,2025-09-03,USD,1025.01,102.50,0.00,1127.51,NET30,paid,,2025-08-08T08:05:00,ERP-AP
INV_0420033,VND_042017,PO_0420138,SYN-2017-000033,2026-01-03,2026-01-07,2026-02-02,USD,7486.31,561.47,20.10,8067.88,NET30,approved,,2026-01-07T08:50:00,ERP-AP
INV_0420034,VND_042036,PO_0420004,SYN-2036-000034,2025-04-12,2025-04-15,2025-04-12,USD,6018.23,451.37,0.00,6469.60,DUE_ON_RECEIPT,paid,,2025-04-15T08:00:00,ERP-AP
INV_0420035,VND_042018,PO_0420031,SYN-2018-000035,2026-01-07,2026-01-10,2026-02-06,USD,5159.10,257.96,0.00,5417.06,NET30,approved,,2026-01-10T08:24:00,ERP-AP
INV_0420036,VND_042020,PO_0420072,SYN-2020-000036,2025-08-25,2025-08-25,2025-10-24,EUR,7238.92,542.92,0.00,7781.84,NET60,approved,,2025-08-25T08:46:00,ERP-AP
INV_0420037,VND_042040,PO_0420141,SYN-2040-000037,2026-04-09,2026-04-13,2026-06-08,USD,7873.35,0.00,0.00,7873.35,NET60,paid,,2026-04-13T08:57:00,ERP-AP
INV_0420038,VND_042022,PO_0420025,SYN-2022-000038,2026-03-20,2026-03-24,2026-05-04,EUR,680.16,68.02,5.66,753.84,NET45,paid,,2026-03-24T08:33:00,ERP-AP
INV_0420039,VND_042037,PO_0420049,SYN-2037-000039,2026-05-15,2026-05-20,2026-06-14,USD,695.20,69.52,17.24,781.96,NET30,paid,,2026-05-20T08:24:00,ERP-AP
INV_0420040,VND_042015,PO_0420042,SYN-2015-000040,2026-05-17,2026-05-18,2026-06-16,USD,973.75,0.00,0.00,973.75,NET30,paid,,2026-05-18T08:17:00,ERP-AP
INV_0420041,VND_042009,PO_0420077,SYN-2009-000041,2026-01-27,2026-01-29,2026-02-26,EUR,2754.61,0.00,5.58,2760.19,NET30,paid,,2026-01-29T08:31:00,ERP-AP
INV_0420042,VND_042013,PO_0420139,SYN-2013-000042,2025-12-04,2025-12-04,2025-12-19,EUR,8384.46,838.45,27.51,9250.42,NET15,paid,,2025-12-04T08:10:00,ERP-AP
INV_0420043,VND_042010,PO_0420157,SYN-2010-000043,2026-03-24,2026-03-26,2026-04-23,USD,4262.82,426.28,0.00,4689.10,NET30,paid,,2026-03-26T08:26:00,ERP-AP
INV_0420044,VND_042008,PO_0420015,SYN-2008-000044,2025-12-31,2026-01-03,2026-01-30,USD,1600.06,120.00,35.76,1755.82,NET30,paid,,2026-01-03T08:50:00,ERP-AP
INV_0420045,VND_042036,PO_0420045,SYN-2036-000045,2025-12-30,2026-01-01,2025-12-30,USD,920.88,69.07,0.00,989.95,DUE_ON_RECEIPT,approved,,2026-01-01T08:16:00,ERP-AP
INV_0420046,VND_042028,PO_0420061,SYN-2028-000046,2025-12-14,2025-12-15,2026-02-12,USD,8764.37,876.44,67.43,9708.24,NET60,approved,,2025-12-15T08:46:00,ERP-AP
INV_0420047,VND_042039,PO_0420108,SYN-2039-000047,2025-10-02,2025-10-05,2025-11-16,USD,13074.05,0.00,0.00,13074.05,NET45,paid,,2025-10-05T08:38:00,ERP-AP
INV_0420048,VND_042020,PO_0420149,SYN-2020-000048,2025-05-11,2025-05-12,2025-07-10,EUR,3640.00,273.00,11.19,3924.19,NET60,paid,,2025-05-12T08:29:00,ERP-AP
INV_0420049,VND_042031,PO_0420052,SYN-2031-000049,2025-03-30,2025-03-31,2025-05-14,USD,10853.77,814.03,9.33,11677.13,NET45,paid,,2025-03-31T08:19:00,ERP-AP
INV_0420050,VND_042014,PO_0420109,SYN-2014-000050,2025-06-17,2025-06-20,2025-08-16,USD,10892.68,816.95,14.20,11723.83,NET60,paid,,2025-06-20T08:21:00,ERP-AP
INV_0420051,VND_042030,PO_0420006,SYN-2030-000051,2025-09-04,2025-09-08,2025-09-04,USD,3522.20,264.17,0.00,3786.37,DUE_ON_RECEIPT,paid,,2025-09-08T08:24:00,ERP-AP
INV_0420052,VND_042002,PO_0420150,SYN-2002-000052,2026-02-23,2026-02-25,2026-03-25,USD,1267.77,95.08,0.00,1362.85,NET30,approved,,2026-02-25T08:28:00,ERP-AP
INV_0420053,VND_042023,PO_0420135,SYN-2023-000053,2025-03-14,2025-03-17,2025-04-13,USD,1241.03,124.10,0.00,1365.13,NET30,paid,,2025-03-17T08:52:00,ERP-AP
INV_0420054,VND_042023,PO_0420097,SYN-2023-000054,2026-04-05,2026-04-10,2026-05-05,USD,3076.92,153.85,0.00,3230.77,NET30,approved,,2026-04-10T08:38:00,ERP-AP
INV_0420055,VND_042023,PO_0420130,SYN-2023-000055,2026-02-26,2026-02-28,2026-03-28,USD,9681.43,968.14,0.00,10649.57,NET30,paid,,2026-02-28T08:20:00,ERP-AP
INV_0420056,VND_042037,PO_0420158,SYN-2037-000056,2025-05-24,2025-05-29,2025-06-23,USD,2587.04,0.00,0.00,2587.04,NET30,approved,,2025-05-29T08:12:00,ERP-AP
INV_0420057,VND_042023,PO_0420017,SYN-2023-000057,2025-05-08,2025-05-10,2025-06-07,USD,3700.73,277.55,0.00,3978.28,NET30,paid,,2025-05-10T08:11:00,ERP-AP
INV_0420058,VND_042031,PO_0420096,SYN-2031-000058,2025-10-28,2025-10-31,2025-12-12,USD,5447.14,544.71,37.80,6029.65,NET45,paid,,2025-10-31T08:20:00,ERP-AP
INV_0420059,VND_042013,PO_0420136,SYN-2013-000059,2026-04-28,2026-05-03,2026-05-13,EUR,5312.94,531.29,22.45,5866.68,NET15,paid,,2026-05-03T08:44:00,ERP-AP
INV_0420060,VND_042019,PO_0420064,SYN-2019-000060,2026-05-22,2026-05-25,2026-06-21,USD,3477.48,347.75,0.00,3825.23,NET30,paid,,2026-05-25T08:36:00,ERP-AP
INV_0420061,VND_042004,PO_0420016,SYN-2004-000061,2026-05-04,2026-05-05,2026-06-03,USD,2768.49,276.85,8.63,3053.97,NET30,paid,,2026-05-05T08:20:00,ERP-AP
INV_0420062,VND_042039,PO_0420103,SYN-2039-000062,2025-10-18,2025-10-20,2025-12-02,USD,2510.78,251.08,71.68,2833.54,NET45,paid,,2025-10-20T08:52:00,ERP-AP
INV_0420063,VND_042019,PO_0420034,SYN-2019-000063,2026-04-11,2026-04-14,2026-05-11,USD,5979.92,0.00,0.00,5979.92,NET30,paid,,2026-04-14T08:23:00,ERP-AP
INV_0420064,VND_042023,PO_0420013,SYN-2023-000064,2026-02-25,2026-03-01,2026-03-27,USD,8921.82,669.14,0.00,9590.96,NET30,approved,,2026-03-01T08:12:00,ERP-AP
INV_0420065,VND_042023,PO_0420014,SYN-2023-000065,2025-09-01,2025-09-05,2025-10-01,USD,5980.60,299.03,13.62,6293.25,NET30,paid,,2025-09-05T08:11:00,ERP-AP
INV_0420066,VND_042023,PO_0420023,SYN-2023-000066,2026-02-26,2026-03-02,2026-03-28,USD,3242.34,243.18,26.44,3511.96,NET30,paid,,2026-03-02T08:01:00,ERP-AP
INV_0420067,VND_042014,PO_0420056,SYN-2014-000067,2026-06-10,2026-06-15,2026-08-09,USD,3325.12,332.51,0.00,3657.63,NET60,approved,,2026-06-15T08:29:00,ERP-AP
INV_0420068,VND_042027,PO_0420089,SYN-2027-000068,2026-01-28,2026-02-02,2026-02-12,USD,4876.95,0.00,0.00,4876.95,NET15,paid,,2026-02-02T08:13:00,ERP-AP
INV_0420069,VND_042018,PO_0420074,SYN-2018-000069,2025-02-10,2025-02-12,2025-03-12,USD,5118.41,383.88,20.73,5523.02,NET30,paid,,2025-02-12T08:53:00,ERP-AP
INV_0420070,VND_042032,PO_0420037,SYN-2032-000070,2025-03-22,2025-03-22,2025-04-06,USD,7054.62,0.00,35.11,7089.73,NET15,paid,,2025-03-22T08:52:00,ERP-AP
INV_0420071,VND_042023,PO_0420078,SYN-2023-000071,2025-04-18,2025-04-21,2025-05-18,USD,8764.73,657.35,0.00,9422.08,NET30,paid,,2025-04-21T08:43:00,ERP-AP
INV_0420072,VND_042023,PO_0420036,SYN-2023-000072,2025-05-14,2025-05-15,2025-06-13,USD,3097.05,309.71,0.00,3406.76,NET30,approved,,2025-05-15T08:40:00,ERP-AP
INV_0420073,VND_042003,PO_0420105,SYN-2003-000073,2025-04-09,2025-04-10,2025-05-24,USD,2061.30,206.13,7.75,2275.18,NET45,paid,,2025-04-10T08:16:00,ERP-AP
INV_0420074,VND_042023,PO_0420134,SYN-2023-000074,2025-11-03,2025-11-04,2025-12-03,USD,591.07,44.33,0.00,635.40,NET30,paid,,2025-11-04T08:45:00,ERP-AP
INV_0420075,VND_042031,PO_0420112,SYN-2031-000075,2025-07-20,2025-07-23,2025-09-03,USD,5058.52,0.00,77.24,5135.76,NET45,paid,,2025-07-23T08:04:00,ERP-AP
INV_0420076,VND_042025,PO_0420100,SYN-2025-000076,2025-05-26,2025-05-30,2025-06-25,USD,15002.50,1500.25,0.00,16502.75,NET30,canceled,,2025-05-30T08:30:00,ERP-AP
INV_0420077,VND_042040,PO_0420071,SYN-2040-000077,2025-10-04,2025-10-07,2025-12-03,USD,6095.42,429.69,18.45,6543.56,NET60,approved,,2025-10-07T08:34:00,ERP-AP
INV_0420078,VND_042023,PO_0420069,SYN-2023-000078,2026-05-25,2026-05-30,2026-06-24,USD,1446.08,108.46,8.92,1563.46,NET30,approved,,2026-05-30T08:26:00,ERP-AP
INV_0420079,VND_042010,PO_0420099,SYN-2010-000079,2026-03-23,2026-03-23,2026-04-22,USD,1200.25,90.02,20.34,1310.61,NET30,paid,,2026-03-23T08:50:00,ERP-AP
INV_0420080,VND_042010,PO_0420003,SYN-2010-000080,2025-07-18,2025-07-20,2025-08-17,USD,3105.03,232.88,0.00,3337.91,NET30,paid,,2025-07-20T08:44:00,ERP-AP
INV_0420081,VND_042040,PO_0420110,SYN-2040-000081,2026-03-10,2026-03-14,2026-05-09,USD,4669.89,466.99,0.00,5136.88,NET60,paid,,2026-03-14T08:38:00,ERP-AP
INV_0420082,VND_042008,PO_0420062,SYN-2008-000082,2025-09-30,2025-09-30,2025-10-30,USD,29325.68,0.00,0.00,29325.68,NET30,approved,,2025-09-30T08:06:00,ERP-AP
INV_0420083,VND_042029,PO_0420156,SYN-2029-000083,2026-06-06,2026-06-07,2026-07-06,USD,5382.82,403.71,0.00,5786.53,NET30,paid,,2026-06-07T08:42:00,ERP-AP
INV_0420084,VND_042005,PO_0420148,SYN-2005-000084,2025-09-11,2025-09-13,2025-10-11,CAD,21540.26,1615.52,0.00,23155.78,NET30,approved,,2025-09-13T08:10:00,ERP-AP
INV_0420085,VND_042020,PO_0420080,SYN-2020-000085,2025-05-05,2025-05-09,2025-07-04,EUR,1459.39,109.45,15.80,1584.64,NET60,paid,,2025-05-09T08:02:00,ERP-AP
INV_0420086,VND_042023,PO_0420126,SYN-2023-000086,2025-03-28,2025-04-02,2025-04-27,USD,7040.69,528.05,0.00,7568.74,NET30,paid,,2025-04-02T08:43:00,ERP-AP
INV_0420087,VND_042011,PO_0420048,SYN-2011-000087,2026-04-04,2026-04-07,2026-05-04,USD,4725.89,354.44,0.00,5080.33,NET30,paid,,2026-04-07T08:48:00,ERP-AP
INV_0420088,VND_042034,PO_0420119,SYN-2034-000088,2025-12-02,2025-12-05,2026-01-01,USD,8195.10,614.63,0.00,8809.73,NET30,paid,,2025-12-05T08:06:00,ERP-AP
INV_0420089,VND_042020,PO_0420065,SYN-2020-000089,2026-05-01,2026-05-01,2026-06-30,EUR,4630.37,463.04,30.12,5123.53,NET60,approved,,2026-05-01T08:16:00,ERP-AP
INV_0420090,VND_042030,PO_0420028,SYN-2030-000090,2025-02-24,2025-02-28,2025-02-24,USD,12673.37,897.09,0.00,13570.46,DUE_ON_RECEIPT,approved,,2025-02-28T08:47:00,ERP-AP
INV_0420091,VND_042032,PO_0420002,SYN-2032-000091,2025-04-08,2025-04-12,2025-04-23,USD,3069.78,306.98,0.00,3376.76,NET15,paid,,2025-04-12T08:37:00,ERP-AP
INV_0420092,VND_042040,PO_0420020,SYN-2040-000092,2025-12-21,2025-12-25,2026-02-19,USD,1084.02,108.40,0.00,1192.42,NET60,paid,,2025-12-25T08:14:00,ERP-AP
INV_0420093,VND_042011,PO_0420091,SYN-2011-000093,2025-02-25,2025-02-27,2025-03-27,USD,3665.95,0.00,0.00,3665.95,NET30,paid,,2025-02-27T08:25:00,ERP-AP
INV_0420094,VND_042010,PO_0420009,SYN-2010-000094,2025-04-11,2025-04-16,2025-05-11,USD,10513.64,0.00,0.00,10513.64,NET30,paid,,2025-04-16T08:37:00,ERP-AP
INV_0420095,VND_042010,PO_0420030,SYN-2010-000095,2025-09-27,2025-10-01,2025-10-27,USD,1389.97,139.00,0.00,1528.97,NET30,paid,,2025-10-01T08:09:00,ERP-AP
INV_0420096,VND_042031,PO_0420145,SYN-2031-000096,2026-04-26,2026-04-26,2026-06-10,USD,2811.88,210.89,0.00,3022.77,NET45,paid,,2026-04-26T08:30:00,ERP-AP
INV_0420097,VND_042034,PO_0420113,SYN-2034-000097,2026-02-04,2026-02-06,2026-03-06,USD,3753.40,281.51,0.00,4034.91,NET30,paid,,2026-02-06T08:26:00,ERP-AP
INV_0420098,VND_042005,PO_0420147,SYN-2005-000098,2025-10-31,2025-10-31,2025-11-30,CAD,2417.91,181.34,0.00,2599.25,NET30,paid,,2025-10-31T08:07:00,ERP-AP
INV_0420099,VND_042039,PO_0420001,SYN-2039-000099,2026-04-14,2026-04-19,2026-05-29,USD,3928.26,0.00,0.00,3928.26,NET45,paid,,2026-04-19T08:09:00,ERP-AP
INV_0420100,VND_042019,PO_0420127,SYN-2019-000100,2025-06-04,2025-06-06,2025-07-04,USD,3668.56,275.14,0.00,3943.70,NET30,approved,,2025-06-06T08:21:00,ERP-AP
INV_0420101,VND_042023,PO_0420007,SYN-2023-000101,2025-08-09,2025-08-10,2025-09-08,USD,5743.49,430.76,0.00,6174.25,NET30,approved,,2025-08-10T08:33:00,ERP-AP
INV_0420102,VND_042016,PO_0420086,SYN-2016-000102,2025-09-13,2025-09-15,2025-10-13,USD,2932.13,219.91,33.52,3185.56,NET30,paid,,2025-09-15T08:30:00,ERP-AP
INV_0420103,VND_042015,PO_0420010,SYN-2015-000103,2025-01-16,2025-01-19,2025-02-15,USD,1047.52,104.75,39.06,1191.33,NET30,approved,,2025-01-19T08:46:00,ERP-AP
INV_0420104,VND_042031,PO_0420140,SYN-2031-000104,2026-05-30,2026-06-02,2026-07-14,USD,1520.94,0.00,0.00,1520.94,NET45,paid,,2026-06-02T08:20:00,ERP-AP
INV_0420105,VND_042031,PO_0420068,SYN-2031-000105,2025-02-04,2025-02-06,2025-03-21,USD,1706.07,127.96,9.17,1843.20,NET45,paid,,2025-02-06T08:02:00,ERP-AP
INV_0420106,VND_042020,PO_0420008,SYN-2020-000106,2025-06-21,2025-06-26,2025-08-20,EUR,2929.23,219.69,0.00,3148.92,NET60,paid,,2025-06-26T08:07:00,ERP-AP
INV_0420107,VND_042023,PO_0420122,SYN-2023-000107,2025-11-07,2025-11-09,2025-12-07,USD,1427.61,107.07,0.00,1534.68,NET30,approved,,2025-11-09T08:41:00,ERP-AP
INV_0420108,VND_042006,PO_0420111,SYN-2006-000108,2025-07-10,2025-07-15,2025-07-10,USD,4020.22,301.52,0.00,4321.74,DUE_ON_RECEIPT,paid,,2025-07-15T08:51:00,ERP-AP
INV_0420109,VND_042034,PO_0420024,SYN-2034-000109,2025-08-15,2025-08-20,2025-09-14,USD,6697.68,669.77,16.89,7384.34,NET30,approved,,2025-08-20T08:15:00,ERP-AP
INV_0420110,VND_042019,PO_0420151,SYN-2019-000110,2026-04-02,2026-04-03,2026-05-02,USD,972.20,0.00,0.00,972.20,NET30,paid,,2026-04-03T08:35:00,ERP-AP
INV_0420111,VND_042034,PO_0420070,SYN-2034-000111,2025-03-22,2025-03-24,2025-04-21,USD,1056.15,79.21,0.00,1135.36,NET30,paid,,2025-03-24T08:35:00,ERP-AP
INV_0420112,VND_042031,PO_0420123,SYN-2031-000112,2025-05-17,2025-05-20,2025-07-01,USD,8710.77,0.00,21.69,8732.46,NET45,approved,,2025-05-20T08:14:00,ERP-AP
INV_0420113,VND_042035,PO_0420018,SYN-2035-000113,2025-11-25,2025-11-28,2026-01-24,GBP,6487.77,0.00,0.00,6487.77,NET60,paid,,2025-11-28T08:40:00,ERP-AP
INV_0420114,VND_042023,PO_0420118,SYN-2023-000114,2025-09-20,2025-09-21,2025-10-20,USD,3031.38,303.14,22.96,3357.48,NET30,paid,,2025-09-21T08:40:00,ERP-AP
INV_0420115,VND_042031,PO_0420046,SYN-2031-000115,2025-06-12,2025-06-15,2025-07-27,USD,1438.21,107.87,0.00,1546.08,NET45,paid,,2025-06-15T08:25:00,ERP-AP
INV_0420116,VND_042023,PO_0420102,SYN-2023-000116,2025-03-15,2025-03-20,2025-04-14,USD,3338.55,250.39,13.37,3602.31,NET30,paid,,2025-03-20T08:39:00,ERP-AP
INV_0420117,VND_042019,PO_0420094,SYN-2019-000117,2026-03-30,2026-03-31,2026-04-29,USD,2551.36,191.35,0.00,2742.71,NET30,approved,,2026-03-31T08:28:00,ERP-AP
INV_0420118,VND_042037,PO_0420022,SYN-2037-000118,2025-02-01,2025-02-04,2025-03-03,USD,2586.42,129.32,0.00,2715.74,NET30,paid,,2025-02-04T08:24:00,ERP-AP
INV_0420119,VND_042029,PO_0420133,SYN-2029-000119,2025-06-16,2025-06-21,2025-07-16,USD,7204.08,540.31,0.00,7744.39,NET30,paid,,2025-06-21T08:13:00,ERP-AP
INV_0420120,VND_042002,PO_0420125,SYN-2002-000120,2025-08-29,2025-08-31,2025-09-28,USD,5412.18,541.22,0.00,5953.40,NET30,paid,,2025-08-31T08:48:00,ERP-AP
INV_0420121,VND_042023,PO_0420146,SYN-2023-000121,2026-03-09,2026-03-09,2026-04-08,USD,14560.56,1092.04,0.00,15652.60,NET30,paid,,2026-03-09T08:36:00,ERP-AP
INV_0420122,VND_042035,PO_0420083,SYN-2035-000122,2026-03-12,2026-03-16,2026-05-11,GBP,29929.90,2244.74,6.43,32181.07,NET60,paid,,2026-03-16T08:11:00,ERP-AP
INV_0420123,VND_042031,PO_0420154,SYN-2031-000123,2025-05-11,2025-05-13,2025-06-25,USD,8389.98,419.50,0.00,8809.48,NET45,paid,,2025-05-13T08:12:00,ERP-AP
INV_0420124,VND_042020,PO_0420124,SYN-2020-000124,2026-05-08,2026-05-08,2026-07-07,EUR,2346.59,234.66,0.00,2581.25,NET60,paid,,2026-05-08T08:16:00,ERP-AP
INV_0420125,VND_042023,PO_0420131,SYN-2023-000125,2025-02-17,2025-02-20,2025-03-19,USD,17301.39,1730.14,0.00,19031.53,NET30,approved,,2025-02-20T08:33:00,ERP-AP
INV_0420126,VND_042023,PO_0420144,SYN-2023-000126,2025-12-31,2026-01-05,2026-01-30,USD,911.20,68.34,5.50,985.04,NET30,paid,,2026-01-05T08:20:00,ERP-AP
INV_0420127,VND_042002,PO_0420153,SYN-2002-000127,2026-02-16,2026-02-19,2026-03-18,USD,6545.15,490.89,0.00,7036.04,NET30,paid,,2026-02-19T08:39:00,ERP-AP
INV_0420128,VND_042040,PO_0420066,SYN-2040-000128,2026-03-13,2026-03-17,2026-05-12,USD,2164.68,216.47,0.00,2381.15,NET60,paid,,2026-03-17T08:07:00,ERP-AP
INV_0420129,VND_042002,PO_0420087,SYN-2002-000129,2025-02-20,2025-02-22,2025-03-22,USD,1560.53,117.04,0.00,1677.57,NET30,paid,,2025-02-22T08:54:00,ERP-AP
INV_0420130,VND_042039,PO_0420152,SYN-2039-000130,2026-01-18,2026-01-22,2026-03-04,USD,21881.86,1641.14,5.96,23528.96,NET45,paid,,2026-01-22T08:11:00,ERP-AP
INV_0420131,VND_042036,PO_0420063,SYN-2023-000131,2025-12-28,2026-01-02,2026-01-27,USD,1490.72,111.80,0.00,1602.52,NET30,approved,,2026-01-02T08:45:00,ERP-AP
INV_0420132,VND_042037,PO_0420160,SYN-2037-000132,2026-02-16,2026-02-18,2026-03-18,USD,6036.40,452.73,43.91,6533.04,NET30,approved,,2026-02-18T08:58:00,ERP-AP
INV_0420133,VND_042023,PO_0420059,SYN-2023-000133,2025-05-31,2025-06-04,2025-06-30,USD,7432.40,743.24,12.96,8188.60,NET30,approved,,2025-06-04T08:05:00,ERP-AP
INV_0420134,VND_042023,PO_0420085,SYN-2023-000134,2026-05-24,2026-05-25,2026-06-23,USD,8802.88,660.22,0.00,9463.10,NET30,paid,,2026-05-25T08:20:00,ERP-AP
INV_0420135,VND_042036,PO_0420051,SYN-2036-000135,2025-01-22,2025-01-23,2025-01-22,USD,2288.52,228.85,0.00,2517.37,DUE_ON_RECEIPT,paid,,2025-01-23T08:19:00,ERP-AP
INV_0420136,VND_042002,PO_0420040,SYN-2002-000136,2025-09-26,2025-09-27,2025-10-26,USD,766.56,76.66,0.00,843.22,NET30,paid,,2025-09-27T08:23:00,ERP-AP
INV_0420137,VND_042036,PO_0420076,SYN-2036-000137,2025-04-25,2025-04-26,2025-04-25,USD,30662.04,0.00,80.79,30742.83,DUE_ON_RECEIPT,approved,,2025-04-26T08:32:00,ERP-AP
INV_0420138,VND_042002,PO_0420107,SYN-2002-000138,2025-07-14,2025-07-17,2025-08-13,USD,10334.88,1033.49,0.00,11368.37,NET30,paid,,2025-07-17T08:38:00,ERP-AP
INV_0420139,VND_042023,PO_0420155,SYN-2023-000139,2025-06-08,2025-06-12,2025-07-08,USD,712.92,0.00,0.00,712.92,NET30,paid,,2025-06-12T08:24:00,ERP-AP
INV_0420140,VND_042025,PO_0420005,SYN-2025-000140,2026-04-19,2026-04-20,2026-05-19,USD,4981.31,0.00,0.00,4981.31,NET30,paid,,2026-04-20T08:31:00,ERP-AP
INV_0420141,VND_042031,PO_0420038,SYN-2031-000141,2025-03-25,2025-03-29,2025-05-09,USD,12205.48,915.41,0.00,13120.89,NET45,paid,,2025-03-29T08:44:00,ERP-AP
INV_0420142,VND_042025,PO_0420057,SYN-2025-000142,2025-12-21,2025-12-26,2026-01-20,USD,392.04,29.40,0.00,421.44,NET30,approved,,2025-12-26T08:59:00,ERP-AP
INV_0420143,VND_042006,PO_0420012,SYN-2010-000143,2025-10-18,2025-10-22,2025-11-17,USD,3658.40,0.00,0.00,3658.40,NET30,approved,,2025-10-22T08:10:00,ERP-AP
INV_0420144,VND_042014,PO_0420106,SYN-2014-000144,2026-04-14,2026-04-16,2026-06-13,USD,3378.50,253.39,0.00,3631.89,NET60,paid,,2026-04-16T08:08:00,ERP-AP
INV_0420145,VND_042008,PO_0420081,SYN-2008-000145,2025-10-19,2025-10-21,2025-11-18,USD,1126.26,84.47,16.69,1227.42,NET30,paid,,2025-10-21T08:53:00,ERP-AP
INV_0420146,VND_042013,PO_0420095,SYN-2013-000146,2025-10-15,2025-10-19,2025-10-30,EUR,6852.00,513.90,0.00,7365.90,NET15,paid,,2025-10-19T08:03:00,ERP-AP
INV_0420147,VND_042023,PO_0420053,SYN-2023-000147,2025-04-27,2025-04-29,2025-05-27,USD,4341.35,325.60,0.00,4666.95,NET30,paid,,2025-04-29T08:00:00,ERP-AP
INV_0420148,VND_042021,PO_0420082,SYN-2021-000148,2025-12-09,2025-12-10,2026-01-08,USD,1116.69,0.00,0.00,1116.69,NET30,paid,,2025-12-10T08:12:00,ERP-AP
INV_0420149,VND_042034,PO_0420121,SYN-2034-000149,2026-05-31,2026-06-03,2026-06-30,USD,12364.96,0.00,35.43,12400.39,NET30,paid,,2026-06-03T08:35:00,ERP-AP
INV_0420150,VND_042023,,SYN-2023-000150,2026-05-22,2026-05-22,2026-06-21,USD,7033.00,0.00,0.00,7033.00,NET30,approved,,2026-05-22T08:50:00,ERP-AP
INV_0420151,VND_042013,,SYN-2013-000151,2025-10-09,2025-10-13,2025-10-24,EUR,10989.08,824.18,0.00,11813.26,NET15,approved,,2025-10-13T08:32:00,ERP-AP
INV_0420152,VND_042023,,SYN-2023-000152,2026-06-10,2026-06-14,2026-07-10,USD,7033.00,0.00,0.00,7033.00,NET30,paid,,2026-06-14T08:52:00,ERP-AP
INV_0420153,VND_042023,,SYN-2023-000153,2025-02-12,2025-02-17,2025-03-14,USD,41497.75,3112.33,0.00,44610.08,NET30,approved,,2025-02-17T08:48:00,ERP-AP
INV_0420154,VND_042034,,SYN-2034-000154,2025-02-03,2025-02-04,2025-03-05,USD,5838.50,583.85,0.00,6422.35,NET30,paid,,2025-02-04T08:51:00,ERP-AP
INV_0420155,VND_042029,,SYN-2029-000155,2026-03-15,2026-03-19,2026-04-14,USD,5280.52,528.05,0.00,5808.57,NET30,approved,,2026-03-19T08:22:00,ERP-AP
INV_0420156,VND_042024,,SYN-2024-000156,2025-06-22,2025-06-23,2025-08-21,USD,1368.43,136.84,0.00,1505.27,NET60,approved,,2025-06-23T08:48:00,ERP-AP
INV_0420157,VND_042036,,SYN-2036-000157,2025-10-11,2025-10-14,2025-10-11,USD,1666.72,166.67,0.00,1833.39,DUE_ON_RECEIPT,approved,,2025-10-14T08:31:00,ERP-AP
INV_0420158,VND_042025,,SYN-2025-000158,2026-03-01,2026-03-03,2026-03-31,USD,1224.08,91.81,0.00,1315.89,NET30,paid,,2026-03-03T08:44:00,ERP-AP
INV_0420159,VND_042018,,SYN-2018-000159,2026-05-15,2026-05-18,2026-06-14,USD,188.76,14.16,0.00,202.92,NET30,paid,,2026-05-18T08:40:00,ERP-AP
INV_0420160,VND_042018,,SYN-2018-000160,2025-03-06,2025-03-09,2025-04-05,USD,12966.94,0.00,0.00,12966.94,NET30,paid,,2025-03-09T08:50:00,ERP-AP
INV_0420161,VND_042029,,SYN-2029-000161,2025-02-19,2025-02-19,2025-03-21,USD,8170.38,612.78,0.00,8783.16,NET30,approved,,2025-02-19T08:27:00,ERP-AP
INV_0420162,VND_042029,,SYN-2029-000162,2025-05-16,2025-05-21,2025-06-15,USD,3778.53,283.39,0.00,4061.92,NET30,paid,,2025-05-21T08:10:00,ERP-AP
INV_0420163,VND_042029,,SYN-2029-000163,2025-03-21,2025-03-26,2025-04-20,USD,8170.38,612.78,0.00,8783.16,NET30,approved,,2025-03-26T08:44:00,ERP-AP
INV_0420164,VND_042020,,SYN-2020-000164,2025-04-04,2025-04-08,2025-06-03,EUR,3851.56,288.87,0.00,4140.43,NET60,paid,,2025-04-08T08:43:00,ERP-AP
INV_0420165,VND_042001,,SYN-2001-000165,2025-12-18,2025-12-18,2026-01-17,USD,5831.68,583.17,0.00,6414.85,NET30,paid,,2025-12-18T08:20:00,ERP-AP
INV_0420166,VND_042014,,SYN-2014-000166,2026-01-27,2026-02-01,2026-03-28,USD,7203.55,540.27,0.00,7743.82,NET60,paid,,2026-02-01T08:13:00,ERP-AP
INV_0420167,VND_042008,,SYN-2008-000167,2026-02-26,2026-03-02,2026-03-28,USD,21799.20,1634.94,0.00,23434.14,NET30,paid,,2026-03-02T08:46:00,ERP-AP
INV_0420168,VND_042038,,SYN-2038-000168,2025-11-19,2025-11-23,2025-12-19,USD,2594.92,194.62,0.00,2789.54,NET30,paid,,2025-11-23T08:18:00,ERP-AP
INV_0420169,VND_042029,,SYN-2029-000169,2025-11-05,2025-11-06,2025-12-05,USD,2324.58,174.34,0.00,2498.92,NET30,paid,,2025-11-06T08:31:00,ERP-AP
INV_0420170,VND_042010,,SYN-2010-000170,2025-03-14,2025-03-14,2025-04-13,USD,5242.53,393.19,0.00,5635.72,NET30,approved,,2025-03-14T08:01:00,ERP-AP
INV_0420171,VND_042002,,SYN-2002-000171,2025-08-09,2025-08-09,2025-09-08,USD,8074.37,605.58,0.00,8679.95,NET30,paid,,2025-08-09T08:40:00,ERP-AP
INV_0420172,VND_042025,,SYN-2025-000172,2025-10-12,2025-10-15,2025-11-11,USD,2350.16,176.26,0.00,2526.42,NET30,paid,,2025-10-15T08:37:00,ERP-AP
INV_0420173,VND_042033,,SYN-2033-000173,2025-03-09,2025-03-09,2025-03-24,USD,5417.56,541.76,0.00,5959.32,NET15,paid,,2025-03-09T08:29:00,ERP-AP
INV_0420174,VND_042003,,SYN-2003-000174,2025-06-29,2025-07-04,2025-08-13,USD,1147.44,86.06,0.00,1233.50,NET45,approved,,2025-07-04T08:16:00,ERP-AP
INV_0420175,VND_042006,,SYN-2006-000175,2025-10-03,2025-10-07,2025-10-03,USD,10174.44,0.00,0.00,10174.44,DUE_ON_RECEIPT,paid,,2025-10-07T08:40:00,ERP-AP
INV_0420176,VND_042014,,SYN-2014-000176,2026-02-27,2026-03-01,2026-04-28,USD,7203.55,540.27,0.00,7743.82,NET60,paid,,2026-03-01T08:03:00,ERP-AP
INV_0420177,VND_042023,,SYN-2023-000177,2026-01-12,2026-01-12,2026-02-11,USD,456.72,34.25,0.00,490.97,NET30,approved,,2026-01-12T08:54:00,ERP-AP
INV_0420178,VND_042010,,SYN-2010-000178,2026-04-29,2026-05-02,2026-05-29,USD,5230.21,0.00,0.00,5230.21,NET30,paid,,2026-05-02T08:58:00,ERP-AP
INV_0420179,VND_042011,,SYN-2011-000179,2025-03-21,2025-03-24,2025-04-20,USD,1351.55,135.16,0.00,1486.71,NET30,approved,,2025-03-24T08:04:00,ERP-AP
INV_0420180,VND_042034,,SYN-2034-000180,2025-11-15,2025-11-17,2025-12-15,USD,1385.54,103.92,0.00,1489.46,NET30,paid,,2025-11-17T08:47:00,ERP-AP
INV_0420181,VND_042022,,SYN-2022-000181,2026-05-21,2026-05-26,2026-07-05,EUR,4215.29,316.15,0.00,4531.44,NET45,approved,,2026-05-26T08:56:00,ERP-AP
INV_0420182,VND_042029,,SYN-2029-000182,2025-03-19,2025-03-24,2025-04-18,USD,8170.38,612.78,0.00,8783.16,NET30,paid,,2025-03-24T08:24:00,ERP-AP
INV_0420183,VND_042031,,SYN-2031-000183,2025-04-17,2025-04-21,2025-06-01,USD,5482.20,548.22,0.00,6030.42,NET45,paid,,2025-04-21T08:26:00,ERP-AP
INV_0420184,VND_042019,,SYN-2019-000184,2025-03-28,2025-03-28,2025-04-27,USD,1317.12,98.78,0.00,1415.90,NET30,approved,,2025-03-28T08:27:00,ERP-AP
INV_0420185,VND_042006,,SYN-2006-000185,2025-10-26,2025-10-27,2025-10-26,USD,9341.90,0.00,0.00,9341.90,DUE_ON_RECEIPT,paid,,2025-10-27T08:08:00,ERP-AP
INV_0420186,VND_042023,,SYN-2023-000186,2025-06-09,2025-06-10,2025-07-09,USD,8680.32,651.02,0.00,9331.34,NET30,paid,,2025-06-10T08:28:00,ERP-AP
INV_0420187,VND_042011,,SYN-2011-000187,2025-05-03,2025-05-05,2025-06-02,USD,7223.94,722.39,0.00,7946.33,NET30,paid,,2025-05-05T08:09:00,ERP-AP
INV_0420188,VND_042008,,SYN-2008-000188,2026-03-28,2026-03-31,2026-04-27,USD,21799.20,1634.94,0.00,23434.14,NET30,paid,,2026-03-31T08:32:00,ERP-AP
INV_0420189,VND_042002,,SYN-2002-000189,2025-09-08,2025-09-09,2025-10-08,USD,8074.37,605.58,0.00,8679.95,NET30,approved,,2025-09-09T08:01:00,ERP-AP
INV_0420190,VND_042034,,SYN-2034-000190,2025-09-13,2025-09-14,2025-10-13,USD,1248.60,0.00,0.00,1248.60,NET30,approved,,2025-09-14T08:08:00,ERP-AP
INV_0420191,VND_042020,,SYN-2020-000191,2025-03-28,2025-03-31,2025-05-27,EUR,2554.18,255.42,0.00,2809.60,NET60,paid,,2025-03-31T08:51:00,ERP-AP
INV_0420192,VND_042035,,SYN-2035-000192,2025-12-06,2025-12-09,2026-02-04,GBP,3404.80,255.36,0.00,3660.16,NET60,paid,,2025-12-09T08:11:00,ERP-AP
INV_0420193,VND_042035,,SYN-2035-000193,2025-10-09,2025-10-13,2025-12-08,GBP,3883.04,291.23,0.00,4174.27,NET60,approved,,2025-10-13T08:30:00,ERP-AP
INV_0420194,VND_042029,,SYN-2029-000194,2025-12-05,2025-12-06,2026-01-04,USD,2324.58,174.34,0.00,2498.92,NET30,approved,,2025-12-06T08:26:00,ERP-AP
INV_0420195,VND_042034,,SYN-2034-000195,2025-09-13,2025-09-16,2025-10-13,USD,4087.44,306.56,0.00,4394.00,NET30,paid,,2025-09-16T08:17:00,ERP-AP
INV_0420196,VND_042015,,SYN-2015-000196,2025-08-13,2025-08-17,2025-09-12,USD,3725.60,279.42,0.00,4005.02,NET30,paid,,2025-08-17T08:14:00,ERP-AP
INV_0420197,VND_042005,,SYN-2005-000197,2025-09-04,2025-09-05,2025-10-04,CAD,3257.56,325.76,0.00,3583.32,NET30,approved,,2025-09-05T08:11:00,ERP-AP
INV_0420198,VND_042015,,SYN-2015-000198,2026-01-03,2026-01-04,2026-02-02,USD,8699.50,652.46,0.00,9351.96,NET30,paid,,2026-01-04T08:31:00,ERP-AP
INV_0420199,VND_042034,,SYN-2034-000199,2025-03-03,2025-03-07,2025-04-02,USD,5838.50,583.85,0.00,6422.35,NET30,paid,,2025-03-07T08:14:00,ERP-AP
INV_0420200,VND_042019,,SYN-2019-000200,2025-04-25,2025-04-27,2025-05-25,USD,1317.12,98.78,0.00,1415.90,NET30,paid,,2025-04-27T08:58:00,ERP-AP
INV_0420201,VND_042032,,SYN-2032-000201,2025-12-15,2025-12-16,2025-12-30,USD,3140.31,235.52,0.00,3375.83,NET15,approved,,2025-12-16T08:49:00,ERP-AP
INV_0420202,VND_042011,,SYN-2011-000202,2025-06-02,2025-06-02,2025-07-02,USD,7223.94,722.39,0.00,7946.33,NET30,paid,,2025-06-02T08:23:00,ERP-AP
INV_0420203,VND_042027,,SYN-2027-000203,2025-04-14,2025-04-19,2025-04-29,USD,6748.36,674.84,0.00,7423.20,NET15,paid,,2025-04-19T08:20:00,ERP-AP
INV_0420204,VND_042038,,SYN-2038-000204,2026-01-01,2026-01-02,2026-01-31,USD,2147.82,161.09,0.00,2308.91,NET30,paid,,2026-01-02T08:11:00,ERP-AP
INV_0420205,VND_042037,,SYN-2037-000205,2026-02-05,2026-02-08,2026-03-07,USD,1984.62,0.00,0.00,1984.62,NET30,paid,,2026-02-08T08:09:00,ERP-AP
INV_0420206,VND_042005,,SYN-2005-000206,2025-12-22,2025-12-24,2026-01-21,CAD,815.47,61.16,0.00,876.63,NET30,paid,,2025-12-24T08:13:00,ERP-AP
INV_0420207,VND_042004,,SYN-2004-000207,2025-09-20,2025-09-21,2025-10-20,USD,4470.27,335.27,0.00,4805.54,NET30,paid,,2025-09-21T08:56:00,ERP-AP
INV_0420208,VND_042034,,SYN-2034-000208,2025-12-26,2025-12-26,2026-01-25,USD,7955.18,0.00,0.00,7955.18,NET30,paid,,2025-12-26T08:18:00,ERP-AP
INV_0420209,VND_042038,,SYN-2038-000209,2025-12-17,2025-12-17,2026-01-16,USD,2594.92,194.62,0.00,2789.54,NET30,paid,,2025-12-17T08:21:00,ERP-AP
INV_0420210,VND_042019,,SYN-2019-000210,2025-03-18,2025-03-23,2025-04-17,USD,4715.42,353.66,0.00,5069.08,NET30,approved,,2025-03-23T08:10:00,ERP-AP
INV_0420211,VND_042021,,SYN-2021-000211,2025-02-24,2025-03-01,2025-03-26,USD,1665.68,124.93,0.00,1790.61,NET30,paid,,2025-03-01T08:59:00,ERP-AP
INV_0420212,VND_042011,,SYN-2011-000212,2025-10-16,2025-10-19,2025-11-15,USD,6922.09,519.16,0.00,7441.25,NET30,paid,,2025-10-19T08:09:00,ERP-AP
INV_0420213,VND_042023,,SYN-2023-000213,2026-06-10,2026-06-10,2026-07-10,USD,7033.00,0.00,0.00,7033.00,NET30,paid,,2026-06-10T08:18:00,ERP-AP
INV_0420214,VND_042025,,SYN-2025-000214,2026-05-07,2026-05-07,2026-06-06,USD,3137.67,0.00,0.00,3137.67,NET30,paid,,2026-05-07T08:30:00,ERP-AP
INV_0420215,VND_042014,,SYN-2014-000215,2026-02-12,2026-02-15,2026-04-13,USD,3738.18,280.36,0.00,4018.54,NET60,paid,,2026-02-15T08:02:00,ERP-AP
INV_0420216,VND_042022,,SYN-2022-000216,2025-08-20,2025-08-25,2025-10-04,EUR,4836.24,0.00,0.00,4836.24,NET45,approved,,2025-08-25T08:22:00,ERP-AP
INV_0420217,VND_042020,,SYN-2020-000217,2025-08-21,2025-08-21,2025-10-20,EUR,12033.80,902.54,0.00,12936.34,NET60,paid,,2025-08-21T08:25:00,ERP-AP
INV_0420218,VND_042030,,SYN-2030-000218,2026-05-30,2026-06-04,2026-05-30,USD,1178.84,0.00,0.00,1178.84,DUE_ON_RECEIPT,paid,,2026-06-04T08:27:00,ERP-AP
INV_0420219,VND_042033,,SYN-2033-000219,2025-06-01,2025-06-01,2025-06-16,USD,10499.77,787.48,0.00,11287.25,NET15,approved,,2025-06-01T08:50:00,ERP-AP
INV_0420220,VND_042023,,SYN-2023-000220,2026-03-06,2026-03-06,2026-04-05,USD,986.60,74.00,0.00,1060.60,NET30,paid,,2026-03-06T08:59:00,ERP-AP
INV_0420221,VND_042019,,SYN-2019-000221,2025-04-15,2025-04-17,2025-05-15,USD,4715.42,353.66,0.00,5069.08,NET30,paid,,2025-04-17T08:55:00,ERP-AP
INV_0420222,VND_042017,,SYN-2017-000222,2026-02-25,2026-03-01,2026-03-27,USD,8942.23,670.67,0.00,9612.90,NET30,paid,,2026-03-01T08:38:00,ERP-AP
INV_0420223,VND_042020,,SYN-2020-000223,2026-02-10,2026-02-12,2026-04-11,EUR,441.84,44.18,0.00,486.02,NET60,paid,,2026-02-12T08:01:00,ERP-AP
INV_0420224,VND_042032,,SYN-2032-000224,2025-11-15,2025-11-17,2025-11-30,USD,10205.83,765.44,0.00,10971.27,NET15,paid,,2025-11-17T08:17:00,ERP-AP
INV_0420225,VND_042024,,SYN-2024-000225,2025-04-02,2025-04-06,2025-06-01,USD,722.12,54.16,0.00,776.28,NET60,paid,,2025-04-06T08:55:00,ERP-AP
INV_0420226,VND_042003,,SYN-2003-000226,2025-06-12,2025-06-13,2025-07-27,USD,3736.11,0.00,0.00,3736.11,NET45,paid,,2025-06-13T08:53:00,ERP-AP
INV_0420227,VND_042029,,SYN-2029-000227,2026-04-14,2026-04-14,2026-05-14,USD,5280.52,528.05,0.00,5808.57,NET30,paid,,2026-04-14T08:58:00,ERP-AP
INV_0420228,VND_042010,,SYN-2010-000228,2026-01-13,2026-01-17,2026-02-12,USD,3751.41,281.36,0.00,4032.77,NET30,paid,,2026-01-17T08:28:00,ERP-AP
INV_0420229,VND_042034,,SYN-2034-000229,2025-12-25,2025-12-26,2026-01-24,USD,2906.18,217.96,0.00,3124.14,NET30,approved,,2025-12-26T08:54:00,ERP-AP
INV_0420230,VND_042038,,SYN-2038-000230,2025-08-15,2025-08-20,2025-09-14,USD,1388.09,104.11,0.00,1492.20,NET30,paid,,2025-08-20T08:00:00,ERP-AP
INV_0420231,VND_042006,,SYN-2006-000231,2025-06-27,2025-06-30,2025-06-27,USD,5392.88,0.00,0.00,5392.88,DUE_ON_RECEIPT,approved,,2025-06-30T08:54:00,ERP-AP
INV_0420232,VND_042011,,SYN-2011-000232,2026-04-23,2026-04-28,2026-05-23,USD,7419.80,0.00,0.00,7419.80,NET30,paid,,2026-04-28T08:53:00,ERP-AP
INV_0420233,VND_042023,,SYN-2023-000233,2025-10-17,2025-10-22,2025-11-16,USD,741.34,74.13,0.00,815.47,NET30,paid,,2025-10-22T08:20:00,ERP-AP
INV_0420234,VND_042011,,SYN-2011-000234,2025-11-02,2025-11-07,2025-12-02,USD,2688.54,201.64,0.00,2890.18,NET30,paid,,2025-11-07T08:08:00,ERP-AP
INV_0420235,VND_042027,,SYN-2027-000235,2025-10-30,2025-10-31,2025-11-14,USD,3012.16,301.22,0.00,3313.38,NET15,paid,,2025-10-31T08:21:00,ERP-AP
INV_0420236,VND_042010,,SYN-2010-000236,2026-05-03,2026-05-06,2026-06-02,USD,1506.72,0.00,0.00,1506.72,NET30,paid,,2026-05-06T08:08:00,ERP-AP
INV_0420237,VND_042031,,SYN-2031-000237,2025-07-07,2025-07-09,2025-08-21,USD,415.98,31.20,0.00,447.18,NET45,approved,,2025-07-09T08:26:00,ERP-AP
INV_0420238,VND_042016,,SYN-2016-000238,2025-09-24,2025-09-25,2025-10-24,USD,5141.74,0.00,0.00,5141.74,NET30,paid,,2025-09-25T08:32:00,ERP-AP
INV_0420239,VND_042034,,SYN-2034-000239,2026-01-26,2026-01-28,2026-02-25,USD,7955.18,0.00,0.00,7955.18,NET30,approved,,2026-01-28T08:26:00,ERP-AP
INV_0420240,VND_042002,,SYN-2002-000240,2025-09-06,2025-09-07,2025-10-06,USD,8074.37,605.58,0.00,8679.95,NET30,paid,,2025-09-07T08:21:00,ERP-AP
INV_0420241,VND_042029,,SYN2029000155,2026-03-15,2026-03-19,2026-04-14,USD,5280.52,528.05,0.00,5808.57,NET30,received,,2026-03-19T08:22:00,ERP-AP
INV_0420242,VND_042019,PO_0420094,SYN2019000117,2026-03-30,2026-03-31,2026-04-29,USD,2551.36,191.35,0.00,2742.71,NET30,received,,2026-03-31T08:28:00,ERP-AP
INV_0420243,VND_042023,,CM-023-000054,2026-04-05,2026-04-10,2026-05-05,USD,-3076.92,-153.85,0.00,-3230.77,NET30,credit_applied,INV_0420054,2026-04-10T08:38:00,ERP-AP
