po_id,po_line_id,item_id,description,quantity,unit_price,line_amount,gl_account,department,cost_center,source_system
PO_0420001,POL_0420001,ITEM-0423,Synthetic finance goods or services line 1,6,654.71,3928.26,630100-FINANCE,Finance,CC-03-04,ERP-Procurement
PO_0420002,POL_0420002,ITEM-0392,Synthetic sales goods or services line 1,4,383.24,1532.96,640100-SALES,Sales,CC-04-05,ERP-Procurement
PO_0420002,POL_0420003,ITEM-0482,Synthetic sales goods or services line 2,2,215.45,430.90,640100-SALES,Sales,CC-04-05,ERP-Procurement
PO_0420002,POL_0420004,ITEM-0205,Synthetic sales goods or services line 3,8,138.24,1105.92,640100-SALES,Sales,CC-04-05,ERP-Procurement
PO_0420003,POL_0420005,ITEM-0286,Synthetic sales goods or services line 1,3,489.81,1469.43,640100-SALES,Sales,CC-04-07,ERP-Procurement
PO_0420003,POL_0420006,ITEM-0522,Synthetic sales goods or services line 2,12,136.30,1635.60,640100-SALES,Sales,CC-04-07,ERP-Procurement
PO_0420004,POL_0420007,ITEM-0040,Synthetic operations goods or services line 1,9,443.87,3994.83,620100-OPERATIONS,Operations,CC-02-05,ERP-Procurement
PO_0420004,POL_0420008,ITEM-0611,Synthetic operations goods or services line 2,4,505.85,2023.40,620100-OPERATIONS,Operations,CC-02-05,ERP-Procurement
PO_0420005,POL_0420009,ITEM-0046,Synthetic operations goods or services line 1,9,362.63,3263.67,620100-OPERATIONS,Operations,CC-02-07,ERP-Procurement
PO_0420005,POL_0420010,ITEM-0447,Synthetic operations goods or services line 2,23,74.68,1717.64,620100-OPERATIONS,Operations,CC-02-07,ERP-Procurement
PO_0420006,POL_0420011,ITEM-0339,Synthetic sales goods or services line 1,22,160.10,3522.20,640100-SALES,Sales,CC-04-06,ERP-Procurement
PO_0420007,POL_0420012,ITEM-0131,Synthetic legal goods or services line 1,18,215.59,3880.62,670100-LEGAL,Legal,CC-07-06,ERP-Procurement
PO_0420007,POL_0420013,ITEM-0431,Synthetic legal goods or services line 2,7,61.87,433.09,670100-LEGAL,Legal,CC-07-06,ERP-Procurement
PO_0420007,POL_0420014,ITEM-0389,Synthetic legal goods or services line 3,22,64.99,1429.78,670100-LEGAL,Legal,CC-07-06,ERP-Procurement
PO_0420008,POL_0420015,ITEM-0622,Synthetic engineering goods or services line 1,19,154.17,2929.23,610100-ENGINEERING,Engineering,CC-01-05,ERP-Procurement
PO_0420009,POL_0420016,ITEM-0528,Synthetic it goods or services line 1,10,88.62,886.20,680100-IT,IT,CC-08-12,ERP-Procurement
PO_0420009,POL_0420017,ITEM-0649,Synthetic it goods or services line 2,22,59.02,1298.44,680100-IT,IT,CC-08-12,ERP-Procurement
PO_0420009,POL_0420018,ITEM-0344,Synthetic it goods or services line 3,20,416.45,8329.00,680100-IT,IT,CC-08-12,ERP-Procurement
PO_0420010,POL_0420019,ITEM-0626,Synthetic sales goods or services line 1,16,65.47,1047.52,640100-SALES,Sales,CC-04-03,ERP-Procurement
PO_0420011,POL_0420020,ITEM-0006,Synthetic legal goods or services line 1,21,48.81,1025.01,670100-LEGAL,Legal,CC-07-08,ERP-Procurement
PO_0420012,POL_0420021,ITEM-0468,Synthetic it goods or services line 1,4,914.60,3658.40,680100-IT,IT,CC-08-01,ERP-Procurement
PO_0420013,POL_0420022,ITEM-0437,Synthetic it goods or services line 1,17,120.96,2056.32,680100-IT,IT,CC-08-10,ERP-Procurement
PO_0420013,POL_0420023,ITEM-0457,Synthetic it goods or services line 2,18,178.21,3207.78,680100-IT,IT,CC-08-10,ERP-Procurement
PO_0420013,POL_0420024,ITEM-0487,Synthetic it goods or services line 3,6,609.62,3657.72,680100-IT,IT,CC-08-10,ERP-Procurement
PO_0420014,POL_0420025,ITEM-0241,Synthetic sales goods or services line 1,10,598.06,5980.60,640100-SALES,Sales,CC-04-05,ERP-Procurement
PO_0420015,POL_0420026,ITEM-0066,Synthetic sales goods or services line 1,7,228.58,1600.06,640100-SALES,Sales,CC-04-07,ERP-Procurement
PO_0420016,POL_0420027,ITEM-0021,Synthetic legal goods or services line 1,23,71.13,1635.99,670100-LEGAL,Legal,CC-07-07,ERP-Procurement
PO_0420016,POL_0420028,ITEM-0390,Synthetic legal goods or services line 2,19,27.58,524.02,670100-LEGAL,Legal,CC-07-07,ERP-Procurement
PO_0420016,POL_0420029,ITEM-0007,Synthetic legal goods or services line 3,16,38.03,608.48,670100-LEGAL,Legal,CC-07-07,ERP-Procurement
PO_0420017,POL_0420030,ITEM-0030,Synthetic sales goods or services line 1,16,136.94,2191.04,640100-SALES,Sales,CC-04-08,ERP-Procurement
PO_0420017,POL_0420031,ITEM-0345,Synthetic sales goods or services line 2,13,116.13,1509.69,640100-SALES,Sales,CC-04-08,ERP-Procurement
PO_0420018,POL_0420032,ITEM-0086,Synthetic engineering goods or services line 1,1,4955.40,4955.40,610100-ENGINEERING,Engineering,CC-01-07,ERP-Procurement
PO_0420018,POL_0420033,ITEM-0439,Synthetic engineering goods or services line 2,21,72.97,1532.37,610100-ENGINEERING,Engineering,CC-01-07,ERP-Procurement
PO_0420019,POL_0420034,ITEM-0285,Synthetic sales goods or services line 1,13,118.11,1535.43,640100-SALES,Sales,CC-04-08,ERP-Procurement
PO_0420019,POL_0420035,ITEM-0259,Synthetic sales goods or services line 2,14,179.10,2507.40,640100-SALES,Sales,CC-04-08,ERP-Procurement
PO_0420020,POL_0420036,ITEM-0042,Synthetic people goods or services line 1,21,51.62,1084.02,660100-PEOPLE,People,CC-06-04,ERP-Procurement
PO_0420021,POL_0420037,ITEM-0224,Synthetic sales goods or services line 1,19,73.69,1400.11,640100-SALES,Sales,CC-04-03,ERP-Procurement
PO_0420021,POL_0420038,ITEM-0263,Synthetic sales goods or services line 2,15,28.83,432.45,640100-SALES,Sales,CC-04-03,ERP-Procurement
PO_0420021,POL_0420039,ITEM-0172,Synthetic sales goods or services line 3,12,49.33,591.96,640100-SALES,Sales,CC-04-03,ERP-Procurement
PO_0420022,POL_0420040,ITEM-0385,Synthetic operations goods or services line 1,19,28.20,535.80,620100-OPERATIONS,Operations,CC-02-10,ERP-Procurement
PO_0420022,POL_0420041,ITEM-0204,Synthetic operations goods or services line 2,13,17.53,227.89,620100-OPERATIONS,Operations,CC-02-10,ERP-Procurement
PO_0420022,POL_0420042,ITEM-0607,Synthetic operations goods or services line 3,3,444.66,1333.98,620100-OPERATIONS,Operations,CC-02-10,ERP-Procurement
PO_0420022,POL_0420043,ITEM-0643,Synthetic operations goods or services line 4,23,21.25,488.75,620100-OPERATIONS,Operations,CC-02-10,ERP-Procurement
PO_0420023,POL_0420044,ITEM-0439,Synthetic operations goods or services line 1,18,180.13,3242.34,620100-OPERATIONS,Operations,CC-02-10,ERP-Procurement
PO_0420024,POL_0420045,ITEM-0471,Synthetic it goods or services line 1,21,98.93,2077.53,680100-IT,IT,CC-08-02,ERP-Procurement
PO_0420024,POL_0420046,ITEM-0157,Synthetic it goods or services line 2,23,113.67,2614.41,680100-IT,IT,CC-08-02,ERP-Procurement
PO_0420024,POL_0420047,ITEM-0181,Synthetic it goods or services line 3,14,83.73,1172.22,680100-IT,IT,CC-08-02,ERP-Procurement
PO_0420024,POL_0420048,ITEM-0535,Synthetic it goods or services line 4,24,34.73,833.52,680100-IT,IT,CC-08-02,ERP-Procurement
PO_0420025,POL_0420049,ITEM-0286,Synthetic marketing goods or services line 1,3,226.72,680.16,650100-MARKETING,Marketing,CC-05-06,ERP-Procurement
PO_0420026,POL_0420050,ITEM-0187,Synthetic legal goods or services line 1,11,68.01,748.11,670100-LEGAL,Legal,CC-07-06,ERP-Procurement
PO_0420026,POL_0420051,ITEM-0218,Synthetic legal goods or services line 2,16,65.80,1052.80,670100-LEGAL,Legal,CC-07-06,ERP-Procurement
PO_0420027,POL_0420052,ITEM-0088,Synthetic marketing goods or services line 1,7,110.41,772.87,650100-MARKETING,Marketing,CC-05-09,ERP-Procurement
PO_0420027,POL_0420053,ITEM-0417,Synthetic marketing goods or services line 2,8,168.07,1344.56,650100-MARKETING,Marketing,CC-05-09,ERP-Procurement
PO_0420028,POL_0420054,ITEM-0250,Synthetic it goods or services line 1,13,782.51,10172.63,680100-IT,IT,CC-08-01,ERP-Procurement
PO_0420028,POL_0420055,ITEM-0596,Synthetic it goods or services line 2,10,178.86,1788.60,680100-IT,IT,CC-08-01,ERP-Procurement
PO_0420029,POL_0420056,ITEM-0258,Synthetic people goods or services line 1,10,162.70,1627.00,660100-PEOPLE,People,CC-06-06,ERP-Procurement
PO_0420029,POL_0420057,ITEM-0124,Synthetic people goods or services line 2,8,35.17,281.36,660100-PEOPLE,People,CC-06-06,ERP-Procurement
PO_0420030,POL_0420058,ITEM-0538,Synthetic sales goods or services line 1,19,25.23,479.37,640100-SALES,Sales,CC-04-12,ERP-Procurement
PO_0420030,POL_0420059,ITEM-0290,Synthetic sales goods or services line 2,20,45.53,910.60,640100-SALES,Sales,CC-04-12,ERP-Procurement
PO_0420031,POL_0420060,ITEM-0047,Synthetic marketing goods or services line 1,9,537.00,4833.00,650100-MARKETING,Marketing,CC-05-01,ERP-Procurement
PO_0420031,POL_0420061,ITEM-0567,Synthetic marketing goods or services line 2,2,163.05,326.10,650100-MARKETING,Marketing,CC-05-01,ERP-Procurement
PO_0420032,POL_0420062,ITEM-0053,Synthetic marketing goods or services line 1,6,525.99,3155.94,650100-MARKETING,Marketing,CC-05-08,ERP-Procurement
PO_0420032,POL_0420063,ITEM-0490,Synthetic marketing goods or services line 2,9,285.23,2567.07,650100-MARKETING,Marketing,CC-05-08,ERP-Procurement
PO_0420033,POL_0420064,ITEM-0088,Synthetic engineering goods or services line 1,10,35.05,350.50,610100-ENGINEERING,Engineering,CC-01-03,ERP-Procurement
PO_0420033,POL_0420065,ITEM-0122,Synthetic engineering goods or services line 2,8,215.74,1725.92,610100-ENGINEERING,Engineering,CC-01-03,ERP-Procurement
PO_0420033,POL_0420066,ITEM-0427,Synthetic engineering goods or services line 3,18,50.98,917.64,610100-ENGINEERING,Engineering,CC-01-03,ERP-Procurement
PO_0420034,POL_0420067,ITEM-0313,Synthetic it goods or services line 1,14,237.11,3319.54,680100-IT,IT,CC-08-05,ERP-Procurement
PO_0420034,POL_0420068,ITEM-0636,Synthetic it goods or services line 2,19,140.02,2660.38,680100-IT,IT,CC-08-05,ERP-Procurement
PO_0420035,POL_0420069,ITEM-0566,Synthetic marketing goods or services line 1,6,3583.72,21502.32,650100-MARKETING,Marketing,CC-05-11,ERP-Procurement
PO_0420036,POL_0420070,ITEM-0465,Synthetic marketing goods or services line 1,10,68.28,682.80,650100-MARKETING,Marketing,CC-05-01,ERP-Procurement
PO_0420036,POL_0420071,ITEM-0240,Synthetic marketing goods or services line 2,3,804.75,2414.25,650100-MARKETING,Marketing,CC-05-01,ERP-Procurement
PO_0420037,POL_0420072,ITEM-0153,Synthetic sales goods or services line 1,21,77.99,1637.79,640100-SALES,Sales,CC-04-07,ERP-Procurement
PO_0420037,POL_0420073,ITEM-0146,Synthetic sales goods or services line 2,9,601.87,5416.83,640100-SALES,Sales,CC-04-07,ERP-Procurement
PO_0420038,POL_0420074,ITEM-0413,Synthetic marketing goods or services line 1,10,290.92,2909.20,650100-MARKETING,Marketing,CC-05-08,ERP-Procurement
PO_0420038,POL_0420075,ITEM-0513,Synthetic marketing goods or services line 2,9,1032.92,9296.28,650100-MARKETING,Marketing,CC-05-08,ERP-Procurement
PO_0420039,POL_0420076,ITEM-0590,Synthetic people goods or services line 1,8,53.82,430.56,660100-PEOPLE,People,CC-06-10,ERP-Procurement
PO_0420040,POL_0420077,ITEM-0186,Synthetic finance goods or services line 1,9,25.20,226.80,630100-FINANCE,Finance,CC-03-08,ERP-Procurement
PO_0420040,POL_0420078,ITEM-0447,Synthetic finance goods or services line 2,19,20.97,398.43,630100-FINANCE,Finance,CC-03-08,ERP-Procurement
PO_0420040,POL_0420079,ITEM-0504,Synthetic finance goods or services line 3,21,6.73,141.33,630100-FINANCE,Finance,CC-03-08,ERP-Procurement
PO_0420041,POL_0420080,ITEM-0296,Synthetic operations goods or services line 1,16,194.82,3117.12,620100-OPERATIONS,Operations,CC-02-03,ERP-Procurement
PO_0420041,POL_0420081,ITEM-0411,Synthetic operations goods or services line 2,22,57.59,1266.98,620100-OPERATIONS,Operations,CC-02-03,ERP-Procurement
PO_0420042,POL_0420082,ITEM-0002,Synthetic people goods or services line 1,17,6.28,106.76,660100-PEOPLE,People,CC-06-02,ERP-Procurement
PO_0420042,POL_0420083,ITEM-0556,Synthetic people goods or services line 2,22,7.82,172.04,660100-PEOPLE,People,CC-06-02,ERP-Procurement
PO_0420042,POL_0420084,ITEM-0424,Synthetic people goods or services line 3,15,46.33,694.95,660100-PEOPLE,People,CC-06-02,ERP-Procurement
PO_0420043,POL_0420085,ITEM-0449,Synthetic engineering goods or services line 1,10,578.63,5786.30,610100-ENGINEERING,Engineering,CC-01-04,ERP-Procurement
PO_0420043,POL_0420086,ITEM-0497,Synthetic engineering goods or services line 2,23,849.20,19531.60,610100-ENGINEERING,Engineering,CC-01-04,ERP-Procurement
PO_0420044,POL_0420087,ITEM-0231,Synthetic marketing goods or services line 1,3,14212.05,42636.15,650100-MARKETING,Marketing,CC-05-09,ERP-Procurement
PO_0420044,POL_0420088,ITEM-0473,Synthetic marketing goods or services line 2,4,772.58,3090.32,650100-MARKETING,Marketing,CC-05-09,ERP-Procurement
PO_0420045,POL_0420089,ITEM-0484,Synthetic marketing goods or services line 1,16,44.23,707.68,650100-MARKETING,Marketing,CC-05-09,ERP-Procurement
PO_0420045,POL_0420090,ITEM-0468,Synthetic marketing goods or services line 2,8,26.65,213.20,650100-MARKETING,Marketing,CC-05-09,ERP-Procurement
PO_0420046,POL_0420091,ITEM-0349,Synthetic finance goods or services line 1,14,56.77,794.78,630100-FINANCE,Finance,CC-03-02,ERP-Procurement
PO_0420046,POL_0420092,ITEM-0274,Synthetic finance goods or services line 2,17,15.03,255.51,630100-FINANCE,Finance,CC-03-02,ERP-Procurement
PO_0420046,POL_0420093,ITEM-0290,Synthetic finance goods or services line 3,1,387.92,387.92,630100-FINANCE,Finance,CC-03-02,ERP-Procurement
PO_0420047,POL_0420094,ITEM-0566,Synthetic finance goods or services line 1,11,43.03,473.33,630100-FINANCE,Finance,CC-03-08,ERP-Procurement
PO_0420047,POL_0420095,ITEM-0387,Synthetic finance goods or services line 2,18,43.13,776.34,630100-FINANCE,Finance,CC-03-08,ERP-Procurement
PO_0420048,POL_0420096,ITEM-0326,Synthetic legal goods or services line 1,2,1179.28,2358.56,670100-LEGAL,Legal,CC-07-04,ERP-Procurement
PO_0420048,POL_0420097,ITEM-0485,Synthetic legal goods or services line 2,24,70.55,1693.20,670100-LEGAL,Legal,CC-07-04,ERP-Procurement
PO_0420048,POL_0420098,ITEM-0391,Synthetic legal goods or services line 3,23,29.31,674.13,670100-LEGAL,Legal,CC-07-04,ERP-Procurement
PO_0420049,POL_0420099,ITEM-0451,Synthetic finance goods or services line 1,4,38.77,155.08,630100-FINANCE,Finance,CC-03-09,ERP-Procurement
PO_0420049,POL_0420100,ITEM-0539,Synthetic finance goods or services line 2,4,135.03,540.12,630100-FINANCE,Finance,CC-03-09,ERP-Procurement
PO_0420050,POL_0420101,ITEM-0347,Synthetic finance goods or services line 1,9,426.68,3840.12,630100-FINANCE,Finance,CC-03-02,ERP-Procurement
PO_0420050,POL_0420102,ITEM-0408,Synthetic finance goods or services line 2,20,34.40,688.00,630100-FINANCE,Finance,CC-03-02,ERP-Procurement
PO_0420050,POL_0420103,ITEM-0083,Synthetic finance goods or services line 3,21,80.18,1683.78,630100-FINANCE,Finance,CC-03-02,ERP-Procurement
PO_0420051,POL_0420104,ITEM-0647,Synthetic it goods or services line 1,8,192.40,1539.20,680100-IT,IT,CC-08-09,ERP-Procurement
PO_0420051,POL_0420105,ITEM-0295,Synthetic it goods or services line 2,22,34.06,749.32,680100-IT,IT,CC-08-09,ERP-Procurement
PO_0420052,POL_0420106,ITEM-0048,Synthetic operations goods or services line 1,1,387.19,387.19,620100-OPERATIONS,Operations,CC-02-08,ERP-Procurement
PO_0420052,POL_0420107,ITEM-0058,Synthetic operations goods or services line 2,11,45.28,498.08,620100-OPERATIONS,Operations,CC-02-08,ERP-Procurement
PO_0420052,POL_0420108,ITEM-0368,Synthetic operations goods or services line 3,10,996.85,9968.50,620100-OPERATIONS,Operations,CC-02-08,ERP-Procurement
PO_0420053,POL_0420109,ITEM-0635,Synthetic finance goods or services line 1,13,333.95,4341.35,630100-FINANCE,Finance,CC-03-03,ERP-Procurement
PO_0420054,POL_0420110,ITEM-0295,Synthetic marketing goods or services line 1,15,34.44,516.60,650100-MARKETING,Marketing,CC-05-08,ERP-Procurement
PO_0420054,POL_0420111,ITEM-0560,Synthetic marketing goods or services line 2,22,161.18,3545.96,650100-MARKETING,Marketing,CC-05-08,ERP-Procurement
PO_0420054,POL_0420112,ITEM-0076,Synthetic marketing goods or services line 3,6,332.91,1997.46,650100-MARKETING,Marketing,CC-05-08,ERP-Procurement
PO_0420055,POL_0420113,ITEM-0204,Synthetic legal goods or services line 1,10,287.43,2874.30,670100-LEGAL,Legal,CC-07-12,ERP-Procurement
PO_0420055,POL_0420114,ITEM-0495,Synthetic legal goods or services line 2,13,116.03,1508.39,670100-LEGAL,Legal,CC-07-12,ERP-Procurement
PO_0420056,POL_0420115,ITEM-0282,Synthetic marketing goods or services line 1,13,163.84,2129.92,650100-MARKETING,Marketing,CC-05-01,ERP-Procurement
PO_0420056,POL_0420116,ITEM-0580,Synthetic marketing goods or services line 2,1,826.92,826.92,650100-MARKETING,Marketing,CC-05-01,ERP-Procurement
PO_0420056,POL_0420117,ITEM-0051,Synthetic marketing goods or services line 3,22,16.74,368.28,650100-MARKETING,Marketing,CC-05-01,ERP-Procurement
PO_0420057,POL_0420118,ITEM-0141,Synthetic people goods or services line 1,9,43.56,392.04,660100-PEOPLE,People,CC-06-04,ERP-Procurement
PO_0420058,POL_0420119,ITEM-0303,Synthetic engineering goods or services line 1,3,639.29,1917.87,610100-ENGINEERING,Engineering,CC-01-10,ERP-Procurement
PO_0420058,POL_0420120,ITEM-0426,Synthetic engineering goods or services line 2,11,763.50,8398.50,610100-ENGINEERING,Engineering,CC-01-10,ERP-Procurement
PO_0420058,POL_0420121,ITEM-0206,Synthetic engineering goods or services line 3,6,315.45,1892.70,610100-ENGINEERING,Engineering,CC-01-10,ERP-Procurement
PO_0420059,POL_0420122,ITEM-0303,Synthetic marketing goods or services line 1,16,55.18,882.88,650100-MARKETING,Marketing,CC-05-03,ERP-Procurement
PO_0420059,POL_0420123,ITEM-0347,Synthetic marketing goods or services line 2,24,56.25,1350.00,650100-MARKETING,Marketing,CC-05-03,ERP-Procurement
PO_0420059,POL_0420124,ITEM-0480,Synthetic marketing goods or services line 3,4,985.12,3940.48,650100-MARKETING,Marketing,CC-05-03,ERP-Procurement
PO_0420059,POL_0420125,ITEM-0145,Synthetic marketing goods or services line 4,3,419.68,1259.04,650100-MARKETING,Marketing,CC-05-03,ERP-Procurement
PO_0420060,POL_0420126,ITEM-0378,Synthetic legal goods or services line 1,15,639.01,9585.15,670100-LEGAL,Legal,CC-07-01,ERP-Procurement
PO_0420060,POL_0420127,ITEM-0269,Synthetic legal goods or services line 2,22,213.90,4705.80,670100-LEGAL,Legal,CC-07-01,ERP-Procurement
PO_0420061,POL_0420128,ITEM-0336,Synthetic it goods or services line 1,18,362.23,6520.14,680100-IT,IT,CC-08-01,ERP-Procurement
PO_0420061,POL_0420129,ITEM-0227,Synthetic it goods or services line 2,20,78.79,1575.80,680100-IT,IT,CC-08-01,ERP-Procurement
PO_0420061,POL_0420130,ITEM-0065,Synthetic it goods or services line 3,21,17.11,359.31,680100-IT,IT,CC-08-01,ERP-Procurement
PO_0420061,POL_0420131,ITEM-0476,Synthetic it goods or services line 4,21,14.72,309.12,680100-IT,IT,CC-08-01,ERP-Procurement
PO_0420062,POL_0420132,ITEM-0551,Synthetic engineering goods or services line 1,8,3665.71,29325.68,610100-ENGINEERING,Engineering,CC-01-05,ERP-Procurement
PO_0420063,POL_0420133,ITEM-0631,Synthetic finance goods or services line 1,16,93.17,1490.72,630100-FINANCE,Finance,CC-03-07,ERP-Procurement
PO_0420064,POL_0420134,ITEM-0102,Synthetic it goods or services line 1,12,289.79,3477.48,680100-IT,IT,CC-08-08,ERP-Procurement
PO_0420065,POL_0420135,ITEM-0094,Synthetic sales goods or services line 1,15,268.04,4020.60,640100-SALES,Sales,CC-04-02,ERP-Procurement
PO_0420065,POL_0420136,ITEM-0218,Synthetic sales goods or services line 2,22,12.32,271.04,640100-SALES,Sales,CC-04-02,ERP-Procurement
PO_0420065,POL_0420137,ITEM-0612,Synthetic sales goods or services line 3,21,16.13,338.73,640100-SALES,Sales,CC-04-02,ERP-Procurement
PO_0420066,POL_0420138,ITEM-0601,Synthetic sales goods or services line 1,7,81.81,572.67,640100-SALES,Sales,CC-04-02,ERP-Procurement
PO_0420066,POL_0420139,ITEM-0239,Synthetic sales goods or services line 2,7,123.15,862.05,640100-SALES,Sales,CC-04-02,ERP-Procurement
PO_0420066,POL_0420140,ITEM-0152,Synthetic sales goods or services line 3,11,66.36,729.96,640100-SALES,Sales,CC-04-02,ERP-Procurement
PO_0420067,POL_0420141,ITEM-0135,Synthetic marketing goods or services line 1,1,1900.53,1900.53,650100-MARKETING,Marketing,CC-05-03,ERP-Procurement
PO_0420067,POL_0420142,ITEM-0367,Synthetic marketing goods or services line 2,1,5844.72,5844.72,650100-MARKETING,Marketing,CC-05-03,ERP-Procurement
PO_0420067,POL_0420143,ITEM-0603,Synthetic marketing goods or services line 3,8,183.30,1466.40,650100-MARKETING,Marketing,CC-05-03,ERP-Procurement
PO_0420068,POL_0420144,ITEM-0526,Synthetic operations goods or services line 1,12,15.49,185.88,620100-OPERATIONS,Operations,CC-02-12,ERP-Procurement
PO_0420068,POL_0420145,ITEM-0112,Synthetic operations goods or services line 2,19,80.01,1520.19,620100-OPERATIONS,Operations,CC-02-12,ERP-Procurement
PO_0420069,POL_0420146,ITEM-0412,Synthetic it goods or services line 1,16,90.38,1446.08,680100-IT,IT,CC-08-11,ERP-Procurement
PO_0420070,POL_0420147,ITEM-0640,Synthetic people goods or services line 1,9,117.35,1056.15,660100-PEOPLE,People,CC-06-10,ERP-Procurement
PO_0420071,POL_0420148,ITEM-0118,Synthetic marketing goods or services line 1,4,1308.07,5232.28,650100-MARKETING,Marketing,CC-05-08,ERP-Procurement
PO_0420071,POL_0420149,ITEM-0565,Synthetic marketing goods or services line 2,21,23.66,496.86,650100-MARKETING,Marketing,CC-05-08,ERP-Procurement
PO_0420072,POL_0420150,ITEM-0438,Synthetic it goods or services line 1,11,94.78,1042.58,680100-IT,IT,CC-08-07,ERP-Procurement
PO_0420072,POL_0420151,ITEM-0262,Synthetic it goods or services line 2,11,111.70,1228.70,680100-IT,IT,CC-08-07,ERP-Procurement
PO_0420072,POL_0420152,ITEM-0157,Synthetic it goods or services line 3,12,413.97,4967.64,680100-IT,IT,CC-08-07,ERP-Procurement
PO_0420073,POL_0420153,ITEM-0570,Synthetic operations goods or services line 1,5,563.04,2815.20,620100-OPERATIONS,Operations,CC-02-12,ERP-Procurement
PO_0420073,POL_0420154,ITEM-0601,Synthetic operations goods or services line 2,2,3258.04,6516.08,620100-OPERATIONS,Operations,CC-02-12,ERP-Procurement
PO_0420074,POL_0420155,ITEM-0320,Synthetic legal goods or services line 1,20,63.77,1275.40,670100-LEGAL,Legal,CC-07-12,ERP-Procurement
PO_0420074,POL_0420156,ITEM-0107,Synthetic legal goods or services line 2,12,60.19,722.28,670100-LEGAL,Legal,CC-07-12,ERP-Procurement
PO_0420074,POL_0420157,ITEM-0520,Synthetic legal goods or services line 3,19,62.41,1185.79,670100-LEGAL,Legal,CC-07-12,ERP-Procurement
PO_0420074,POL_0420158,ITEM-0159,Synthetic legal goods or services line 4,7,276.42,1934.94,670100-LEGAL,Legal,CC-07-12,ERP-Procurement
PO_0420075,POL_0420159,ITEM-0440,Synthetic people goods or services line 1,8,30.02,240.16,660100-PEOPLE,People,CC-06-02,ERP-Procurement
PO_0420075,POL_0420160,ITEM-0637,Synthetic people goods or services line 2,18,45.82,824.76,660100-PEOPLE,People,CC-06-02,ERP-Procurement
PO_0420076,POL_0420161,ITEM-0348,Synthetic marketing goods or services line 1,10,254.16,2541.60,650100-MARKETING,Marketing,CC-05-01,ERP-Procurement
PO_0420076,POL_0420162,ITEM-0007,Synthetic marketing goods or services line 2,12,2343.37,28120.44,650100-MARKETING,Marketing,CC-05-01,ERP-Procurement
PO_0420077,POL_0420163,ITEM-0430,Synthetic engineering goods or services line 1,13,75.37,979.81,610100-ENGINEERING,Engineering,CC-01-02,ERP-Procurement
PO_0420077,POL_0420164,ITEM-0350,Synthetic engineering goods or services line 2,15,118.32,1774.80,610100-ENGINEERING,Engineering,CC-01-02,ERP-Procurement
PO_0420078,POL_0420165,ITEM-0084,Synthetic engineering goods or services line 1,2,430.25,860.50,610100-ENGINEERING,Engineering,CC-01-03,ERP-Procurement
PO_0420078,POL_0420166,ITEM-0454,Synthetic engineering goods or services line 2,9,247.63,2228.67,610100-ENGINEERING,Engineering,CC-01-03,ERP-Procurement
PO_0420078,POL_0420167,ITEM-0435,Synthetic engineering goods or services line 3,22,257.98,5675.56,610100-ENGINEERING,Engineering,CC-01-03,ERP-Procurement
PO_0420079,POL_0420168,ITEM-0608,Synthetic operations goods or services line 1,22,67.65,1488.30,620100-OPERATIONS,Operations,CC-02-06,ERP-Procurement
PO_0420080,POL_0420169,ITEM-0141,Synthetic engineering goods or services line 1,7,172.51,1207.57,610100-ENGINEERING,Engineering,CC-01-01,ERP-Procurement
PO_0420080,POL_0420170,ITEM-0297,Synthetic engineering goods or services line 2,9,27.98,251.82,610100-ENGINEERING,Engineering,CC-01-01,ERP-Procurement
PO_0420081,POL_0420171,ITEM-0074,Synthetic sales goods or services line 1,12,23.67,284.04,640100-SALES,Sales,CC-04-09,ERP-Procurement
PO_0420081,POL_0420172,ITEM-0044,Synthetic sales goods or services line 2,13,38.24,497.12,640100-SALES,Sales,CC-04-09,ERP-Procurement
PO_0420081,POL_0420173,ITEM-0020,Synthetic sales goods or services line 3,14,24.65,345.10,640100-SALES,Sales,CC-04-09,ERP-Procurement
PO_0420082,POL_0420174,ITEM-0415,Synthetic legal goods or services line 1,4,118.45,473.80,670100-LEGAL,Legal,CC-07-12,ERP-Procurement
PO_0420082,POL_0420175,ITEM-0333,Synthetic legal goods or services line 2,1,642.89,642.89,670100-LEGAL,Legal,CC-07-12,ERP-Procurement
PO_0420083,POL_0420176,ITEM-0604,Synthetic operations goods or services line 1,14,2137.85,29929.90,620100-OPERATIONS,Operations,CC-02-07,ERP-Procurement
PO_0420084,POL_0420177,ITEM-0523,Synthetic finance goods or services line 1,17,11.16,189.72,630100-FINANCE,Finance,CC-03-02,ERP-Procurement
PO_0420084,POL_0420178,ITEM-0358,Synthetic finance goods or services line 2,7,589.80,4128.60,630100-FINANCE,Finance,CC-03-02,ERP-Procurement
PO_0420084,POL_0420179,ITEM-0152,Synthetic finance goods or services line 3,12,1056.11,12673.32,630100-FINANCE,Finance,CC-03-02,ERP-Procurement
PO_0420085,POL_0420180,ITEM-0476,Synthetic operations goods or services line 1,16,45.29,724.64,620100-OPERATIONS,Operations,CC-02-03,ERP-Procurement
PO_0420085,POL_0420181,ITEM-0594,Synthetic operations goods or services line 2,19,80.36,1526.84,620100-OPERATIONS,Operations,CC-02-03,ERP-Procurement
PO_0420085,POL_0420182,ITEM-0579,Synthetic operations goods or services line 3,15,436.76,6551.40,620100-OPERATIONS,Operations,CC-02-03,ERP-Procurement
PO_0420086,POL_0420183,ITEM-0282,Synthetic it goods or services line 1,10,92.25,922.50,680100-IT,IT,CC-08-02,ERP-Procurement
PO_0420086,POL_0420184,ITEM-0058,Synthetic it goods or services line 2,19,105.77,2009.63,680100-IT,IT,CC-08-02,ERP-Procurement
PO_0420087,POL_0420185,ITEM-0630,Synthetic people goods or services line 1,3,263.09,789.27,660100-PEOPLE,People,CC-06-05,ERP-Procurement
PO_0420087,POL_0420186,ITEM-0520,Synthetic people goods or services line 2,20,16.84,336.80,660100-PEOPLE,People,CC-06-05,ERP-Procurement
PO_0420087,POL_0420187,ITEM-0474,Synthetic people goods or services line 3,13,33.42,434.46,660100-PEOPLE,People,CC-06-05,ERP-Procurement
PO_0420088,POL_0420188,ITEM-0064,Synthetic sales goods or services line 1,5,61.38,306.90,640100-SALES,Sales,CC-04-06,ERP-Procurement
PO_0420088,POL_0420189,ITEM-0106,Synthetic sales goods or services line 2,15,67.49,1012.35,640100-SALES,Sales,CC-04-06,ERP-Procurement
PO_0420089,POL_0420190,ITEM-0537,Synthetic engineering goods or services line 1,15,120.96,1814.40,610100-ENGINEERING,Engineering,CC-01-04,ERP-Procurement
PO_0420089,POL_0420191,ITEM-0625,Synthetic engineering goods or services line 2,17,180.15,3062.55,610100-ENGINEERING,Engineering,CC-01-04,ERP-Procurement
PO_0420090,POL_0420192,ITEM-0343,Synthetic people goods or services line 1,21,39.87,837.27,660100-PEOPLE,People,CC-06-11,ERP-Procurement
PO_0420091,POL_0420193,ITEM-0359,Synthetic finance goods or services line 1,5,521.29,2606.45,630100-FINANCE,Finance,CC-03-06,ERP-Procurement
PO_0420091,POL_0420194,ITEM-0402,Synthetic finance goods or services line 2,10,105.95,1059.50,630100-FINANCE,Finance,CC-03-06,ERP-Procurement
PO_0420092,POL_0420195,ITEM-0540,Synthetic people goods or services line 1,24,30.14,723.36,660100-PEOPLE,People,CC-06-03,ERP-Procurement
PO_0420092,POL_0420196,ITEM-0434,Synthetic people goods or services line 2,3,176.23,528.69,660100-PEOPLE,People,CC-06-03,ERP-Procurement
PO_0420092,POL_0420197,ITEM-0371,Synthetic people goods or services line 3,17,29.41,499.97,660100-PEOPLE,People,CC-06-03,ERP-Procurement
PO_0420093,POL_0420198,ITEM-0080,Synthetic it goods or services line 1,5,362.49,1812.45,680100-IT,IT,CC-08-04,ERP-Procurement
PO_0420093,POL_0420199,ITEM-0104,Synthetic it goods or services line 2,10,117.38,1173.80,680100-IT,IT,CC-08-04,ERP-Procurement
PO_0420093,POL_0420200,ITEM-0553,Synthetic it goods or services line 3,17,688.65,11707.05,680100-IT,IT,CC-08-04,ERP-Procurement
PO_0420093,POL_0420201,ITEM-0540,Synthetic it goods or services line 4,24,282.62,6782.88,680100-IT,IT,CC-08-04,ERP-Procurement
PO_0420094,POL_0420202,ITEM-0170,Synthetic finance goods or services line 1,20,13.46,269.20,630100-FINANCE,Finance,CC-03-03,ERP-Procurement
PO_0420094,POL_0420203,ITEM-0449,Synthetic finance goods or services line 2,24,7.77,186.48,630100-FINANCE,Finance,CC-03-03,ERP-Procurement
PO_0420094,POL_0420204,ITEM-0421,Synthetic finance goods or services line 3,2,1047.84,2095.68,630100-FINANCE,Finance,CC-03-03,ERP-Procurement
PO_0420095,POL_0420205,ITEM-0199,Synthetic it goods or services line 1,16,428.25,6852.00,680100-IT,IT,CC-08-04,ERP-Procurement
PO_0420096,POL_0420206,ITEM-0205,Synthetic legal goods or services line 1,6,827.79,4966.74,670100-LEGAL,Legal,CC-07-09,ERP-Procurement
PO_0420096,POL_0420207,ITEM-0142,Synthetic legal goods or services line 2,20,24.02,480.40,670100-LEGAL,Legal,CC-07-09,ERP-Procurement
PO_0420097,POL_0420208,ITEM-0292,Synthetic operations goods or services line 1,4,644.58,2578.32,620100-OPERATIONS,Operations,CC-02-12,ERP-Procurement
PO_0420097,POL_0420209,ITEM-0165,Synthetic operations goods or services line 2,3,166.20,498.60,620100-OPERATIONS,Operations,CC-02-12,ERP-Procurement
PO_0420098,POL_0420210,ITEM-0425,Synthetic sales goods or services line 1,1,792.36,792.36,640100-SALES,Sales,CC-04-08,ERP-Procurement
PO_0420098,POL_0420211,ITEM-0406,Synthetic sales goods or services line 2,2,857.38,1714.76,640100-SALES,Sales,CC-04-08,ERP-Procurement
PO_0420099,POL_0420212,ITEM-0150,Synthetic people goods or services line 1,11,33.45,367.95,660100-PEOPLE,People,CC-06-02,ERP-Procurement
PO_0420099,POL_0420213,ITEM-0040,Synthetic people goods or services line 2,5,89.70,448.50,660100-PEOPLE,People,CC-06-02,ERP-Procurement
PO_0420099,POL_0420214,ITEM-0484,Synthetic people goods or services line 3,10,38.38,383.80,660100-PEOPLE,People,CC-06-02,ERP-Procurement
PO_0420100,POL_0420215,ITEM-0562,Synthetic operations goods or services line 1,5,3000.50,15002.50,620100-OPERATIONS,Operations,CC-02-01,ERP-Procurement
PO_0420101,POL_0420216,ITEM-0638,Synthetic sales goods or services line 1,14,12.54,175.56,640100-SALES,Sales,CC-04-05,ERP-Procurement
PO_0420102,POL_0420217,ITEM-0630,Synthetic sales goods or services line 1,1,1564.71,1564.71,640100-SALES,Sales,CC-04-12,ERP-Procurement
PO_0420102,POL_0420218,ITEM-0247,Synthetic sales goods or services line 2,12,147.82,1773.84,640100-SALES,Sales,CC-04-12,ERP-Procurement
PO_0420103,POL_0420219,ITEM-0568,Synthetic operations goods or services line 1,17,14.88,252.96,620100-OPERATIONS,Operations,CC-02-09,ERP-Procurement
PO_0420103,POL_0420220,ITEM-0400,Synthetic operations goods or services line 2,1,2257.82,2257.82,620100-OPERATIONS,Operations,CC-02-09,ERP-Procurement
PO_0420104,POL_0420221,ITEM-0644,Synthetic engineering goods or services line 1,8,119.87,958.96,610100-ENGINEERING,Engineering,CC-01-06,ERP-Procurement
PO_0420105,POL_0420222,ITEM-0476,Synthetic people goods or services line 1,22,56.29,1238.38,660100-PEOPLE,People,CC-06-11,ERP-Procurement
PO_0420105,POL_0420223,ITEM-0491,Synthetic people goods or services line 2,23,15.40,354.20,660100-PEOPLE,People,CC-06-11,ERP-Procurement
PO_0420105,POL_0420224,ITEM-0187,Synthetic people goods or services line 3,21,22.32,468.72,660100-PEOPLE,People,CC-06-11,ERP-Procurement
PO_0420106,POL_0420225,ITEM-0528,Synthetic engineering goods or services line 1,10,337.85,3378.50,610100-ENGINEERING,Engineering,CC-01-04,ERP-Procurement
PO_0420107,POL_0420226,ITEM-0340,Synthetic sales goods or services line 1,2,1696.89,3393.78,640100-SALES,Sales,CC-04-05,ERP-Procurement
PO_0420107,POL_0420227,ITEM-0128,Synthetic sales goods or services line 2,9,177.54,1597.86,640100-SALES,Sales,CC-04-05,ERP-Procurement
PO_0420107,POL_0420228,ITEM-0448,Synthetic sales goods or services line 3,12,445.27,5343.24,640100-SALES,Sales,CC-04-05,ERP-Procurement
PO_0420108,POL_0420229,ITEM-0274,Synthetic it goods or services line 1,17,526.54,8951.18,680100-IT,IT,CC-08-12,ERP-Procurement
PO_0420108,POL_0420230,ITEM-0435,Synthetic it goods or services line 2,3,1374.29,4122.87,680100-IT,IT,CC-08-12,ERP-Procurement
PO_0420109,POL_0420231,ITEM-0457,Synthetic operations goods or services line 1,10,665.70,6657.00,620100-OPERATIONS,Operations,CC-02-02,ERP-Procurement
PO_0420109,POL_0420232,ITEM-0437,Synthetic operations goods or services line 2,20,84.56,1691.20,620100-OPERATIONS,Operations,CC-02-02,ERP-Procurement
PO_0420109,POL_0420233,ITEM-0455,Synthetic operations goods or services line 3,6,424.08,2544.48,620100-OPERATIONS,Operations,CC-02-02,ERP-Procurement
PO_0420110,POL_0420234,ITEM-0416,Synthetic marketing goods or services line 1,3,357.46,1072.38,650100-MARKETING,Marketing,CC-05-11,ERP-Procurement
PO_0420110,POL_0420235,ITEM-0526,Synthetic marketing goods or services line 2,12,40.07,480.84,650100-MARKETING,Marketing,CC-05-11,ERP-Procurement
PO_0420110,POL_0420236,ITEM-0164,Synthetic marketing goods or services line 3,24,117.77,2826.48,650100-MARKETING,Marketing,CC-05-11,ERP-Procurement
PO_0420110,POL_0420237,ITEM-0147,Synthetic marketing goods or services line 4,1,290.19,290.19,650100-MARKETING,Marketing,CC-05-11,ERP-Procurement
PO_0420111,POL_0420238,ITEM-0034,Synthetic sales goods or services line 1,19,155.58,2956.02,640100-SALES,Sales,CC-04-11,ERP-Procurement
PO_0420111,POL_0420239,ITEM-0158,Synthetic sales goods or services line 2,20,53.21,1064.20,640100-SALES,Sales,CC-04-11,ERP-Procurement
PO_0420112,POL_0420240,ITEM-0286,Synthetic finance goods or services line 1,21,146.60,3078.60,630100-FINANCE,Finance,CC-03-09,ERP-Procurement
PO_0420112,POL_0420241,ITEM-0117,Synthetic finance goods or services line 2,8,247.49,1979.92,630100-FINANCE,Finance,CC-03-09,ERP-Procurement
PO_0420113,POL_0420242,ITEM-0220,Synthetic operations goods or services line 1,15,229.76,3446.40,620100-OPERATIONS,Operations,CC-02-05,ERP-Procurement
PO_0420113,POL_0420243,ITEM-0293,Synthetic operations goods or services line 2,20,15.35,307.00,620100-OPERATIONS,Operations,CC-02-05,ERP-Procurement
PO_0420114,POL_0420244,ITEM-0090,Synthetic operations goods or services line 1,15,49.71,745.65,620100-OPERATIONS,Operations,CC-02-08,ERP-Procurement
PO_0420114,POL_0420245,ITEM-0328,Synthetic operations goods or services line 2,22,10.62,233.64,620100-OPERATIONS,Operations,CC-02-08,ERP-Procurement
PO_0420114,POL_0420246,ITEM-0356,Synthetic operations goods or services line 3,22,21.10,464.20,620100-OPERATIONS,Operations,CC-02-08,ERP-Procurement
PO_0420114,POL_0420247,ITEM-0067,Synthetic operations goods or services line 4,23,170.02,3910.46,620100-OPERATIONS,Operations,CC-02-08,ERP-Procurement
PO_0420115,POL_0420248,ITEM-0143,Synthetic finance goods or services line 1,7,123.44,864.08,630100-FINANCE,Finance,CC-03-06,ERP-Procurement
PO_0420116,POL_0420249,ITEM-0068,Synthetic it goods or services line 1,3,298.94,896.82,680100-IT,IT,CC-08-09,ERP-Procurement
PO_0420116,POL_0420250,ITEM-0408,Synthetic it goods or services line 2,10,269.11,2691.10,680100-IT,IT,CC-08-09,ERP-Procurement
PO_0420117,POL_0420251,ITEM-0461,Synthetic operations goods or services line 1,3,148.67,446.01,620100-OPERATIONS,Operations,CC-02-03,ERP-Procurement
PO_0420117,POL_0420252,ITEM-0530,Synthetic operations goods or services line 2,15,52.72,790.80,620100-OPERATIONS,Operations,CC-02-03,ERP-Procurement
PO_0420118,POL_0420253,ITEM-0128,Synthetic finance goods or services line 1,2,312.22,624.44,630100-FINANCE,Finance,CC-03-07,ERP-Procurement
PO_0420118,POL_0420254,ITEM-0157,Synthetic finance goods or services line 2,17,89.04,1513.68,630100-FINANCE,Finance,CC-03-07,ERP-Procurement
PO_0420118,POL_0420255,ITEM-0169,Synthetic finance goods or services line 3,10,85.27,852.70,630100-FINANCE,Finance,CC-03-07,ERP-Procurement
PO_0420118,POL_0420256,ITEM-0331,Synthetic finance goods or services line 4,6,6.76,40.56,630100-FINANCE,Finance,CC-03-07,ERP-Procurement
PO_0420119,POL_0420257,ITEM-0129,Synthetic marketing goods or services line 1,9,119.84,1078.56,650100-MARKETING,Marketing,CC-05-04,ERP-Procurement
PO_0420119,POL_0420258,ITEM-0311,Synthetic marketing goods or services line 2,21,73.54,1544.34,650100-MARKETING,Marketing,CC-05-04,ERP-Procurement
PO_0420119,POL_0420259,ITEM-0547,Synthetic marketing goods or services line 3,20,272.88,5457.60,650100-MARKETING,Marketing,CC-05-04,ERP-Procurement
PO_0420119,POL_0420260,ITEM-0515,Synthetic marketing goods or services line 4,3,38.20,114.60,650100-MARKETING,Marketing,CC-05-04,ERP-Procurement
PO_0420120,POL_0420261,ITEM-0084,Synthetic people goods or services line 1,1,268.80,268.80,660100-PEOPLE,People,CC-06-10,ERP-Procurement
PO_0420120,POL_0420262,ITEM-0591,Synthetic people goods or services line 2,2,464.94,929.88,660100-PEOPLE,People,CC-06-10,ERP-Procurement
PO_0420120,POL_0420263,ITEM-0216,Synthetic people goods or services line 3,9,10.56,95.04,660100-PEOPLE,People,CC-06-10,ERP-Procurement
PO_0420121,POL_0420264,ITEM-0416,Synthetic marketing goods or services line 1,8,1177.57,9420.56,650100-MARKETING,Marketing,CC-05-11,ERP-Procurement
PO_0420121,POL_0420265,ITEM-0465,Synthetic marketing goods or services line 2,10,294.44,2944.40,650100-MARKETING,Marketing,CC-05-11,ERP-Procurement
PO_0420122,POL_0420266,ITEM-0327,Synthetic sales goods or services line 1,23,62.07,1427.61,640100-SALES,Sales,CC-04-06,ERP-Procurement
PO_0420123,POL_0420267,ITEM-0461,Synthetic operations goods or services line 1,9,417.79,3760.11,620100-OPERATIONS,Operations,CC-02-06,ERP-Procurement
PO_0420123,POL_0420268,ITEM-0145,Synthetic operations goods or services line 2,8,614.13,4913.04,620100-OPERATIONS,Operations,CC-02-06,ERP-Procurement
PO_0420124,POL_0420269,ITEM-0195,Synthetic finance goods or services line 1,11,104.65,1151.15,630100-FINANCE,Finance,CC-03-06,ERP-Procurement
PO_0420124,POL_0420270,ITEM-0511,Synthetic finance goods or services line 2,6,199.24,1195.44,630100-FINANCE,Finance,CC-03-06,ERP-Procurement
PO_0420125,POL_0420271,ITEM-0598,Synthetic legal goods or services line 1,7,86.56,605.92,670100-LEGAL,Legal,CC-07-09,ERP-Procurement
PO_0420125,POL_0420272,ITEM-0050,Synthetic legal goods or services line 2,12,107.06,1284.72,670100-LEGAL,Legal,CC-07-09,ERP-Procurement
PO_0420125,POL_0420273,ITEM-0289,Synthetic legal goods or services line 3,2,639.01,1278.02,670100-LEGAL,Legal,CC-07-09,ERP-Procurement
PO_0420125,POL_0420274,ITEM-0612,Synthetic legal goods or services line 4,16,140.22,2243.52,670100-LEGAL,Legal,CC-07-09,ERP-Procurement
PO_0420126,POL_0420275,ITEM-0375,Synthetic operations goods or services line 1,24,95.24,2285.76,620100-OPERATIONS,Operations,CC-02-07,ERP-Procurement
PO_0420126,POL_0420276,ITEM-0375,Synthetic operations goods or services line 2,13,20.25,263.25,620100-OPERATIONS,Operations,CC-02-07,ERP-Procurement
PO_0420126,POL_0420277,ITEM-0411,Synthetic operations goods or services line 3,2,350.80,701.60,620100-OPERATIONS,Operations,CC-02-07,ERP-Procurement
PO_0420126,POL_0420278,ITEM-0584,Synthetic operations goods or services line 4,2,1895.04,3790.08,620100-OPERATIONS,Operations,CC-02-07,ERP-Procurement
PO_0420127,POL_0420279,ITEM-0626,Synthetic it goods or services line 1,20,39.70,794.00,680100-IT,IT,CC-08-09,ERP-Procurement
PO_0420127,POL_0420280,ITEM-0132,Synthetic it goods or services line 2,4,182.75,731.00,680100-IT,IT,CC-08-09,ERP-Procurement
PO_0420127,POL_0420281,ITEM-0404,Synthetic it goods or services line 3,4,535.89,2143.56,680100-IT,IT,CC-08-09,ERP-Procurement
PO_0420128,POL_0420282,ITEM-0047,Synthetic sales goods or services line 1,2,1577.47,3154.94,640100-SALES,Sales,CC-04-10,ERP-Procurement
PO_0420128,POL_0420283,ITEM-0141,Synthetic sales goods or services line 2,2,657.85,1315.70,640100-SALES,Sales,CC-04-10,ERP-Procurement
PO_0420129,POL_0420284,ITEM-0403,Synthetic finance goods or services line 1,6,605.49,3632.94,630100-FINANCE,Finance,CC-03-06,ERP-Procurement
PO_0420129,POL_0420285,ITEM-0307,Synthetic finance goods or services line 2,20,110.64,2212.80,630100-FINANCE,Finance,CC-03-06,ERP-Procurement
PO_0420130,POL_0420286,ITEM-0113,Synthetic marketing goods or services line 1,11,880.13,9681.43,650100-MARKETING,Marketing,CC-05-08,ERP-Procurement
PO_0420131,POL_0420287,ITEM-0537,Synthetic sales goods or services line 1,6,387.68,2326.08,640100-SALES,Sales,CC-04-12,ERP-Procurement
PO_0420131,POL_0420288,ITEM-0635,Synthetic sales goods or services line 2,21,713.11,14975.31,640100-SALES,Sales,CC-04-12,ERP-Procurement
PO_0420132,POL_0420289,ITEM-0156,Synthetic operations goods or services line 1,14,92.14,1289.96,620100-OPERATIONS,Operations,CC-02-04,ERP-Procurement
PO_0420132,POL_0420290,ITEM-0209,Synthetic operations goods or services line 2,14,13.94,195.16,620100-OPERATIONS,Operations,CC-02-04,ERP-Procurement
PO_0420133,POL_0420291,ITEM-0539,Synthetic sales goods or services line 1,16,218.95,3503.20,640100-SALES,Sales,CC-04-09,ERP-Procurement
PO_0420133,POL_0420292,ITEM-0322,Synthetic sales goods or services line 2,13,30.92,401.96,640100-SALES,Sales,CC-04-09,ERP-Procurement
PO_0420133,POL_0420293,ITEM-0471,Synthetic sales goods or services line 3,6,121.33,727.98,640100-SALES,Sales,CC-04-09,ERP-Procurement
PO_0420133,POL_0420294,ITEM-0351,Synthetic sales goods or services line 4,18,142.83,2570.94,640100-SALES,Sales,CC-04-09,ERP-Procurement
PO_0420134,POL_0420295,ITEM-0296,Synthetic sales goods or services line 1,10,24.17,241.70,640100-SALES,Sales,CC-04-05,ERP-Procurement
PO_0420134,POL_0420296,ITEM-0213,Synthetic sales goods or services line 2,23,15.19,349.37,640100-SALES,Sales,CC-04-05,ERP-Procurement
PO_0420135,POL_0420297,ITEM-0389,Synthetic marketing goods or services line 1,18,20.68,372.24,650100-MARKETING,Marketing,CC-05-05,ERP-Procurement
PO_0420135,POL_0420298,ITEM-0354,Synthetic marketing goods or services line 2,13,66.83,868.79,650100-MARKETING,Marketing,CC-05-05,ERP-Procurement
PO_0420136,POL_0420299,ITEM-0491,Synthetic operations goods or services line 1,9,282.07,2538.63,620100-OPERATIONS,Operations,CC-02-06,ERP-Procurement
PO_0420136,POL_0420300,ITEM-0207,Synthetic operations goods or services line 2,7,396.33,2774.31,620100-OPERATIONS,Operations,CC-02-06,ERP-Procurement
PO_0420137,POL_0420301,ITEM-0052,Synthetic operations goods or services line 1,8,45.37,362.96,620100-OPERATIONS,Operations,CC-02-10,ERP-Procurement
PO_0420137,POL_0420302,ITEM-0544,Synthetic operations goods or services line 2,22,6.43,141.46,620100-OPERATIONS,Operations,CC-02-10,ERP-Procurement
PO_0420138,POL_0420303,ITEM-0564,Synthetic it goods or services line 1,1,1056.20,1056.20,680100-IT,IT,CC-08-02,ERP-Procurement
PO_0420138,POL_0420304,ITEM-0417,Synthetic it goods or services line 2,6,467.97,2807.82,680100-IT,IT,CC-08-02,ERP-Procurement
PO_0420138,POL_0420305,ITEM-0488,Synthetic it goods or services line 3,21,172.49,3622.29,680100-IT,IT,CC-08-02,ERP-Procurement
PO_0420139,POL_0420306,ITEM-0039,Synthetic engineering goods or services line 1,18,296.19,5331.42,610100-ENGINEERING,Engineering,CC-01-02,ERP-Procurement
PO_0420139,POL_0420307,ITEM-0428,Synthetic engineering goods or services line 2,6,508.84,3053.04,610100-ENGINEERING,Engineering,CC-01-02,ERP-Procurement
PO_0420140,POL_0420308,ITEM-0039,Synthetic finance goods or services line 1,10,28.63,286.30,630100-FINANCE,Finance,CC-03-12,ERP-Procurement
PO_0420140,POL_0420309,ITEM-0306,Synthetic finance goods or services line 2,1,496.87,496.87,630100-FINANCE,Finance,CC-03-12,ERP-Procurement
PO_0420140,POL_0420310,ITEM-0618,Synthetic finance goods or services line 3,19,38.83,737.77,630100-FINANCE,Finance,CC-03-12,ERP-Procurement
PO_0420141,POL_0420311,ITEM-0198,Synthetic it goods or services line 1,9,683.75,6153.75,680100-IT,IT,CC-08-03,ERP-Procurement
PO_0420141,POL_0420312,ITEM-0339,Synthetic it goods or services line 2,4,429.90,1719.60,680100-IT,IT,CC-08-03,ERP-Procurement
PO_0420142,POL_0420313,ITEM-0180,Synthetic people goods or services line 1,7,123.46,864.22,660100-PEOPLE,People,CC-06-05,ERP-Procurement
PO_0420142,POL_0420314,ITEM-0416,Synthetic people goods or services line 2,20,18.91,378.20,660100-PEOPLE,People,CC-06-05,ERP-Procurement
PO_0420142,POL_0420315,ITEM-0528,Synthetic people goods or services line 3,14,31.57,441.98,660100-PEOPLE,People,CC-06-05,ERP-Procurement
PO_0420143,POL_0420316,ITEM-0393,Synthetic it goods or services line 1,9,1380.48,12424.32,680100-IT,IT,CC-08-06,ERP-Procurement
PO_0420144,POL_0420317,ITEM-0064,Synthetic engineering goods or services line 1,8,37.01,296.08,610100-ENGINEERING,Engineering,CC-01-05,ERP-Procurement
PO_0420144,POL_0420318,ITEM-0122,Synthetic engineering goods or services line 2,22,27.96,615.12,610100-ENGINEERING,Engineering,CC-01-05,ERP-Procurement
PO_0420145,POL_0420319,ITEM-0630,Synthetic operations goods or services line 1,12,5.75,69.00,620100-OPERATIONS,Operations,CC-02-11,ERP-Procurement
PO_0420145,POL_0420320,ITEM-0225,Synthetic operations goods or services line 2,8,49.06,392.48,620100-OPERATIONS,Operations,CC-02-11,ERP-Procurement
PO_0420145,POL_0420321,ITEM-0490,Synthetic operations goods or services line 3,5,351.45,1757.25,620100-OPERATIONS,Operations,CC-02-11,ERP-Procurement
PO_0420145,POL_0420322,ITEM-0466,Synthetic operations goods or services line 4,5,118.63,593.15,620100-OPERATIONS,Operations,CC-02-11,ERP-Procurement
PO_0420146,POL_0420323,ITEM-0254,Synthetic it goods or services line 1,7,304.77,2133.39,680100-IT,IT,CC-08-09,ERP-Procurement
PO_0420146,POL_0420324,ITEM-0611,Synthetic it goods or services line 2,22,247.26,5439.72,680100-IT,IT,CC-08-09,ERP-Procurement
PO_0420146,POL_0420325,ITEM-0539,Synthetic it goods or services line 3,3,2329.15,6987.45,680100-IT,IT,CC-08-09,ERP-Procurement
PO_0420147,POL_0420326,ITEM-0533,Synthetic sales goods or services line 1,11,219.81,2417.91,640100-SALES,Sales,CC-04-10,ERP-Procurement
PO_0420148,POL_0420327,ITEM-0468,Synthetic it goods or services line 1,14,1538.59,21540.26,680100-IT,IT,CC-08-01,ERP-Procurement
PO_0420149,POL_0420328,ITEM-0434,Synthetic engineering goods or services line 1,2,1321.88,2643.76,610100-ENGINEERING,Engineering,CC-01-12,ERP-Procurement
PO_0420149,POL_0420329,ITEM-0066,Synthetic engineering goods or services line 2,12,83.02,996.24,610100-ENGINEERING,Engineering,CC-01-12,ERP-Procurement
PO_0420150,POL_0420330,ITEM-0431,Synthetic legal goods or services line 1,21,60.37,1267.77,670100-LEGAL,Legal,CC-07-03,ERP-Procurement
PO_0420151,POL_0420331,ITEM-0551,Synthetic finance goods or services line 1,6,59.03,354.18,630100-FINANCE,Finance,CC-03-11,ERP-Procurement
PO_0420151,POL_0420332,ITEM-0542,Synthetic finance goods or services line 2,13,47.54,618.02,630100-FINANCE,Finance,CC-03-11,ERP-Procurement
PO_0420152,POL_0420333,ITEM-0389,Synthetic it goods or services line 1,18,335.85,6045.30,680100-IT,IT,CC-08-11,ERP-Procurement
PO_0420152,POL_0420334,ITEM-0254,Synthetic it goods or services line 2,8,1979.57,15836.56,680100-IT,IT,CC-08-11,ERP-Procurement
PO_0420153,POL_0420335,ITEM-0247,Synthetic legal goods or services line 1,1,2265.81,2265.81,670100-LEGAL,Legal,CC-07-10,ERP-Procurement
PO_0420153,POL_0420336,ITEM-0069,Synthetic legal goods or services line 2,7,71.86,503.02,670100-LEGAL,Legal,CC-07-10,ERP-Procurement
PO_0420153,POL_0420337,ITEM-0609,Synthetic legal goods or services line 3,4,617.30,2469.20,670100-LEGAL,Legal,CC-07-10,ERP-Procurement
PO_0420153,POL_0420338,ITEM-0458,Synthetic legal goods or services line 4,2,653.56,1307.12,670100-LEGAL,Legal,CC-07-10,ERP-Procurement
PO_0420154,POL_0420339,ITEM-0144,Synthetic legal goods or services line 1,2,219.37,438.74,670100-LEGAL,Legal,CC-07-08,ERP-Procurement
PO_0420154,POL_0420340,ITEM-0297,Synthetic legal goods or services line 2,17,467.72,7951.24,670100-LEGAL,Legal,CC-07-08,ERP-Procurement
PO_0420155,POL_0420341,ITEM-0534,Synthetic people goods or services line 1,22,12.04,264.88,660100-PEOPLE,People,CC-06-04,ERP-Procurement
PO_0420155,POL_0420342,ITEM-0424,Synthetic people goods or services line 2,8,35.68,285.44,660100-PEOPLE,People,CC-06-04,ERP-Procurement
PO_0420155,POL_0420343,ITEM-0282,Synthetic people goods or services line 3,10,16.26,162.60,660100-PEOPLE,People,CC-06-04,ERP-Procurement
PO_0420156,POL_0420344,ITEM-0391,Synthetic it goods or services line 1,21,62.29,1308.09,680100-IT,IT,CC-08-01,ERP-Procurement
PO_0420156,POL_0420345,ITEM-0327,Synthetic it goods or services line 2,17,239.69,4074.73,680100-IT,IT,CC-08-01,ERP-Procurement
PO_0420157,POL_0420346,ITEM-0148,Synthetic it goods or services line 1,23,185.34,4262.82,680100-IT,IT,CC-08-04,ERP-Procurement
PO_0420158,POL_0420347,ITEM-0081,Synthetic finance goods or services line 1,11,115.54,1270.94,630100-FINANCE,Finance,CC-03-07,ERP-Procurement
PO_0420158,POL_0420348,ITEM-0380,Synthetic finance goods or services line 2,15,87.74,1316.10,630100-FINANCE,Finance,CC-03-07,ERP-Procurement
PO_0420159,POL_0420349,ITEM-0573,Synthetic engineering goods or services line 1,19,336.98,6402.62,610100-ENGINEERING,Engineering,CC-01-02,ERP-Procurement
PO_0420159,POL_0420350,ITEM-0491,Synthetic engineering goods or services line 2,7,159.48,1116.36,610100-ENGINEERING,Engineering,CC-01-02,ERP-Procurement
PO_0420159,POL_0420351,ITEM-0341,Synthetic engineering goods or services line 3,7,48.48,339.36,610100-ENGINEERING,Engineering,CC-01-02,ERP-Procurement
PO_0420160,POL_0420352,ITEM-0619,Synthetic operations goods or services line 1,8,613.33,4906.64,620100-OPERATIONS,Operations,CC-02-12,ERP-Procurement
PO_0420160,POL_0420353,ITEM-0210,Synthetic operations goods or services line 2,23,49.12,1129.76,620100-OPERATIONS,Operations,CC-02-12,ERP-Procurement
