po_id,vendor_id,po_date,currency,subtotal,tax,shipping,po_total,department,cost_center,gl_account,status,expected_delivery_date,created_by,source_system
PO_0420001,VND_042039,2026-03-19,USD,3928.26,0.00,0.00,3928.26,Finance,CC-03-04,630100-FINANCE,issued,2026-04-16,EMP_04215,ERP-Procurement
PO_0420002,VND_042032,2025-03-23,USD,3069.78,306.98,0.00,3376.76,Sales,CC-04-05,640100-SALES,issued,2025-04-18,EMP_04209,ERP-Procurement
PO_0420003,VND_042010,2025-06-18,USD,3105.03,232.88,0.00,3337.91,Sales,CC-04-07,640100-SALES,issued,2025-07-29,EMP_04212,ERP-Procurement
PO_0420004,VND_042036,2025-04-02,USD,6018.23,451.37,0.00,6469.60,Operations,CC-02-05,620100-OPERATIONS,issued,2025-04-29,EMP_04215,ERP-Procurement
PO_0420005,VND_042025,2026-04-06,USD,4981.31,0.00,0.00,4981.31,Operations,CC-02-07,620100-OPERATIONS,issued,2026-05-17,EMP_04223,ERP-Procurement
PO_0420006,VND_042030,2025-08-09,USD,3522.20,264.17,0.00,3786.37,Sales,CC-04-06,640100-SALES,issued,2025-08-23,EMP_04211,ERP-Procurement
PO_0420007,VND_042023,2025-07-26,USD,5743.49,430.76,0.00,6174.25,Legal,CC-07-06,670100-LEGAL,issued,2025-09-07,EMP_04211,ERP-Procurement
PO_0420008,VND_042020,2025-05-27,EUR,2929.23,219.69,0.00,3148.92,Engineering,CC-01-05,610100-ENGINEERING,issued,2025-07-01,EMP_04223,ERP-Procurement
PO_0420009,VND_042010,2025-03-28,USD,10513.64,0.00,0.00,10513.64,IT,CC-08-12,680100-IT,issued,2025-04-19,EMP_04223,ERP-Procurement
PO_0420010,VND_042015,2025-01-13,USD,1047.52,104.75,39.06,1191.33,Sales,CC-04-03,640100-SALES,issued,2025-02-15,EMP_04222,ERP-Procurement
PO_0420011,VND_042023,2025-07-24,USD,1025.01,102.50,0.00,1127.51,Legal,CC-07-08,670100-LEGAL,issued,2025-08-06,EMP_04215,ERP-Procurement
PO_0420012,VND_042010,2025-10-13,USD,3658.40,0.00,0.00,3658.40,IT,CC-08-01,680100-IT,issued,2025-11-22,EMP_04219,ERP-Procurement
PO_0420013,VND_042023,2026-02-22,USD,8921.82,669.14,0.00,9590.96,IT,CC-08-10,680100-IT,issued,2026-03-18,EMP_04218,ERP-Procurement
PO_0420014,VND_042023,2025-08-14,USD,5980.60,299.03,13.62,6293.25,Sales,CC-04-05,640100-SALES,issued,2025-09-24,EMP_04204,ERP-Procurement
PO_0420015,VND_042008,2025-12-22,USD,1600.06,120.00,35.76,1755.82,Sales,CC-04-07,640100-SALES,issued,2026-01-27,EMP_04215,ERP-Procurement
PO_0420016,VND_042004,2026-04-09,USD,2768.49,276.85,8.63,3053.97,Legal,CC-07-07,670100-LEGAL,issued,2026-05-10,EMP_04215,ERP-Procurement
PO_0420017,VND_042023,2025-04-23,USD,3700.73,277.55,0.00,3978.28,Sales,CC-04-08,640100-SALES,issued,2025-05-10,EMP_04216,ERP-Procurement
PO_0420018,VND_042035,2025-10-31,GBP,6487.77,0.00,0.00,6487.77,Engineering,CC-01-07,610100-ENGINEERING,issued,2025-11-10,EMP_04210,ERP-Procurement
PO_0420019,VND_042019,2025-06-17,USD,4042.83,404.28,0.00,4447.11,Sales,CC-04-08,640100-SALES,issued,2025-07-28,EMP_04203,ERP-Procurement
PO_0420020,VND_042040,2025-11-29,USD,1084.02,108.40,0.00,1192.42,People,CC-06-04,660100-PEOPLE,issued,2025-12-18,EMP_04202,ERP-Procurement
PO_0420021,VND_042025,2025-08-31,USD,2424.52,181.84,0.00,2606.36,Sales,CC-04-03,640100-SALES,issued,2025-09-14,EMP_04207,ERP-Procurement
PO_0420022,VND_042037,2025-01-14,USD,2586.42,129.32,0.00,2715.74,Operations,CC-02-10,620100-OPERATIONS,issued,2025-02-09,EMP_04223,ERP-Procurement
PO_0420023,VND_042023,2026-02-05,USD,3242.34,243.18,26.44,3511.96,Operations,CC-02-10,620100-OPERATIONS,issued,2026-03-05,EMP_04202,ERP-Procurement
PO_0420024,VND_042034,2025-08-10,USD,6697.68,669.77,16.89,7384.34,IT,CC-08-02,680100-IT,issued,2025-09-20,EMP_04217,ERP-Procurement
PO_0420025,VND_042022,2026-03-13,EUR,680.16,68.02,5.66,753.84,Marketing,CC-05-06,650100-MARKETING,issued,2026-04-18,EMP_04220,ERP-Procurement
PO_0420026,VND_042025,2025-01-15,USD,1800.91,135.07,24.78,1960.76,Legal,CC-07-06,670100-LEGAL,issued,2025-02-08,EMP_04221,ERP-Procurement
PO_0420027,VND_042029,2025-01-06,USD,2117.43,158.81,0.00,2276.24,Marketing,CC-05-09,650100-MARKETING,issued,2025-02-12,EMP_04222,ERP-Procurement
PO_0420028,VND_042030,2025-02-17,USD,11961.23,897.09,0.00,12858.32,IT,CC-08-01,680100-IT,issued,2025-03-18,EMP_04215,ERP-Procurement
PO_0420029,VND_042040,2025-12-26,USD,1908.36,143.13,15.27,2066.76,People,CC-06-06,660100-PEOPLE,issued,2026-02-05,EMP_04224,ERP-Procurement
PO_0420030,VND_042010,2025-09-05,USD,1389.97,139.00,0.00,1528.97,Sales,CC-04-12,640100-SALES,issued,2025-09-30,EMP_04209,ERP-Procurement
PO_0420031,VND_042018,2025-12-29,USD,5159.10,257.96,0.00,5417.06,Marketing,CC-05-01,650100-MARKETING,issued,2026-02-05,EMP_04205,ERP-Procurement
PO_0420032,VND_042034,2025-09-03,USD,5723.01,0.00,11.19,5734.20,Marketing,CC-05-08,650100-MARKETING,issued,2025-10-11,EMP_04204,ERP-Procurement
PO_0420033,VND_042023,2025-03-18,USD,2994.06,224.55,0.00,3218.61,Engineering,CC-01-03,610100-ENGINEERING,issued,2025-04-08,EMP_04218,ERP-Procurement
PO_0420034,VND_042019,2026-03-17,USD,5979.92,0.00,0.00,5979.92,IT,CC-08-05,680100-IT,issued,2026-03-30,EMP_04208,ERP-Procurement
PO_0420035,VND_042025,2025-02-11,USD,21502.32,0.00,14.86,21517.18,Marketing,CC-05-11,650100-MARKETING,issued,2025-03-18,EMP_04224,ERP-Procurement
PO_0420036,VND_042023,2025-04-29,USD,3097.05,309.71,0.00,3406.76,Marketing,CC-05-01,650100-MARKETING,issued,2025-06-12,EMP_04223,ERP-Procurement
PO_0420037,VND_042032,2025-02-28,USD,7054.62,0.00,35.11,7089.73,Sales,CC-04-07,640100-SALES,issued,2025-03-26,EMP_04221,ERP-Procurement
PO_0420038,VND_042031,2025-03-05,USD,12205.48,915.41,0.00,13120.89,Marketing,CC-05-08,650100-MARKETING,issued,2025-04-19,EMP_04203,ERP-Procurement
PO_0420039,VND_042034,2025-05-09,USD,430.56,32.29,10.79,473.64,People,CC-06-10,660100-PEOPLE,issued,2025-06-02,EMP_04220,ERP-Procurement
PO_0420040,VND_042002,2025-09-23,USD,766.56,76.66,0.00,843.22,Finance,CC-03-08,630100-FINANCE,issued,2025-10-26,EMP_04212,ERP-Procurement
PO_0420041,VND_042016,2025-06-18,USD,4384.10,438.41,0.00,4822.51,Operations,CC-02-03,620100-OPERATIONS,issued,2025-07-24,EMP_04204,ERP-Procurement
PO_0420042,VND_042015,2026-05-12,USD,973.75,0.00,0.00,973.75,People,CC-06-02,660100-PEOPLE,issued,2026-06-19,EMP_04222,ERP-Procurement
PO_0420043,VND_042021,2025-05-17,USD,25317.90,0.00,0.00,25317.90,Engineering,CC-01-04,610100-ENGINEERING,issued,2025-07-01,EMP_04209,ERP-Procurement
PO_0420044,VND_042030,2025-01-08,USD,45726.47,4572.65,0.00,50299.12,Marketing,CC-05-09,650100-MARKETING,issued,2025-01-24,EMP_04217,ERP-Procurement
PO_0420045,VND_042036,2025-12-28,USD,920.88,69.07,0.00,989.95,Marketing,CC-05-09,650100-MARKETING,issued,2026-02-11,EMP_04218,ERP-Procurement
PO_0420046,VND_042031,2025-05-22,USD,1438.21,107.87,0.00,1546.08,Finance,CC-03-02,630100-FINANCE,issued,2025-07-05,EMP_04223,ERP-Procurement
PO_0420047,VND_042023,2025-10-03,USD,1249.67,93.73,42.23,1385.63,Finance,CC-03-08,630100-FINANCE,issued,2025-10-22,EMP_04224,ERP-Procurement
PO_0420048,VND_042011,2026-03-15,USD,4725.89,354.44,0.00,5080.33,Legal,CC-07-04,670100-LEGAL,issued,2026-03-31,EMP_04217,ERP-Procurement
PO_0420049,VND_042037,2026-05-10,USD,695.20,69.52,17.24,781.96,Finance,CC-03-09,630100-FINANCE,issued,2026-05-26,EMP_04215,ERP-Procurement
PO_0420050,VND_042034,2025-08-29,USD,6211.90,621.19,0.00,6833.09,Finance,CC-03-02,630100-FINANCE,issued,2025-10-09,EMP_04214,ERP-Procurement
PO_0420051,VND_042036,2025-01-19,USD,2288.52,228.85,0.00,2517.37,IT,CC-08-09,680100-IT,issued,2025-02-22,EMP_04205,ERP-Procurement
PO_0420052,VND_042031,2025-03-27,USD,10853.77,814.03,9.33,11677.13,Operations,CC-02-08,620100-OPERATIONS,issued,2025-05-06,EMP_04215,ERP-Procurement
PO_0420053,VND_042023,2025-03-31,USD,4341.35,325.60,0.00,4666.95,Finance,CC-03-03,630100-FINANCE,issued,2025-05-14,EMP_04206,ERP-Procurement
PO_0420054,VND_042010,2025-05-11,USD,6060.02,454.50,15.88,6530.40,Marketing,CC-05-08,650100-MARKETING,issued,2025-06-24,EMP_04211,ERP-Procurement
PO_0420055,VND_042026,2025-05-09,USD,4382.69,0.00,0.00,4382.69,Legal,CC-07-12,670100-LEGAL,issued,2025-06-07,EMP_04220,ERP-Procurement
PO_0420056,VND_042014,2026-05-16,USD,3325.12,332.51,0.00,3657.63,Marketing,CC-05-01,650100-MARKETING,issued,2026-06-10,EMP_04209,ERP-Procurement
PO_0420057,VND_042025,2025-11-22,USD,392.04,29.40,0.00,421.44,People,CC-06-04,660100-PEOPLE,issued,2025-12-01,EMP_04211,ERP-Procurement
PO_0420058,VND_042031,2025-07-06,USD,12209.07,0.00,0.00,12209.07,Engineering,CC-01-10,610100-ENGINEERING,issued,2025-08-05,EMP_04218,ERP-Procurement
PO_0420059,VND_042023,2025-05-12,USD,7432.40,743.24,12.96,8188.60,Marketing,CC-05-03,650100-MARKETING,issued,2025-06-13,EMP_04219,ERP-Procurement
PO_0420060,VND_042019,2025-05-16,USD,14290.95,1071.82,0.00,15362.77,Legal,CC-07-01,670100-LEGAL,issued,2025-06-15,EMP_04205,ERP-Procurement
PO_0420061,VND_042028,2025-11-14,USD,8764.37,876.44,67.43,9708.24,IT,CC-08-01,680100-IT,issued,2025-12-17,EMP_04205,ERP-Procurement
PO_0420062,VND_042008,2025-09-10,USD,29325.68,0.00,0.00,29325.68,Engineering,CC-01-05,610100-ENGINEERING,issued,2025-10-21,EMP_04215,ERP-Procurement
PO_0420063,VND_042023,2025-12-02,USD,1490.72,111.80,0.00,1602.52,Finance,CC-03-07,630100-FINANCE,issued,2025-12-11,EMP_04224,ERP-Procurement
PO_0420064,VND_042019,2026-05-02,USD,3477.48,347.75,0.00,3825.23,IT,CC-08-08,680100-IT,issued,2026-05-31,EMP_04203,ERP-Procurement
PO_0420065,VND_042020,2026-05-01,EUR,4630.37,463.04,30.12,5123.53,Sales,CC-04-02,640100-SALES,issued,2026-05-29,EMP_04209,ERP-Procurement
PO_0420066,VND_042040,2026-03-01,USD,2164.68,216.47,0.00,2381.15,Sales,CC-04-02,640100-SALES,issued,2026-03-25,EMP_04206,ERP-Procurement
PO_0420067,VND_042040,2025-02-26,USD,9211.65,690.87,30.13,9932.65,Marketing,CC-05-03,650100-MARKETING,issued,2025-03-08,EMP_04206,ERP-Procurement
PO_0420068,VND_042031,2025-02-02,USD,1706.07,127.96,9.17,1843.20,Operations,CC-02-12,620100-OPERATIONS,issued,2025-02-11,EMP_04223,ERP-Procurement
PO_0420069,VND_042023,2026-05-09,USD,1446.08,108.46,8.92,1563.46,IT,CC-08-11,680100-IT,issued,2026-06-13,EMP_04204,ERP-Procurement
PO_0420070,VND_042034,2025-03-17,USD,1056.15,79.21,0.00,1135.36,People,CC-06-10,660100-PEOPLE,issued,2025-04-13,EMP_04214,ERP-Procurement
PO_0420071,VND_042040,2025-09-16,USD,5729.14,429.69,18.45,6177.28,Marketing,CC-05-08,650100-MARKETING,issued,2025-10-21,EMP_04209,ERP-Procurement
PO_0420072,VND_042020,2025-08-01,EUR,7238.92,542.92,0.00,7781.84,IT,CC-08-07,680100-IT,issued,2025-08-13,EMP_04204,ERP-Procurement
PO_0420073,VND_042005,2026-01-14,CAD,9331.28,933.13,0.00,10264.41,Operations,CC-02-12,620100-OPERATIONS,issued,2026-01-28,EMP_04215,ERP-Procurement
PO_0420074,VND_042018,2025-01-27,USD,5118.41,383.88,20.73,5523.02,Legal,CC-07-12,670100-LEGAL,issued,2025-02-09,EMP_04213,ERP-Procurement
PO_0420075,VND_042034,2026-01-26,USD,1064.92,79.87,0.00,1144.79,People,CC-06-02,660100-PEOPLE,issued,2026-02-03,EMP_04221,ERP-Procurement
PO_0420076,VND_042036,2025-04-03,USD,30662.04,0.00,80.79,30742.83,Marketing,CC-05-01,650100-MARKETING,issued,2025-05-05,EMP_04204,ERP-Procurement
PO_0420077,VND_042009,2026-01-18,EUR,2754.61,0.00,5.58,2760.19,Engineering,CC-01-02,610100-ENGINEERING,issued,2026-02-14,EMP_04220,ERP-Procurement
PO_0420078,VND_042023,2025-03-22,USD,8764.73,657.35,0.00,9422.08,Engineering,CC-01-03,610100-ENGINEERING,issued,2025-04-15,EMP_04208,ERP-Procurement
PO_0420079,VND_042031,2025-08-09,USD,1488.30,111.62,0.00,1599.92,Operations,CC-02-06,620100-OPERATIONS,issued,2025-08-18,EMP_04209,ERP-Procurement
PO_0420080,VND_042020,2025-04-15,EUR,1459.39,109.45,15.80,1584.64,Engineering,CC-01-01,610100-ENGINEERING,issued,2025-05-19,EMP_04207,ERP-Procurement
PO_0420081,VND_042008,2025-10-14,USD,1126.26,84.47,16.69,1227.42,Sales,CC-04-09,640100-SALES,issued,2025-11-10,EMP_04220,ERP-Procurement
PO_0420082,VND_042021,2025-11-24,USD,1116.69,0.00,0.00,1116.69,Legal,CC-07-12,670100-LEGAL,issued,2025-12-30,EMP_04224,ERP-Procurement
PO_0420083,VND_042035,2026-03-09,GBP,29929.90,2244.74,6.43,32181.07,Operations,CC-02-07,620100-OPERATIONS,issued,2026-04-04,EMP_04212,ERP-Procurement
PO_0420084,VND_042010,2025-09-19,USD,16991.64,849.58,7.05,17848.27,Finance,CC-03-02,630100-FINANCE,issued,2025-10-08,EMP_04207,ERP-Procurement
PO_0420085,VND_042023,2026-05-03,USD,8802.88,660.22,0.00,9463.10,Operations,CC-02-03,620100-OPERATIONS,issued,2026-05-30,EMP_04222,ERP-Procurement
PO_0420086,VND_042016,2025-08-29,USD,2932.13,219.91,33.52,3185.56,IT,CC-08-02,680100-IT,issued,2025-10-04,EMP_04216,ERP-Procurement
PO_0420087,VND_042002,2025-02-09,USD,1560.53,117.04,0.00,1677.57,People,CC-06-05,660100-PEOPLE,issued,2025-02-18,EMP_04216,ERP-Procurement
PO_0420088,VND_042034,2025-11-06,USD,1319.25,131.93,0.00,1451.18,Sales,CC-04-06,640100-SALES,issued,2025-11-18,EMP_04218,ERP-Procurement
PO_0420089,VND_042027,2025-12-29,USD,4876.95,0.00,0.00,4876.95,Engineering,CC-01-04,610100-ENGINEERING,issued,2026-01-23,EMP_04214,ERP-Procurement
PO_0420090,VND_042020,2025-11-03,EUR,837.27,0.00,26.25,863.52,People,CC-06-11,660100-PEOPLE,issued,2025-12-04,EMP_04211,ERP-Procurement
PO_0420091,VND_042011,2025-02-11,USD,3665.95,0.00,0.00,3665.95,Finance,CC-03-06,630100-FINANCE,issued,2025-02-23,EMP_04211,ERP-Procurement
PO_0420092,VND_042023,2025-12-10,USD,1752.02,0.00,10.11,1762.13,People,CC-06-03,660100-PEOPLE,issued,2025-12-30,EMP_04212,ERP-Procurement
PO_0420093,VND_042036,2025-04-26,USD,21476.18,0.00,24.51,21500.69,IT,CC-08-04,680100-IT,issued,2025-05-11,EMP_04221,ERP-Procurement
PO_0420094,VND_042019,2026-03-02,USD,2551.36,191.35,0.00,2742.71,Finance,CC-03-03,630100-FINANCE,issued,2026-04-06,EMP_04221,ERP-Procurement
PO_0420095,VND_042013,2025-10-01,EUR,6852.00,513.90,0.00,7365.90,IT,CC-08-04,680100-IT,issued,2025-11-05,EMP_04216,ERP-Procurement
PO_0420096,VND_042031,2025-09-28,USD,5447.14,544.71,37.80,6029.65,Legal,CC-07-09,670100-LEGAL,issued,2025-11-04,EMP_04213,ERP-Procurement
PO_0420097,VND_042023,2026-03-10,USD,3076.92,153.85,0.00,3230.77,Operations,CC-02-12,620100-OPERATIONS,issued,2026-03-26,EMP_04215,ERP-Procurement
PO_0420098,VND_042005,2026-03-29,CAD,2507.12,188.03,18.77,2713.92,Sales,CC-04-08,640100-SALES,issued,2026-04-10,EMP_04213,ERP-Procurement
PO_0420099,VND_042010,2026-03-06,USD,1200.25,90.02,20.34,1310.61,People,CC-06-02,660100-PEOPLE,issued,2026-04-12,EMP_04216,ERP-Procurement
PO_0420100,VND_042025,2025-05-12,USD,15002.50,1500.25,0.00,16502.75,Operations,CC-02-01,620100-OPERATIONS,issued,2025-06-15,EMP_04205,ERP-Procurement
PO_0420101,VND_042031,2025-03-04,USD,175.56,13.17,14.89,203.62,Sales,CC-04-05,640100-SALES,issued,2025-04-11,EMP_04221,ERP-Procurement
PO_0420102,VND_042023,2025-03-15,USD,3338.55,250.39,13.37,3602.31,Sales,CC-04-12,640100-SALES,issued,2025-03-27,EMP_04218,ERP-Procurement
PO_0420103,VND_042039,2025-10-06,USD,2510.78,251.08,71.68,2833.54,Operations,CC-02-09,620100-OPERATIONS,issued,2025-11-06,EMP_04213,ERP-Procurement
PO_0420104,VND_042011,2026-02-08,USD,958.96,0.00,0.00,958.96,Engineering,CC-01-06,610100-ENGINEERING,issued,2026-03-08,EMP_04206,ERP-Procurement
PO_0420105,VND_042003,2025-03-31,USD,2061.30,206.13,7.75,2275.18,People,CC-06-11,660100-PEOPLE,issued,2025-05-06,EMP_04203,ERP-Procurement
PO_0420106,VND_042014,2026-03-30,USD,3378.50,253.39,0.00,3631.89,Engineering,CC-01-04,610100-ENGINEERING,issued,2026-05-06,EMP_04210,ERP-Procurement
PO_0420107,VND_042002,2025-07-02,USD,10334.88,1033.49,0.00,11368.37,Sales,CC-04-05,640100-SALES,issued,2025-08-02,EMP_04212,ERP-Procurement
PO_0420108,VND_042039,2025-09-12,USD,13074.05,0.00,0.00,13074.05,IT,CC-08-12,680100-IT,issued,2025-09-30,EMP_04219,ERP-Procurement
PO_0420109,VND_042014,2025-06-17,USD,10892.68,816.95,14.20,11723.83,Operations,CC-02-02,620100-OPERATIONS,issued,2025-07-16,EMP_04221,ERP-Procurement
PO_0420110,VND_042040,2026-02-10,USD,4669.89,466.99,0.00,5136.88,Marketing,CC-05-11,650100-MARKETING,issued,2026-03-17,EMP_04203,ERP-Procurement
PO_0420111,VND_042006,2025-07-07,USD,4020.22,301.52,0.00,4321.74,Sales,CC-04-11,640100-SALES,issued,2025-08-06,EMP_04216,ERP-Procurement
PO_0420112,VND_042031,2025-07-07,USD,5058.52,0.00,77.24,5135.76,Finance,CC-03-09,630100-FINANCE,issued,2025-08-16,EMP_04214,ERP-Procurement
PO_0420113,VND_042034,2026-02-01,USD,3753.40,281.51,0.00,4034.91,Operations,CC-02-05,620100-OPERATIONS,issued,2026-02-20,EMP_04205,ERP-Procurement
PO_0420114,VND_042008,2025-03-30,USD,5353.95,401.55,29.98,5785.48,Operations,CC-02-08,620100-OPERATIONS,issued,2025-04-25,EMP_04207,ERP-Procurement
PO_0420115,VND_042030,2025-09-18,USD,864.08,43.20,0.00,907.28,Finance,CC-03-06,630100-FINANCE,issued,2025-10-18,EMP_04219,ERP-Procurement
PO_0420116,VND_042023,2025-03-08,USD,3587.92,358.79,0.00,3946.71,IT,CC-08-09,680100-IT,issued,2025-04-17,EMP_04215,ERP-Procurement
PO_0420117,VND_042031,2026-05-13,USD,1236.81,92.76,0.00,1329.57,Operations,CC-02-03,620100-OPERATIONS,issued,2026-06-24,EMP_04222,ERP-Procurement
PO_0420118,VND_042023,2025-09-15,USD,3031.38,303.14,22.96,3357.48,Finance,CC-03-07,630100-FINANCE,issued,2025-10-25,EMP_04211,ERP-Procurement
PO_0420119,VND_042034,2025-11-22,USD,8195.10,614.63,0.00,8809.73,Marketing,CC-05-04,650100-MARKETING,issued,2026-01-05,EMP_04206,ERP-Procurement
PO_0420120,VND_042010,2025-01-22,USD,1293.72,129.37,0.00,1423.09,People,CC-06-10,660100-PEOPLE,issued,2025-01-30,EMP_04217,ERP-Procurement
PO_0420121,VND_042034,2026-05-05,USD,12364.96,0.00,35.43,12400.39,Marketing,CC-05-11,650100-MARKETING,issued,2026-06-09,EMP_04215,ERP-Procurement
PO_0420122,VND_042023,2025-11-07,USD,1427.61,107.07,0.00,1534.68,Sales,CC-04-06,640100-SALES,issued,2025-12-09,EMP_04206,ERP-Procurement
PO_0420123,VND_042031,2025-05-04,USD,8673.15,0.00,21.69,8694.84,Operations,CC-02-06,620100-OPERATIONS,issued,2025-06-04,EMP_04221,ERP-Procurement
PO_0420124,VND_042020,2026-04-24,EUR,2346.59,234.66,0.00,2581.25,Finance,CC-03-06,630100-FINANCE,issued,2026-05-20,EMP_04217,ERP-Procurement
PO_0420125,VND_042002,2025-08-23,USD,5412.18,541.22,0.00,5953.40,Legal,CC-07-09,670100-LEGAL,issued,2025-09-29,EMP_04211,ERP-Procurement
PO_0420126,VND_042023,2025-03-10,USD,7040.69,528.05,0.00,7568.74,Operations,CC-02-07,620100-OPERATIONS,issued,2025-04-04,EMP_04204,ERP-Procurement
PO_0420127,VND_042019,2025-05-24,USD,3668.56,275.14,0.00,3943.70,IT,CC-08-09,680100-IT,issued,2025-07-05,EMP_04213,ERP-Procurement
PO_0420128,VND_042031,2025-09-18,USD,4470.64,335.30,0.00,4805.94,Sales,CC-04-10,640100-SALES,issued,2025-10-28,EMP_04216,ERP-Procurement
PO_0420129,VND_042009,2026-04-22,EUR,5845.74,438.43,0.00,6284.17,Finance,CC-03-06,630100-FINANCE,issued,2026-05-31,EMP_04219,ERP-Procurement
PO_0420130,VND_042023,2026-02-22,USD,9681.43,968.14,0.00,10649.57,Marketing,CC-05-08,650100-MARKETING,issued,2026-03-02,EMP_04221,ERP-Procurement
PO_0420131,VND_042023,2025-01-27,USD,17301.39,1730.14,0.00,19031.53,Sales,CC-04-12,640100-SALES,issued,2025-02-18,EMP_04203,ERP-Procurement
PO_0420132,VND_042023,2025-01-10,USD,1485.12,111.38,0.00,1596.50,Operations,CC-02-04,620100-OPERATIONS,issued,2025-02-16,EMP_04203,ERP-Procurement
PO_0420133,VND_042029,2025-06-16,USD,7204.08,540.31,0.00,7744.39,Sales,CC-04-09,640100-SALES,issued,2025-07-09,EMP_04221,ERP-Procurement
PO_0420134,VND_042023,2025-10-13,USD,591.07,44.33,0.00,635.40,Sales,CC-04-05,640100-SALES,issued,2025-11-19,EMP_04213,ERP-Procurement
PO_0420135,VND_042023,2025-03-04,USD,1241.03,124.10,0.00,1365.13,Marketing,CC-05-05,650100-MARKETING,issued,2025-03-29,EMP_04203,ERP-Procurement
PO_0420136,VND_042013,2026-04-19,EUR,5312.94,531.29,22.45,5866.68,Operations,CC-02-06,620100-OPERATIONS,issued,2026-05-31,EMP_04224,ERP-Procurement
PO_0420137,VND_042012,2026-01-15,USD,504.42,25.22,18.80,548.44,Operations,CC-02-10,620100-OPERATIONS,issued,2026-01-28,EMP_04215,ERP-Procurement
PO_0420138,VND_042017,2025-12-15,USD,7486.31,561.47,20.10,8067.88,IT,CC-08-02,680100-IT,issued,2026-01-09,EMP_04212,ERP-Procurement
PO_0420139,VND_042013,2025-11-30,EUR,8384.46,838.45,27.51,9250.42,Engineering,CC-01-02,610100-ENGINEERING,issued,2025-12-09,EMP_04214,ERP-Procurement
PO_0420140,VND_042031,2026-05-08,USD,1520.94,0.00,0.00,1520.94,Finance,CC-03-12,630100-FINANCE,issued,2026-06-02,EMP_04216,ERP-Procurement
PO_0420141,VND_042040,2026-03-12,USD,7873.35,0.00,0.00,7873.35,IT,CC-08-03,680100-IT,issued,2026-04-04,EMP_04224,ERP-Procurement
PO_0420142,VND_042010,2025-10-18,USD,1684.40,126.33,0.00,1810.73,People,CC-06-05,660100-PEOPLE,issued,2025-10-31,EMP_04207,ERP-Procurement
PO_0420143,VND_042039,2026-04-25,USD,12424.32,621.22,0.00,13045.54,IT,CC-08-06,680100-IT,issued,2026-05-23,EMP_04211,ERP-Procurement
PO_0420144,VND_042023,2025-12-01,USD,911.20,68.34,5.50,985.04,Engineering,CC-01-05,610100-ENGINEERING,issued,2026-01-09,EMP_04224,ERP-Procurement
PO_0420145,VND_042031,2026-04-15,USD,2811.88,210.89,0.00,3022.77,Operations,CC-02-11,620100-OPERATIONS,issued,2026-05-18,EMP_04224,ERP-Procurement
PO_0420146,VND_042023,2026-02-15,USD,14560.56,1092.04,0.00,15652.60,IT,CC-08-09,680100-IT,issued,2026-02-26,EMP_04220,ERP-Procurement
PO_0420147,VND_042005,2025-10-02,CAD,2417.91,181.34,0.00,2599.25,Sales,CC-04-10,640100-SALES,issued,2025-11-15,EMP_04217,ERP-Procurement
PO_0420148,VND_042005,2025-08-21,CAD,21540.26,1615.52,0.00,23155.78,IT,CC-08-01,680100-IT,issued,2025-09-16,EMP_04202,ERP-Procurement
PO_0420149,VND_042020,2025-04-22,EUR,3640.00,273.00,11.19,3924.19,Engineering,CC-01-12,610100-ENGINEERING,issued,2025-05-03,EMP_04217,ERP-Procurement
PO_0420150,VND_042002,2026-01-29,USD,1267.77,95.08,0.00,1362.85,Legal,CC-07-03,670100-LEGAL,issued,2026-03-05,EMP_04214,ERP-Procurement
PO_0420151,VND_042019,2026-03-17,USD,972.20,0.00,0.00,972.20,Finance,CC-03-11,630100-FINANCE,issued,2026-03-24,EMP_04202,ERP-Procurement
PO_0420152,VND_042039,2026-01-04,USD,21881.86,1641.14,5.96,23528.96,IT,CC-08-11,680100-IT,issued,2026-01-23,EMP_04205,ERP-Procurement
PO_0420153,VND_042002,2026-01-28,USD,6545.15,490.89,0.00,7036.04,Legal,CC-07-10,670100-LEGAL,issued,2026-02-07,EMP_04209,ERP-Procurement
PO_0420154,VND_042031,2025-04-30,USD,8389.98,419.50,0.00,8809.48,Legal,CC-07-08,670100-LEGAL,issued,2025-06-12,EMP_04212,ERP-Procurement
PO_0420155,VND_042023,2025-06-04,USD,712.92,0.00,0.00,712.92,People,CC-06-04,660100-PEOPLE,issued,2025-06-22,EMP_04222,ERP-Procurement
PO_0420156,VND_042029,2026-05-13,USD,5382.82,403.71,0.00,5786.53,IT,CC-08-01,680100-IT,issued,2026-06-08,EMP_04214,ERP-Procurement
PO_0420157,VND_042010,2026-03-11,USD,4262.82,426.28,0.00,4689.10,IT,CC-08-04,680100-IT,issued,2026-04-22,EMP_04215,ERP-Procurement
PO_0420158,VND_042037,2025-05-05,USD,2587.04,0.00,0.00,2587.04,Finance,CC-03-07,630100-FINANCE,issued,2025-05-24,EMP_04203,ERP-Procurement
PO_0420159,VND_042012,2025-04-07,USD,7858.34,589.38,0.00,8447.72,Engineering,CC-01-02,610100-ENGINEERING,issued,2025-04-27,EMP_04208,ERP-Procurement
PO_0420160,VND_042037,2026-01-22,USD,6036.40,452.73,43.91,6533.04,Operations,CC-02-12,620100-OPERATIONS,issued,2026-02-18,EMP_04211,ERP-Procurement
