feature,importance_mean,importance_std
numeric__payment_ap_debit_abs_diff,0.11087840502431807,0.007709472550914045
numeric__payment_allocated_abs_diff,0.08606245541239596,0.0029220219445198537
numeric__invoice_paid_rel_diff,0.08563527263899519,0.007773258443360179
numeric__duplicate_exact_reference_count,0.07502838262288733,0.004548742846463426
numeric__invoice_po_line_quantity_abs_diff,0.07449176809100912,0.0050277870532160224
categorical__primary_entity_type_GL_JOURNAL,0.07369648737083989,0.002889230147699904
numeric__vendor_name_token_count,0.06685940179157329,0.006113648338465534
numeric__bank_reference_match_count,0.06431805329828559,0.00861617015631633
numeric__invoice_po_total_rel_diff,0.04875335928295149,0.003233078738603443
numeric__bank_fee_adjusted_abs_diff,0.0473394514491692,0.005512025984660373
numeric__bank_economic_candidate_count,0.0470768147654559,0.007265851736027449
numeric__invoice_paid_abs_diff,0.04501088141780939,0.005079474075372743
numeric__invoice_po_vendor_match,0.03837432218921838,0.006828123199193875
numeric__payment_bank_abs_diff,0.033654247758372856,0.004974041094157062
categorical__settlement_status_FAILED,0.026571695431019206,0.0018403298468473142
categorical__primary_entity_type_PAYMENT,0.02368547334445841,0.006441541449633919
categorical__primary_entity_type_INVOICE,0.020581811721072575,0.006334108335077671
numeric__approval_event_count,0.02039323596833679,0.0036446753992137775
numeric__days_payment_to_bank,0.010672470915283372,0.002537803466437604
numeric__approval_effective_count,0.010654800567555722,0.002266270191796859
categorical__payment_status_COMPLETED,0.00864879062138162,0.0020423868966054403
numeric__linked_payment_count,0.008007851762489393,0.0008649185030329088
categorical__bank_status_POSTED,0.007530934013819379,0.0035589855623953002
numeric__payment_amount,0.006695871438782508,0.002313142205480538
numeric__minutes_final_approval_to_payment,0.006606323148025362,0.0015233859023329854
numeric__linked_invoice_total_sum,0.004978563570981631,0.0027771233334766407
numeric__payment_bank_rel_diff,0.00473153149425527,0.0006457423494726555
categorical__invoice_status_PAID,0.003985579154075958,0.003359353294695685
categorical__invoice_status_APPROVED,0.003823428679865559,0.0011418146111866357
numeric__invoice_line_amount_sum,0.0031109691987017407,0.0026445101310116482
numeric__duplicate_same_vendor_count,0.002977921342925627,0.002589136384461106
numeric__payment_bank_currency_match,0.002951210226910117,0.0014110311920686898
numeric__po_line_count,0.0028940144205435113,0.0008139503942092847
numeric__approval_max_level,0.002457278584316047,0.0011294231206789135
categorical__bank_transaction_type_WIRE_DEBIT,0.0021995175540572287,0.0007331725180190762
numeric__gl_ap_debit,0.002048157405254614,0.0014847404049533575
categorical__settlement_status_SETTLED,0.001973765668739469,0.0014115663973876995
numeric__invoice_shipping,0.001963782647446355,0.0014837831469635698
categorical__bank_currency_GBP,0.0017943431726701541,0.0005927216093606022
numeric__duplicate_min_date_gap_days,0.0017548738023717924,0.0016688674426075661
numeric__invoice_line_quantity_sum,0.001696185130169714,0.0013114951398013643
numeric__allocated_amount_sum,0.001635055800976537,0.0014210791673661745
categorical__vendor_country_US,0.001477409236205074,0.0020766950860125963
numeric__po_line_amount_sum,0.0014361957905214772,0.001785528477206664
numeric__invoice_received_delay_days,0.0013982669750533417,0.0010395623958189422
numeric__vendor_name_length,0.0013882403407176724,0.0006941201703588362
numeric__payment_bank_token_match,0.0006837893750732072,0.0008374675302329702
numeric__invoice_line_count,0.0006084473437683146,0.0012382233068614764
categorical__payment_currency_USD,0.0005271311477611729,0.0008052061285948422
categorical__invoice_department_PEOPLE,0.0005128420313049054,0.0007833791426698805
categorical__po_department_ENGINEERING,0.0005061103738111195,0.001012220747622239
numeric__days_po_to_invoice,0.00035813264086776987,0.0010193358781499407
numeric__duplicate_best_reference_similarity,0.00025305518690555974,0.000759165560716679
categorical__vendor_default_payment_method_VIRTUAL_CARD,0.0001709473437683018,0.0005128420313049054
numeric__invoice_line_unit_price_mean,0.0001709473437683018,0.0005128420313049054
numeric__invoice_tax,8.193335243833477e-05,0.0009243809278608328
numeric__bank_amount,8.671538853721738e-06,0.0018553766428067112
categorical__bank_currency_CAD,0.0,0.0
categorical__bank_currency_EUR,0.0,0.0
categorical__bank_currency_JPY,0.0,0.0
categorical__bank_currency_USD,0.0,0.0
categorical__bank_currency___MISSING__,0.0,0.0
categorical__bank_direction_DEBIT,0.0,0.0
categorical__bank_direction___MISSING__,0.0,0.0
categorical__bank_status_RETURNED,0.0,0.0
categorical__bank_status___MISSING__,0.0,0.0
categorical__bank_transaction_type_BANK_FEE,0.0,0.0
categorical__bank_transaction_type_CARD_SETTLEMENT,0.0,0.0
categorical__bank_transaction_type___MISSING__,0.0,0.0
categorical__final_approval_action_APPROVED,0.0,0.0
categorical__final_approval_action_AUTO_APPROVED,0.0,0.0
categorical__final_approval_action___MISSING__,0.0,0.0
categorical__final_approval_role_AUTO,0.0,0.0
categorical__final_approval_role_CONTROLLER,0.0,0.0
categorical__final_approval_role_MANAGER,0.0,0.0
categorical__gl_primary_transaction_type_PAYMENT,0.0,0.0
categorical__gl_primary_transaction_type___MISSING__,0.0,0.0
categorical__invoice_currency_CAD,0.0,0.0
categorical__invoice_currency_EUR,0.0,0.0
categorical__invoice_currency_GBP,0.0,0.0
categorical__invoice_currency_JPY,0.0,0.0
categorical__invoice_currency_USD,0.0,0.0
categorical__invoice_currency___MISSING__,0.0,0.0
categorical__invoice_department_ENGINEERING,0.0,0.0
categorical__invoice_department_FINANCE,0.0,0.0
categorical__invoice_department_IT,0.0,0.0
categorical__invoice_department_LEGAL,0.0,0.0
categorical__invoice_department_MARKETING,0.0,0.0
categorical__invoice_department_SALES,0.0,0.0
categorical__invoice_department___MISSING__,0.0,0.0
categorical__invoice_gl_account_610100-ENGINEERING,0.0,0.0
categorical__invoice_gl_account_620100-OPERATIONS,0.0,0.0
categorical__invoice_gl_account_630100-FINANCE,0.0,0.0
categorical__invoice_gl_account_640100-SALES,0.0,0.0
categorical__invoice_gl_account_650100-MARKETING,0.0,0.0
categorical__invoice_gl_account_660100-PEOPLE,0.0,0.0
categorical__invoice_gl_account_670100-LEGAL,0.0,0.0
categorical__invoice_gl_account_680100-IT,0.0,0.0
categorical__invoice_gl_account___MISSING__,0.0,0.0
categorical__invoice_payment_terms_DUE_ON_RECEIPT,0.0,0.0
categorical__invoice_payment_terms_NET15,0.0,0.0
categorical__invoice_payment_terms_NET30,0.0,0.0
categorical__invoice_payment_terms_NET45,0.0,0.0
categorical__invoice_payment_terms_NET60,0.0,0.0
categorical__invoice_payment_terms___MISSING__,0.0,0.0
categorical__invoice_status_CREDIT_APPLIED,0.0,0.0
categorical__invoice_status_RECEIVED,0.0,0.0
categorical__invoice_status___MISSING__,0.0,0.0
categorical__payment_currency_CAD,0.0,0.0
categorical__payment_currency_EUR,0.0,0.0
categorical__payment_currency_GBP,0.0,0.0
categorical__payment_currency_JPY,0.0,0.0
categorical__payment_currency___MISSING__,0.0,0.0
categorical__payment_method_ACH,0.0,0.0
categorical__payment_method_CHECK,0.0,0.0
categorical__payment_method_VIRTUAL_CARD,0.0,0.0
categorical__payment_method_WIRE,0.0,0.0
categorical__payment_method___MISSING__,0.0,0.0
categorical__payment_status_REVERSED,0.0,0.0
categorical__payment_status_SUBMITTED,0.0,0.0
categorical__payment_status___MISSING__,0.0,0.0
categorical__po_currency_CAD,0.0,0.0
categorical__po_currency_EUR,0.0,0.0
categorical__po_currency_GBP,0.0,0.0
categorical__po_currency_JPY,0.0,0.0
categorical__po_currency_USD,0.0,0.0
categorical__po_currency___MISSING__,0.0,0.0
categorical__po_department_FINANCE,0.0,0.0
categorical__po_department_IT,0.0,0.0
categorical__po_department_LEGAL,0.0,0.0
categorical__po_department_MARKETING,0.0,0.0
categorical__po_department_OPERATIONS,0.0,0.0
categorical__po_department_PEOPLE,0.0,0.0
categorical__po_department_SALES,0.0,0.0
categorical__po_department___MISSING__,0.0,0.0
categorical__po_gl_account_610100-ENGINEERING,0.0,0.0
categorical__po_gl_account_620100-OPERATIONS,0.0,0.0
categorical__po_gl_account_630100-FINANCE,0.0,0.0
categorical__po_gl_account_640100-SALES,0.0,0.0
categorical__po_gl_account_650100-MARKETING,0.0,0.0
categorical__po_gl_account_660100-PEOPLE,0.0,0.0
categorical__po_gl_account_670100-LEGAL,0.0,0.0
categorical__po_gl_account_680100-IT,0.0,0.0
categorical__po_gl_account___MISSING__,0.0,0.0
categorical__po_status_ISSUED,0.0,0.0
categorical__po_status___MISSING__,0.0,0.0
categorical__primary_entity_type_BANK_TRANSACTION,0.0,0.0
categorical__settlement_status_PENDING,0.0,0.0
categorical__settlement_status_REVERSED,0.0,0.0
categorical__settlement_status___MISSING__,0.0,0.0
categorical__vendor_country_CA,0.0,0.0
categorical__vendor_country_DE,0.0,0.0
categorical__vendor_country_GB,0.0,0.0
categorical__vendor_country_JP,0.0,0.0
categorical__vendor_country___MISSING__,0.0,0.0
categorical__vendor_currency_CAD,0.0,0.0
categorical__vendor_currency_EUR,0.0,0.0
categorical__vendor_currency_GBP,0.0,0.0
categorical__vendor_currency_JPY,0.0,0.0
categorical__vendor_currency_USD,0.0,0.0
categorical__vendor_currency___MISSING__,0.0,0.0
categorical__vendor_default_payment_method_ACH,0.0,0.0
categorical__vendor_default_payment_method_CHECK,0.0,0.0
categorical__vendor_default_payment_method_WIRE,0.0,0.0
categorical__vendor_default_payment_method___MISSING__,0.0,0.0
categorical__vendor_payment_terms_DUE_ON_RECEIPT,0.0,0.0
categorical__vendor_payment_terms_NET15,0.0,0.0
categorical__vendor_payment_terms_NET30,0.0,0.0
categorical__vendor_payment_terms_NET45,0.0,0.0
categorical__vendor_payment_terms_NET60,0.0,0.0
categorical__vendor_payment_terms___MISSING__,0.0,0.0
categorical__vendor_status_ACTIVE,0.0,0.0
categorical__vendor_status_ON_HOLD,0.0,0.0
categorical__vendor_status___MISSING__,0.0,0.0
categorical__vendor_type_LOGISTICS,0.0,0.0
categorical__vendor_type_PROFESSIONAL,0.0,0.0
categorical__vendor_type_SERVICES,0.0,0.0
categorical__vendor_type_SOFTWARE,0.0,0.0
categorical__vendor_type_SUPPLIER,0.0,0.0
categorical__vendor_type___MISSING__,0.0,0.0
numeric__all_invoice_lines_po_linked,0.0,0.0
numeric__allocation_count,0.0,0.0
numeric__allocations_all_invoices_found,0.0,0.0
numeric__any_invoice_line_missing_po_target,0.0,0.0
numeric__approval_distinct_role_count,0.0,0.0
numeric__approval_missing_employee_actor_count,0.0,0.0
numeric__bank_age_calendar_days,0.0,0.0
numeric__bank_reference_match_found,0.0,0.0
numeric__bank_reference_match_unique,0.0,0.0
numeric__days_invoice_to_payment,0.0,0.0
numeric__duplicate_min_amount_gap,0.0,0.0
numeric__final_approver_active,0.0,0.0
numeric__final_approver_employee_found,0.0,0.0
numeric__final_approver_role_match,0.0,0.0
numeric__fx_event_count,0.0,0.0
numeric__fx_journal_count,0.0,0.0
numeric__gl_balance_abs_diff,0.0,0.0
numeric__gl_cash_credit,0.0,0.0
numeric__gl_currency_all_match,0.0,0.0
numeric__gl_journal_count,0.0,0.0
numeric__gl_line_count,0.0,0.0
numeric__gl_period_all_match_payment_month,0.0,0.0
numeric__gl_source_found,0.0,0.0
numeric__gl_total_credit,0.0,0.0
numeric__gl_total_debit,0.0,0.0
numeric__invoice_due_lag_days,0.0,0.0
numeric__invoice_has_po,0.0,0.0
numeric__invoice_po_currency_match,0.0,0.0
numeric__invoice_po_line_amount_abs_diff,0.0,0.0
numeric__invoice_po_quantities_all_equal,0.0,0.0
numeric__invoice_po_shipping_abs_diff,0.0,0.0
numeric__invoice_po_tax_abs_diff,0.0,0.0
numeric__invoice_reference_present,0.0,0.0
numeric__invoice_subtotal,0.0,0.0
numeric__invoice_total,0.0,0.0
numeric__linked_invoice_count,0.0,0.0
numeric__missing_allocations,0.0,0.0
numeric__missing_amount,0.0,0.0
numeric__missing_approval,0.0,0.0
numeric__missing_bank_transaction,0.0,0.0
numeric__missing_currency,0.0,0.0
numeric__missing_employee,0.0,0.0
numeric__missing_gl,0.0,0.0
numeric__missing_invoice,0.0,0.0
numeric__missing_invoice_lines,0.0,0.0
numeric__missing_payment,0.0,0.0
numeric__missing_po,0.0,0.0
numeric__missing_po_lines,0.0,0.0
numeric__missing_reference,0.0,0.0
numeric__missing_vendor,0.0,0.0
numeric__missing_vendor_change_history,0.0,0.0
numeric__payment_allocated_rel_diff,0.0,0.0
numeric__payment_cash_credit_abs_diff,0.0,0.0
numeric__payment_has_allocations,0.0,0.0
numeric__payment_invoice_currency_all_match,0.0,0.0
numeric__payment_invoice_vendor_all_match,0.0,0.0
numeric__payment_reference_present,0.0,0.0
numeric__payment_reference_unique,0.0,0.0
numeric__payment_reference_use_count,0.0,0.0
numeric__po_found,0.0,0.0
numeric__po_line_quantity_sum,0.0,0.0
numeric__po_shipping,0.0,0.0
numeric__po_subtotal,0.0,0.0
numeric__po_total,0.0,0.0
numeric__scope_distinct_invoice_vendor_count,0.0,0.0
numeric__scope_distinct_payment_vendor_count,0.0,0.0
numeric__scope_invoice_count,0.0,0.0
numeric__scope_payment_count,0.0,0.0
numeric__vendor_bank_history_present,0.0,0.0
numeric__vendor_change_before_payment_count,0.0,0.0
numeric__vendor_change_count,0.0,0.0
numeric__vendor_current_token_match,0.0,0.0
numeric__bank_fee_debit_total,-1.6370673863119745e-05,0.001123600192586368
categorical__invoice_status_CANCELED,-8.052413446302253e-05,0.001057654664012156
categorical__bank_transaction_type_CHECK_CLEARING,-0.00011498294970160305,0.0011089613816806232
categorical__final_approval_role_DIRECTOR,-0.0003036913172700828,0.0011288034965292318
numeric__payment_age_calendar_days,-0.00034197315098866143,0.0010259194529659845
numeric__scope_bank_count,-0.00035937378904129515,0.0007187475780825903
categorical__final_approval_role___MISSING__,-0.0006451143395639347,0.0008108054608580135
categorical__bank_transaction_type_ACH_DEBIT,-0.0007187475780825903,0.0008802824100817781
numeric__invoice_age_calendar_days,-0.0007310535527929706,0.001175344451637017
numeric__po_age_calendar_days,-0.0008344369735955537,0.0018751448466763217
categorical__invoice_department_OPERATIONS,-0.0019205790203909111,0.0018252422645507395
numeric__invoice_po_total_abs_diff,-0.0019830590589331233,0.001065140579691175
numeric__po_tax,-0.0022817565186751044,0.001339018981524065
