case_id,actual,rules_prediction,rules_status,ml_prediction,ml_probability,tier,hop_count,failure_type,exact_partition,binary_partition,ml_error_category,ml_secondary_causes,rules_error_category
RCA_000001,F01_DUPLICATE_INVOICE,F01_DUPLICATE_INVOICE,ANOMALY,F01_DUPLICATE_INVOICE,0.9994135483786566,1,0,F01_DUPLICATE_INVOICE,both_correct,both_correct,,,
RCA_000006,F01_DUPLICATE_INVOICE,F01_DUPLICATE_INVOICE,ANOMALY,F01_DUPLICATE_INVOICE,0.9994863692489889,1,0,F01_DUPLICATE_INVOICE,both_correct,both_correct,,,
RCA_000007,F01_DUPLICATE_INVOICE,F01_DUPLICATE_INVOICE,ANOMALY,F01_DUPLICATE_INVOICE,0.9992181552520498,1,0,F01_DUPLICATE_INVOICE,both_correct,both_correct,,,
RCA_000012,F01_DUPLICATE_INVOICE,F01_DUPLICATE_INVOICE,ANOMALY,F01_DUPLICATE_INVOICE,0.9993016032001046,1,0,F01_DUPLICATE_INVOICE,both_correct,both_correct,,,
RCA_000013,F01_DUPLICATE_INVOICE,F01_DUPLICATE_INVOICE,ANOMALY,F01_DUPLICATE_INVOICE,0.9996570548084688,1,0,F01_DUPLICATE_INVOICE,both_correct,both_correct,,,
RCA_000018,F01_DUPLICATE_INVOICE,F01_DUPLICATE_INVOICE,ANOMALY,F01_DUPLICATE_INVOICE,0.9994095774370004,1,0,F01_DUPLICATE_INVOICE,both_correct,both_correct,,,
RCA_000024,F01_DUPLICATE_INVOICE,F01_DUPLICATE_INVOICE,ANOMALY,F01_DUPLICATE_INVOICE,0.9992409614592769,1,0,F01_DUPLICATE_INVOICE,both_correct,both_correct,,,
RCA_000036,F01_DUPLICATE_INVOICE,F01_DUPLICATE_INVOICE,ANOMALY,F01_DUPLICATE_INVOICE,0.9996092720586708,1,0,F01_DUPLICATE_INVOICE,both_correct,both_correct,,,
RCA_000042,F01_DUPLICATE_INVOICE,F01_DUPLICATE_INVOICE,ANOMALY,F01_DUPLICATE_INVOICE,0.9993187523797898,1,0,F01_DUPLICATE_INVOICE,both_correct,both_correct,,,
RCA_000048,F01_DUPLICATE_INVOICE,F01_DUPLICATE_INVOICE,ANOMALY,F01_DUPLICATE_INVOICE,0.9991397082552589,1,0,F01_DUPLICATE_INVOICE,both_correct,both_correct,,,
RCA_000058,F01_DUPLICATE_INVOICE,F01_DUPLICATE_INVOICE,ANOMALY,F01_DUPLICATE_INVOICE,0.9985929485245957,1,0,F01_DUPLICATE_INVOICE,both_correct,both_correct,,,
RCA_000062,F01_DUPLICATE_INVOICE,F01_DUPLICATE_INVOICE,ANOMALY,F01_DUPLICATE_INVOICE,0.9992197107143412,1,0,F01_DUPLICATE_INVOICE,both_correct,both_correct,,,
RCA_000063,F01_DUPLICATE_INVOICE,F01_DUPLICATE_INVOICE,ANOMALY,F01_DUPLICATE_INVOICE,0.9990259107201148,1,0,F01_DUPLICATE_INVOICE,both_correct,both_correct,,,
RCA_000067,F01_DUPLICATE_INVOICE,F01_DUPLICATE_INVOICE,ANOMALY,F01_DUPLICATE_INVOICE,0.9993818564605248,1,0,F01_DUPLICATE_INVOICE,both_correct,both_correct,,,
RCA_000069,F01_DUPLICATE_INVOICE,F01_DUPLICATE_INVOICE,ANOMALY,F01_DUPLICATE_INVOICE,0.9995704346070756,1,0,F01_DUPLICATE_INVOICE,both_correct,both_correct,,,
RCA_000070,F01_DUPLICATE_INVOICE,F01_DUPLICATE_INVOICE,ANOMALY,F01_DUPLICATE_INVOICE,0.9991073031779468,1,0,F01_DUPLICATE_INVOICE,both_correct,both_correct,,,
RCA_000074,F01_DUPLICATE_INVOICE,F01_DUPLICATE_INVOICE,ANOMALY,F01_DUPLICATE_INVOICE,0.9993814135603348,1,0,F01_DUPLICATE_INVOICE,both_correct,both_correct,,,
RCA_000075,F01_DUPLICATE_INVOICE,F01_DUPLICATE_INVOICE,ANOMALY,F01_DUPLICATE_INVOICE,0.9994047913870376,1,0,F01_DUPLICATE_INVOICE,both_correct,both_correct,,,
RCA_000080,F01_DUPLICATE_INVOICE,F01_DUPLICATE_INVOICE,ANOMALY,F01_DUPLICATE_INVOICE,0.9994489305501186,1,0,F01_DUPLICATE_INVOICE,both_correct,both_correct,,,
RCA_000085,F01_DUPLICATE_INVOICE,F01_DUPLICATE_INVOICE,ANOMALY,F01_DUPLICATE_INVOICE,0.9996021064390189,1,0,F01_DUPLICATE_INVOICE,both_correct,both_correct,,,
RCA_000090,F01_DUPLICATE_INVOICE,F01_DUPLICATE_INVOICE,ANOMALY,F01_DUPLICATE_INVOICE,0.9989114918762464,1,0,F01_DUPLICATE_INVOICE,both_correct,both_correct,,,
RCA_000105,F02_PO_INVOICE_AMOUNT_MISMATCH,F02_PO_INVOICE_AMOUNT_MISMATCH,ANOMALY,F02_PO_INVOICE_AMOUNT_MISMATCH,0.9996074717044618,3,2,F02_PO_INVOICE_AMOUNT_MISMATCH,both_correct,both_correct,,,
RCA_000107,F02_PO_INVOICE_AMOUNT_MISMATCH,F02_PO_INVOICE_AMOUNT_MISMATCH,ANOMALY,F02_PO_INVOICE_AMOUNT_MISMATCH,0.9989818368755573,3,2,F02_PO_INVOICE_AMOUNT_MISMATCH,both_correct,both_correct,,,
RCA_000113,F02_PO_INVOICE_AMOUNT_MISMATCH,F02_PO_INVOICE_AMOUNT_MISMATCH,ANOMALY,F02_PO_INVOICE_AMOUNT_MISMATCH,0.9994809022776342,3,2,F02_PO_INVOICE_AMOUNT_MISMATCH,both_correct,both_correct,,,
RCA_000128,F02_PO_INVOICE_AMOUNT_MISMATCH,F02_PO_INVOICE_AMOUNT_MISMATCH,ANOMALY,F02_PO_INVOICE_AMOUNT_MISMATCH,0.9994029856098147,3,2,F02_PO_INVOICE_AMOUNT_MISMATCH,both_correct,both_correct,,,
RCA_000132,F02_PO_INVOICE_AMOUNT_MISMATCH,F02_PO_INVOICE_AMOUNT_MISMATCH,ANOMALY,F02_PO_INVOICE_AMOUNT_MISMATCH,0.9991622272087913,3,2,F02_PO_INVOICE_AMOUNT_MISMATCH,both_correct,both_correct,,,
RCA_000137,F02_PO_INVOICE_AMOUNT_MISMATCH,F02_PO_INVOICE_AMOUNT_MISMATCH,ANOMALY,F02_PO_INVOICE_AMOUNT_MISMATCH,0.999572497002135,3,2,F02_PO_INVOICE_AMOUNT_MISMATCH,both_correct,both_correct,,,
RCA_000140,F02_PO_INVOICE_AMOUNT_MISMATCH,F02_PO_INVOICE_AMOUNT_MISMATCH,ANOMALY,F02_PO_INVOICE_AMOUNT_MISMATCH,0.9981274095360116,3,2,F02_PO_INVOICE_AMOUNT_MISMATCH,both_correct,both_correct,,,
RCA_000141,F02_PO_INVOICE_AMOUNT_MISMATCH,F02_PO_INVOICE_AMOUNT_MISMATCH,ANOMALY,F02_PO_INVOICE_AMOUNT_MISMATCH,0.9993026351907348,3,2,F02_PO_INVOICE_AMOUNT_MISMATCH,both_correct,both_correct,,,
RCA_000146,F02_PO_INVOICE_AMOUNT_MISMATCH,F02_PO_INVOICE_AMOUNT_MISMATCH,ANOMALY,NO_FAILURE,0.7766214446043549,3,2,F02_PO_INVOICE_AMOUNT_MISMATCH,rules_only_correct,rules_only_correct,MISSING_INFORMATION,CLASS_CONFUSION,
RCA_000153,F02_PO_INVOICE_AMOUNT_MISMATCH,F02_PO_INVOICE_AMOUNT_MISMATCH,ANOMALY,F02_PO_INVOICE_AMOUNT_MISMATCH,0.9991294563639895,3,2,F02_PO_INVOICE_AMOUNT_MISMATCH,both_correct,both_correct,,,
RCA_000156,F02_PO_INVOICE_AMOUNT_MISMATCH,F02_PO_INVOICE_AMOUNT_MISMATCH,ANOMALY,NO_FAILURE,0.8378472065427903,3,2,F02_PO_INVOICE_AMOUNT_MISMATCH,rules_only_correct,rules_only_correct,MISSING_INFORMATION,CLASS_CONFUSION,
RCA_000161,F02_PO_INVOICE_AMOUNT_MISMATCH,F02_PO_INVOICE_AMOUNT_MISMATCH,ANOMALY,F02_PO_INVOICE_AMOUNT_MISMATCH,0.9995523101581164,3,2,F02_PO_INVOICE_AMOUNT_MISMATCH,both_correct,both_correct,,,
RCA_000165,F02_PO_INVOICE_AMOUNT_MISMATCH,F02_PO_INVOICE_AMOUNT_MISMATCH,ANOMALY,F02_PO_INVOICE_AMOUNT_MISMATCH,0.998997054313221,3,2,F02_PO_INVOICE_AMOUNT_MISMATCH,both_correct,both_correct,,,
RCA_000168,F02_PO_INVOICE_AMOUNT_MISMATCH,F02_PO_INVOICE_AMOUNT_MISMATCH,ANOMALY,F02_PO_INVOICE_AMOUNT_MISMATCH,0.9992262498704229,3,2,F02_PO_INVOICE_AMOUNT_MISMATCH,both_correct,both_correct,,,
RCA_000169,F02_PO_INVOICE_AMOUNT_MISMATCH,F02_PO_INVOICE_AMOUNT_MISMATCH,ANOMALY,F02_PO_INVOICE_AMOUNT_MISMATCH,0.998071486779582,3,2,F02_PO_INVOICE_AMOUNT_MISMATCH,both_correct,both_correct,,,
RCA_000170,F02_PO_INVOICE_AMOUNT_MISMATCH,F02_PO_INVOICE_AMOUNT_MISMATCH,ANOMALY,F02_PO_INVOICE_AMOUNT_MISMATCH,0.9988722126669455,3,2,F02_PO_INVOICE_AMOUNT_MISMATCH,both_correct,both_correct,,,
RCA_000174,F02_PO_INVOICE_AMOUNT_MISMATCH,F02_PO_INVOICE_AMOUNT_MISMATCH,ANOMALY,F02_PO_INVOICE_AMOUNT_MISMATCH,0.9986627305856989,3,2,F02_PO_INVOICE_AMOUNT_MISMATCH,both_correct,both_correct,,,
RCA_000175,F02_PO_INVOICE_AMOUNT_MISMATCH,F02_PO_INVOICE_AMOUNT_MISMATCH,ANOMALY,F02_PO_INVOICE_AMOUNT_MISMATCH,0.9993627133933418,3,2,F02_PO_INVOICE_AMOUNT_MISMATCH,both_correct,both_correct,,,
RCA_000182,F02_PO_INVOICE_AMOUNT_MISMATCH,F02_PO_INVOICE_AMOUNT_MISMATCH,ANOMALY,F02_PO_INVOICE_AMOUNT_MISMATCH,0.999433415226555,3,2,F02_PO_INVOICE_AMOUNT_MISMATCH,both_correct,both_correct,,,
RCA_000189,F02_PO_INVOICE_AMOUNT_MISMATCH,F02_PO_INVOICE_AMOUNT_MISMATCH,ANOMALY,F02_PO_INVOICE_AMOUNT_MISMATCH,0.9988482788923918,3,2,F02_PO_INVOICE_AMOUNT_MISMATCH,both_correct,both_correct,,,
RCA_000209,F03_QUANTITY_MISMATCH,F03_QUANTITY_MISMATCH,ANOMALY,F03_QUANTITY_MISMATCH,0.9993767831349925,3,2,F03_QUANTITY_MISMATCH,both_correct,both_correct,,,
RCA_000212,F03_QUANTITY_MISMATCH,F03_QUANTITY_MISMATCH,ANOMALY,F03_QUANTITY_MISMATCH,0.9992461703286856,3,2,F03_QUANTITY_MISMATCH,both_correct,both_correct,,,
RCA_000214,F03_QUANTITY_MISMATCH,F03_QUANTITY_MISMATCH,ANOMALY,F03_QUANTITY_MISMATCH,0.9986001062534055,3,2,F03_QUANTITY_MISMATCH,both_correct,both_correct,,,
RCA_000215,F03_QUANTITY_MISMATCH,F03_QUANTITY_MISMATCH,ANOMALY,F03_QUANTITY_MISMATCH,0.999349111136917,3,2,F03_QUANTITY_MISMATCH,both_correct,both_correct,,,
RCA_000217,F03_QUANTITY_MISMATCH,F03_QUANTITY_MISMATCH,ANOMALY,F03_QUANTITY_MISMATCH,0.9994169684823668,3,2,F03_QUANTITY_MISMATCH,both_correct,both_correct,,,
RCA_000225,F03_QUANTITY_MISMATCH,F03_QUANTITY_MISMATCH,ANOMALY,F03_QUANTITY_MISMATCH,0.9993377617454066,3,2,F03_QUANTITY_MISMATCH,both_correct,both_correct,,,
RCA_000234,F03_QUANTITY_MISMATCH,F03_QUANTITY_MISMATCH,ANOMALY,F03_QUANTITY_MISMATCH,0.9991757804396387,3,2,F03_QUANTITY_MISMATCH,both_correct,both_correct,,,
RCA_000238,F03_QUANTITY_MISMATCH,F03_QUANTITY_MISMATCH,ANOMALY,F03_QUANTITY_MISMATCH,0.9994560858313724,3,2,F03_QUANTITY_MISMATCH,both_correct,both_correct,,,
RCA_000239,F03_QUANTITY_MISMATCH,F03_QUANTITY_MISMATCH,ANOMALY,F03_QUANTITY_MISMATCH,0.9988842444184403,3,2,F03_QUANTITY_MISMATCH,both_correct,both_correct,,,
RCA_000244,F03_QUANTITY_MISMATCH,F03_QUANTITY_MISMATCH,ANOMALY,F03_QUANTITY_MISMATCH,0.9994902286896824,3,2,F03_QUANTITY_MISMATCH,both_correct,both_correct,,,
RCA_000250,F03_QUANTITY_MISMATCH,F03_QUANTITY_MISMATCH,ANOMALY,F03_QUANTITY_MISMATCH,0.9995389776107443,3,2,F03_QUANTITY_MISMATCH,both_correct,both_correct,,,
RCA_000255,F03_QUANTITY_MISMATCH,F03_QUANTITY_MISMATCH,ANOMALY,F03_QUANTITY_MISMATCH,0.9995667659934214,3,2,F03_QUANTITY_MISMATCH,both_correct,both_correct,,,
RCA_000261,F03_QUANTITY_MISMATCH,F03_QUANTITY_MISMATCH,ANOMALY,F03_QUANTITY_MISMATCH,0.9994777046537388,3,2,F03_QUANTITY_MISMATCH,both_correct,both_correct,,,
RCA_000268,F03_QUANTITY_MISMATCH,F03_QUANTITY_MISMATCH,ANOMALY,F03_QUANTITY_MISMATCH,0.9996089616655865,3,2,F03_QUANTITY_MISMATCH,both_correct,both_correct,,,
RCA_000274,F03_QUANTITY_MISMATCH,F03_QUANTITY_MISMATCH,ANOMALY,F03_QUANTITY_MISMATCH,0.9995360090033962,3,2,F03_QUANTITY_MISMATCH,both_correct,both_correct,,,
RCA_000279,F03_QUANTITY_MISMATCH,F03_QUANTITY_MISMATCH,ANOMALY,F03_QUANTITY_MISMATCH,0.999151893774074,3,2,F03_QUANTITY_MISMATCH,both_correct,both_correct,,,
RCA_000284,F03_QUANTITY_MISMATCH,F03_QUANTITY_MISMATCH,ANOMALY,F03_QUANTITY_MISMATCH,0.9995581881969967,3,2,F03_QUANTITY_MISMATCH,both_correct,both_correct,,,
RCA_000293,F03_QUANTITY_MISMATCH,F03_QUANTITY_MISMATCH,ANOMALY,F03_QUANTITY_MISMATCH,0.9992197514132888,3,2,F03_QUANTITY_MISMATCH,both_correct,both_correct,,,
RCA_000301,F04_INCORRECT_VENDOR_ASSOCIATION,F04_INCORRECT_VENDOR_ASSOCIATION,ANOMALY,F04_INCORRECT_VENDOR_ASSOCIATION,0.9997703566126727,2,1,F04_INCORRECT_VENDOR_ASSOCIATION,both_correct,both_correct,,,
RCA_000306,F04_INCORRECT_VENDOR_ASSOCIATION,F04_INCORRECT_VENDOR_ASSOCIATION,ANOMALY,F04_INCORRECT_VENDOR_ASSOCIATION,0.9994914189733957,2,1,F04_INCORRECT_VENDOR_ASSOCIATION,both_correct,both_correct,,,
RCA_000311,F04_INCORRECT_VENDOR_ASSOCIATION,F04_INCORRECT_VENDOR_ASSOCIATION,ANOMALY,F04_INCORRECT_VENDOR_ASSOCIATION,0.9996571361993303,2,1,F04_INCORRECT_VENDOR_ASSOCIATION,both_correct,both_correct,,,
RCA_000313,F04_INCORRECT_VENDOR_ASSOCIATION,F04_INCORRECT_VENDOR_ASSOCIATION,ANOMALY,F04_INCORRECT_VENDOR_ASSOCIATION,0.999842225747062,2,1,F04_INCORRECT_VENDOR_ASSOCIATION,both_correct,both_correct,,,
RCA_000315,F04_INCORRECT_VENDOR_ASSOCIATION,F04_INCORRECT_VENDOR_ASSOCIATION,ANOMALY,F04_INCORRECT_VENDOR_ASSOCIATION,0.9998005014748664,2,1,F04_INCORRECT_VENDOR_ASSOCIATION,both_correct,both_correct,,,
RCA_000323,F04_INCORRECT_VENDOR_ASSOCIATION,F04_INCORRECT_VENDOR_ASSOCIATION,ANOMALY,F04_INCORRECT_VENDOR_ASSOCIATION,0.9965752999016347,2,1,F04_INCORRECT_VENDOR_ASSOCIATION,both_correct,both_correct,,,
RCA_000331,F04_INCORRECT_VENDOR_ASSOCIATION,F04_INCORRECT_VENDOR_ASSOCIATION,ANOMALY,F04_INCORRECT_VENDOR_ASSOCIATION,0.9996473322316687,2,1,F04_INCORRECT_VENDOR_ASSOCIATION,both_correct,both_correct,,,
RCA_000333,F04_INCORRECT_VENDOR_ASSOCIATION,F04_INCORRECT_VENDOR_ASSOCIATION,ANOMALY,F04_INCORRECT_VENDOR_ASSOCIATION,0.999772241192123,2,1,F04_INCORRECT_VENDOR_ASSOCIATION,both_correct,both_correct,,,
RCA_000349,F04_INCORRECT_VENDOR_ASSOCIATION,F04_INCORRECT_VENDOR_ASSOCIATION,ANOMALY,F04_INCORRECT_VENDOR_ASSOCIATION,0.9997511379130879,2,1,F04_INCORRECT_VENDOR_ASSOCIATION,both_correct,both_correct,,,
RCA_000351,F04_INCORRECT_VENDOR_ASSOCIATION,F04_INCORRECT_VENDOR_ASSOCIATION,ANOMALY,F04_INCORRECT_VENDOR_ASSOCIATION,0.9997056052679006,2,1,F04_INCORRECT_VENDOR_ASSOCIATION,both_correct,both_correct,,,
RCA_000357,F04_INCORRECT_VENDOR_ASSOCIATION,F04_INCORRECT_VENDOR_ASSOCIATION,ANOMALY,F04_INCORRECT_VENDOR_ASSOCIATION,0.9997565138566142,2,1,F04_INCORRECT_VENDOR_ASSOCIATION,both_correct,both_correct,,,
RCA_000361,F04_INCORRECT_VENDOR_ASSOCIATION,F04_INCORRECT_VENDOR_ASSOCIATION,ANOMALY,F04_INCORRECT_VENDOR_ASSOCIATION,0.9997630657459236,2,1,F04_INCORRECT_VENDOR_ASSOCIATION,both_correct,both_correct,,,
RCA_000362,F04_INCORRECT_VENDOR_ASSOCIATION,F04_INCORRECT_VENDOR_ASSOCIATION,ANOMALY,F04_INCORRECT_VENDOR_ASSOCIATION,0.9992896865939626,2,1,F04_INCORRECT_VENDOR_ASSOCIATION,both_correct,both_correct,,,
RCA_000364,F04_INCORRECT_VENDOR_ASSOCIATION,F04_INCORRECT_VENDOR_ASSOCIATION,ANOMALY,F04_INCORRECT_VENDOR_ASSOCIATION,0.999497927976966,2,1,F04_INCORRECT_VENDOR_ASSOCIATION,both_correct,both_correct,,,
RCA_000365,F04_INCORRECT_VENDOR_ASSOCIATION,F04_INCORRECT_VENDOR_ASSOCIATION,ANOMALY,F04_INCORRECT_VENDOR_ASSOCIATION,0.9274462129741605,2,1,F04_INCORRECT_VENDOR_ASSOCIATION,both_correct,both_correct,,,
RCA_000369,F04_INCORRECT_VENDOR_ASSOCIATION,F04_INCORRECT_VENDOR_ASSOCIATION,ANOMALY,F04_INCORRECT_VENDOR_ASSOCIATION,0.9997538728422011,2,1,F04_INCORRECT_VENDOR_ASSOCIATION,both_correct,both_correct,,,
RCA_000372,F04_INCORRECT_VENDOR_ASSOCIATION,F04_INCORRECT_VENDOR_ASSOCIATION,ANOMALY,F04_INCORRECT_VENDOR_ASSOCIATION,0.9994498176644291,2,1,F04_INCORRECT_VENDOR_ASSOCIATION,both_correct,both_correct,,,
RCA_000409,F05_PAYMENT_WITHOUT_VALID_INVOICE,F05_PAYMENT_WITHOUT_VALID_INVOICE,ANOMALY,F05_PAYMENT_WITHOUT_VALID_INVOICE,0.9996039606535878,3,2,F05_PAYMENT_WITHOUT_VALID_INVOICE,both_correct,both_correct,,,
RCA_000421,F05_PAYMENT_WITHOUT_VALID_INVOICE,F05_PAYMENT_WITHOUT_VALID_INVOICE,ANOMALY,F05_PAYMENT_WITHOUT_VALID_INVOICE,0.9996444542314863,3,2,F05_PAYMENT_WITHOUT_VALID_INVOICE,both_correct,both_correct,,,
RCA_000430,F05_PAYMENT_WITHOUT_VALID_INVOICE,F05_PAYMENT_WITHOUT_VALID_INVOICE,ANOMALY,F05_PAYMENT_WITHOUT_VALID_INVOICE,0.9995948152420042,3,2,F05_PAYMENT_WITHOUT_VALID_INVOICE,both_correct,both_correct,,,
RCA_000432,F05_PAYMENT_WITHOUT_VALID_INVOICE,F05_PAYMENT_WITHOUT_VALID_INVOICE,ANOMALY,F05_PAYMENT_WITHOUT_VALID_INVOICE,0.999664485682155,3,2,F05_PAYMENT_WITHOUT_VALID_INVOICE,both_correct,both_correct,,,
RCA_000433,F05_PAYMENT_WITHOUT_VALID_INVOICE,F05_PAYMENT_WITHOUT_VALID_INVOICE,ANOMALY,F05_PAYMENT_WITHOUT_VALID_INVOICE,0.9996225799509659,3,2,F05_PAYMENT_WITHOUT_VALID_INVOICE,both_correct,both_correct,,,
RCA_000436,F05_PAYMENT_WITHOUT_VALID_INVOICE,F05_PAYMENT_WITHOUT_VALID_INVOICE,ANOMALY,F05_PAYMENT_WITHOUT_VALID_INVOICE,0.999620268320591,3,2,F05_PAYMENT_WITHOUT_VALID_INVOICE,both_correct,both_correct,,,
RCA_000444,F05_PAYMENT_WITHOUT_VALID_INVOICE,F05_PAYMENT_WITHOUT_VALID_INVOICE,ANOMALY,F05_PAYMENT_WITHOUT_VALID_INVOICE,0.9996010156481082,3,2,F05_PAYMENT_WITHOUT_VALID_INVOICE,both_correct,both_correct,,,
RCA_000447,F05_PAYMENT_WITHOUT_VALID_INVOICE,F05_PAYMENT_WITHOUT_VALID_INVOICE,ANOMALY,F05_PAYMENT_WITHOUT_VALID_INVOICE,0.9996108702164553,3,2,F05_PAYMENT_WITHOUT_VALID_INVOICE,both_correct,both_correct,,,
RCA_000453,F05_PAYMENT_WITHOUT_VALID_INVOICE,F05_PAYMENT_WITHOUT_VALID_INVOICE,ANOMALY,F05_PAYMENT_WITHOUT_VALID_INVOICE,0.9995381572225756,3,2,F05_PAYMENT_WITHOUT_VALID_INVOICE,both_correct,both_correct,,,
RCA_000457,F05_PAYMENT_WITHOUT_VALID_INVOICE,F05_PAYMENT_WITHOUT_VALID_INVOICE,ANOMALY,F05_PAYMENT_WITHOUT_VALID_INVOICE,0.9996097094094155,3,2,F05_PAYMENT_WITHOUT_VALID_INVOICE,both_correct,both_correct,,,
RCA_000462,F05_PAYMENT_WITHOUT_VALID_INVOICE,F05_PAYMENT_WITHOUT_VALID_INVOICE,ANOMALY,F05_PAYMENT_WITHOUT_VALID_INVOICE,0.9996291917212639,3,2,F05_PAYMENT_WITHOUT_VALID_INVOICE,both_correct,both_correct,,,
RCA_000465,F05_PAYMENT_WITHOUT_VALID_INVOICE,F05_PAYMENT_WITHOUT_VALID_INVOICE,ANOMALY,F05_PAYMENT_WITHOUT_VALID_INVOICE,0.9995585274046281,3,2,F05_PAYMENT_WITHOUT_VALID_INVOICE,both_correct,both_correct,,,
RCA_000469,F05_PAYMENT_WITHOUT_VALID_INVOICE,F05_PAYMENT_WITHOUT_VALID_INVOICE,ANOMALY,F05_PAYMENT_WITHOUT_VALID_INVOICE,0.9995755645328185,3,2,F05_PAYMENT_WITHOUT_VALID_INVOICE,both_correct,both_correct,,,
RCA_000473,F05_PAYMENT_WITHOUT_VALID_INVOICE,F05_PAYMENT_WITHOUT_VALID_INVOICE,ANOMALY,F05_PAYMENT_WITHOUT_VALID_INVOICE,0.9996118506271994,3,2,F05_PAYMENT_WITHOUT_VALID_INVOICE,both_correct,both_correct,,,
RCA_000478,F05_PAYMENT_WITHOUT_VALID_INVOICE,F05_PAYMENT_WITHOUT_VALID_INVOICE,ANOMALY,F05_PAYMENT_WITHOUT_VALID_INVOICE,0.9996129596265163,3,2,F05_PAYMENT_WITHOUT_VALID_INVOICE,both_correct,both_correct,,,
RCA_000479,F05_PAYMENT_WITHOUT_VALID_INVOICE,F05_PAYMENT_WITHOUT_VALID_INVOICE,ANOMALY,F05_PAYMENT_WITHOUT_VALID_INVOICE,0.9995737674957008,3,2,F05_PAYMENT_WITHOUT_VALID_INVOICE,both_correct,both_correct,,,
RCA_000481,F05_PAYMENT_WITHOUT_VALID_INVOICE,F05_PAYMENT_WITHOUT_VALID_INVOICE,ANOMALY,F05_PAYMENT_WITHOUT_VALID_INVOICE,0.9995989641146963,3,2,F05_PAYMENT_WITHOUT_VALID_INVOICE,both_correct,both_correct,,,
RCA_000482,F05_PAYMENT_WITHOUT_VALID_INVOICE,F05_PAYMENT_WITHOUT_VALID_INVOICE,ANOMALY,F05_PAYMENT_WITHOUT_VALID_INVOICE,0.9996261809174621,3,2,F05_PAYMENT_WITHOUT_VALID_INVOICE,both_correct,both_correct,,,
RCA_000484,F05_PAYMENT_WITHOUT_VALID_INVOICE,F05_PAYMENT_WITHOUT_VALID_INVOICE,ANOMALY,F05_PAYMENT_WITHOUT_VALID_INVOICE,0.9996035903549375,3,2,F05_PAYMENT_WITHOUT_VALID_INVOICE,both_correct,both_correct,,,
RCA_000486,F05_PAYMENT_WITHOUT_VALID_INVOICE,F05_PAYMENT_WITHOUT_VALID_INVOICE,ANOMALY,F05_PAYMENT_WITHOUT_VALID_INVOICE,0.9996193046054083,3,2,F05_PAYMENT_WITHOUT_VALID_INVOICE,both_correct,both_correct,,,
RCA_000494,F05_PAYMENT_WITHOUT_VALID_INVOICE,F05_PAYMENT_WITHOUT_VALID_INVOICE,ANOMALY,F05_PAYMENT_WITHOUT_VALID_INVOICE,0.9995647864661451,3,2,F05_PAYMENT_WITHOUT_VALID_INVOICE,both_correct,both_correct,,,
RCA_000495,F05_PAYMENT_WITHOUT_VALID_INVOICE,F05_PAYMENT_WITHOUT_VALID_INVOICE,ANOMALY,F05_PAYMENT_WITHOUT_VALID_INVOICE,0.9995494420219888,3,2,F05_PAYMENT_WITHOUT_VALID_INVOICE,both_correct,both_correct,,,
RCA_000518,F06_INVOICE_PAID_TWICE,F06_INVOICE_PAID_TWICE,ANOMALY,F06_INVOICE_PAID_TWICE,0.9993780965325456,3,2,F06_INVOICE_PAID_TWICE,both_correct,both_correct,,,
RCA_000523,F06_INVOICE_PAID_TWICE,F06_INVOICE_PAID_TWICE,ANOMALY,F06_INVOICE_PAID_TWICE,0.9992738523143654,3,2,F06_INVOICE_PAID_TWICE,both_correct,both_correct,,,
RCA_000538,F06_INVOICE_PAID_TWICE,F06_INVOICE_PAID_TWICE,ANOMALY,F06_INVOICE_PAID_TWICE,0.9991995647766132,3,2,F06_INVOICE_PAID_TWICE,both_correct,both_correct,,,
RCA_000539,F06_INVOICE_PAID_TWICE,F06_INVOICE_PAID_TWICE,ANOMALY,F06_INVOICE_PAID_TWICE,0.999269685562385,3,2,F06_INVOICE_PAID_TWICE,both_correct,both_correct,,,
RCA_000544,F06_INVOICE_PAID_TWICE,F06_INVOICE_PAID_TWICE,ANOMALY,F06_INVOICE_PAID_TWICE,0.9986334076516074,3,2,F06_INVOICE_PAID_TWICE,both_correct,both_correct,,,
RCA_000558,F06_INVOICE_PAID_TWICE,F06_INVOICE_PAID_TWICE,ANOMALY,F06_INVOICE_PAID_TWICE,0.9992500993940333,3,2,F06_INVOICE_PAID_TWICE,both_correct,both_correct,,,
RCA_000563,F06_INVOICE_PAID_TWICE,F11_VENDOR_MASTER_CHANGE_CONFLICT,ANOMALY,F06_INVOICE_PAID_TWICE,0.9449080275472779,3,2,F06_INVOICE_PAID_TWICE,ml_only_correct,both_correct,,,COLLISION_OR_PRECEDENCE
RCA_000571,F06_INVOICE_PAID_TWICE,F06_INVOICE_PAID_TWICE,ANOMALY,F06_INVOICE_PAID_TWICE,0.9990500114280146,3,2,F06_INVOICE_PAID_TWICE,both_correct,both_correct,,,
RCA_000581,F06_INVOICE_PAID_TWICE,F08_APPROVAL_WORKFLOW_FAILURE,ANOMALY,F06_INVOICE_PAID_TWICE,0.9992559365464423,3,2,F06_INVOICE_PAID_TWICE,ml_only_correct,both_correct,,,COLLISION_OR_PRECEDENCE
RCA_000584,F06_INVOICE_PAID_TWICE,F06_INVOICE_PAID_TWICE,ANOMALY,F06_INVOICE_PAID_TWICE,0.9995507365236993,3,2,F06_INVOICE_PAID_TWICE,both_correct,both_correct,,,
RCA_000586,F06_INVOICE_PAID_TWICE,F06_INVOICE_PAID_TWICE,ANOMALY,F06_INVOICE_PAID_TWICE,0.9989747028252467,3,2,F06_INVOICE_PAID_TWICE,both_correct,both_correct,,,
RCA_000594,F06_INVOICE_PAID_TWICE,F06_INVOICE_PAID_TWICE,ANOMALY,F06_INVOICE_PAID_TWICE,0.9991834328665222,3,2,F06_INVOICE_PAID_TWICE,both_correct,both_correct,,,
RCA_000603,F07_PARTIAL_PAYMENT_RESIDUAL_BALANCE,F07_PARTIAL_PAYMENT_RESIDUAL_BALANCE,ANOMALY,F07_PARTIAL_PAYMENT_RESIDUAL_BALANCE,0.9997249687389563,3,2,F07_PARTIAL_PAYMENT_RESIDUAL_BALANCE,both_correct,both_correct,,,
RCA_000604,F07_PARTIAL_PAYMENT_RESIDUAL_BALANCE,F07_PARTIAL_PAYMENT_RESIDUAL_BALANCE,ANOMALY,F07_PARTIAL_PAYMENT_RESIDUAL_BALANCE,0.9989247813104627,3,2,F07_PARTIAL_PAYMENT_RESIDUAL_BALANCE,both_correct,both_correct,,,
RCA_000610,F07_PARTIAL_PAYMENT_RESIDUAL_BALANCE,F07_PARTIAL_PAYMENT_RESIDUAL_BALANCE,ANOMALY,F07_PARTIAL_PAYMENT_RESIDUAL_BALANCE,0.9987027757947804,3,2,F07_PARTIAL_PAYMENT_RESIDUAL_BALANCE,both_correct,both_correct,,,
RCA_000615,F07_PARTIAL_PAYMENT_RESIDUAL_BALANCE,F07_PARTIAL_PAYMENT_RESIDUAL_BALANCE,ANOMALY,F07_PARTIAL_PAYMENT_RESIDUAL_BALANCE,0.9961342505045206,3,2,F07_PARTIAL_PAYMENT_RESIDUAL_BALANCE,both_correct,both_correct,,,
RCA_000629,F07_PARTIAL_PAYMENT_RESIDUAL_BALANCE,F07_PARTIAL_PAYMENT_RESIDUAL_BALANCE,ANOMALY,F07_PARTIAL_PAYMENT_RESIDUAL_BALANCE,0.9974916303758885,3,2,F07_PARTIAL_PAYMENT_RESIDUAL_BALANCE,both_correct,both_correct,,,
RCA_000630,F07_PARTIAL_PAYMENT_RESIDUAL_BALANCE,F07_PARTIAL_PAYMENT_RESIDUAL_BALANCE,ANOMALY,F07_PARTIAL_PAYMENT_RESIDUAL_BALANCE,0.9997049929827984,3,2,F07_PARTIAL_PAYMENT_RESIDUAL_BALANCE,both_correct,both_correct,,,
RCA_000635,F07_PARTIAL_PAYMENT_RESIDUAL_BALANCE,F07_PARTIAL_PAYMENT_RESIDUAL_BALANCE,ANOMALY,F07_PARTIAL_PAYMENT_RESIDUAL_BALANCE,0.9961772849543934,3,2,F07_PARTIAL_PAYMENT_RESIDUAL_BALANCE,both_correct,both_correct,,,
RCA_000639,F07_PARTIAL_PAYMENT_RESIDUAL_BALANCE,F07_PARTIAL_PAYMENT_RESIDUAL_BALANCE,ANOMALY,F07_PARTIAL_PAYMENT_RESIDUAL_BALANCE,0.998697665297118,3,2,F07_PARTIAL_PAYMENT_RESIDUAL_BALANCE,both_correct,both_correct,,,
RCA_000666,F07_PARTIAL_PAYMENT_RESIDUAL_BALANCE,F07_PARTIAL_PAYMENT_RESIDUAL_BALANCE,ANOMALY,F07_PARTIAL_PAYMENT_RESIDUAL_BALANCE,0.999444779602231,3,2,F07_PARTIAL_PAYMENT_RESIDUAL_BALANCE,both_correct,both_correct,,,
RCA_000669,F07_PARTIAL_PAYMENT_RESIDUAL_BALANCE,F07_PARTIAL_PAYMENT_RESIDUAL_BALANCE,ANOMALY,F07_PARTIAL_PAYMENT_RESIDUAL_BALANCE,0.9997263764483219,3,2,F07_PARTIAL_PAYMENT_RESIDUAL_BALANCE,both_correct,both_correct,,,
RCA_000674,F07_PARTIAL_PAYMENT_RESIDUAL_BALANCE,F07_PARTIAL_PAYMENT_RESIDUAL_BALANCE,ANOMALY,F07_PARTIAL_PAYMENT_RESIDUAL_BALANCE,0.9991282288553075,3,2,F07_PARTIAL_PAYMENT_RESIDUAL_BALANCE,both_correct,both_correct,,,
RCA_000676,F07_PARTIAL_PAYMENT_RESIDUAL_BALANCE,F07_PARTIAL_PAYMENT_RESIDUAL_BALANCE,ANOMALY,F07_PARTIAL_PAYMENT_RESIDUAL_BALANCE,0.9995061862286805,3,2,F07_PARTIAL_PAYMENT_RESIDUAL_BALANCE,both_correct,both_correct,,,
RCA_000682,F07_PARTIAL_PAYMENT_RESIDUAL_BALANCE,F07_PARTIAL_PAYMENT_RESIDUAL_BALANCE,ANOMALY,F07_PARTIAL_PAYMENT_RESIDUAL_BALANCE,0.9995157081114933,3,2,F07_PARTIAL_PAYMENT_RESIDUAL_BALANCE,both_correct,both_correct,,,
RCA_000685,F07_PARTIAL_PAYMENT_RESIDUAL_BALANCE,F07_PARTIAL_PAYMENT_RESIDUAL_BALANCE,ANOMALY,F07_PARTIAL_PAYMENT_RESIDUAL_BALANCE,0.9979597719752962,3,2,F07_PARTIAL_PAYMENT_RESIDUAL_BALANCE,both_correct,both_correct,,,
RCA_000688,F07_PARTIAL_PAYMENT_RESIDUAL_BALANCE,F07_PARTIAL_PAYMENT_RESIDUAL_BALANCE,ANOMALY,F07_PARTIAL_PAYMENT_RESIDUAL_BALANCE,0.9989068982928726,3,2,F07_PARTIAL_PAYMENT_RESIDUAL_BALANCE,both_correct,both_correct,,,
RCA_000689,F07_PARTIAL_PAYMENT_RESIDUAL_BALANCE,F07_PARTIAL_PAYMENT_RESIDUAL_BALANCE,ANOMALY,F07_PARTIAL_PAYMENT_RESIDUAL_BALANCE,0.9993574897375765,3,2,F07_PARTIAL_PAYMENT_RESIDUAL_BALANCE,both_correct,both_correct,,,
RCA_000692,F07_PARTIAL_PAYMENT_RESIDUAL_BALANCE,F07_PARTIAL_PAYMENT_RESIDUAL_BALANCE,ANOMALY,F07_PARTIAL_PAYMENT_RESIDUAL_BALANCE,0.9976575718538966,3,2,F07_PARTIAL_PAYMENT_RESIDUAL_BALANCE,both_correct,both_correct,,,
RCA_000695,F07_PARTIAL_PAYMENT_RESIDUAL_BALANCE,F07_PARTIAL_PAYMENT_RESIDUAL_BALANCE,ANOMALY,F07_PARTIAL_PAYMENT_RESIDUAL_BALANCE,0.999362297491517,3,2,F07_PARTIAL_PAYMENT_RESIDUAL_BALANCE,both_correct,both_correct,,,
RCA_000709,F08_APPROVAL_WORKFLOW_FAILURE,F08_APPROVAL_WORKFLOW_FAILURE,ANOMALY,F08_APPROVAL_WORKFLOW_FAILURE,0.959696333393941,3,4,F08_APPROVAL_WORKFLOW_FAILURE,both_correct,both_correct,,,
RCA_000721,F08_APPROVAL_WORKFLOW_FAILURE,F08_APPROVAL_WORKFLOW_FAILURE,ANOMALY,F08_APPROVAL_WORKFLOW_FAILURE,0.6869223758610531,3,4,F08_APPROVAL_WORKFLOW_FAILURE,both_correct,both_correct,,,
RCA_000728,F08_APPROVAL_WORKFLOW_FAILURE,F08_APPROVAL_WORKFLOW_FAILURE,ANOMALY,F08_APPROVAL_WORKFLOW_FAILURE,0.9985280944771427,3,4,F08_APPROVAL_WORKFLOW_FAILURE,both_correct,both_correct,,,
RCA_000733,F08_APPROVAL_WORKFLOW_FAILURE,F08_APPROVAL_WORKFLOW_FAILURE,ANOMALY,F08_APPROVAL_WORKFLOW_FAILURE,0.9985253739831215,3,4,F08_APPROVAL_WORKFLOW_FAILURE,both_correct,both_correct,,,
RCA_000735,F08_APPROVAL_WORKFLOW_FAILURE,F08_APPROVAL_WORKFLOW_FAILURE,ANOMALY,F08_APPROVAL_WORKFLOW_FAILURE,0.9992299626856933,3,4,F08_APPROVAL_WORKFLOW_FAILURE,both_correct,both_correct,,,
RCA_000736,F08_APPROVAL_WORKFLOW_FAILURE,F08_APPROVAL_WORKFLOW_FAILURE,ANOMALY,F08_APPROVAL_WORKFLOW_FAILURE,0.997018193726772,3,4,F08_APPROVAL_WORKFLOW_FAILURE,both_correct,both_correct,,,
RCA_000738,F08_APPROVAL_WORKFLOW_FAILURE,F08_APPROVAL_WORKFLOW_FAILURE,ANOMALY,F08_APPROVAL_WORKFLOW_FAILURE,0.9837388352338071,3,4,F08_APPROVAL_WORKFLOW_FAILURE,both_correct,both_correct,,,
RCA_000741,F08_APPROVAL_WORKFLOW_FAILURE,F08_APPROVAL_WORKFLOW_FAILURE,ANOMALY,F08_APPROVAL_WORKFLOW_FAILURE,0.9601679722465373,3,4,F08_APPROVAL_WORKFLOW_FAILURE,both_correct,both_correct,,,
RCA_000752,F08_APPROVAL_WORKFLOW_FAILURE,F08_APPROVAL_WORKFLOW_FAILURE,ANOMALY,F08_APPROVAL_WORKFLOW_FAILURE,0.706578163448572,3,4,F08_APPROVAL_WORKFLOW_FAILURE,both_correct,both_correct,,,
RCA_000758,F08_APPROVAL_WORKFLOW_FAILURE,F08_APPROVAL_WORKFLOW_FAILURE,ANOMALY,F08_APPROVAL_WORKFLOW_FAILURE,0.9981806236520095,3,4,F08_APPROVAL_WORKFLOW_FAILURE,both_correct,both_correct,,,
RCA_000760,F08_APPROVAL_WORKFLOW_FAILURE,F08_APPROVAL_WORKFLOW_FAILURE,ANOMALY,F08_APPROVAL_WORKFLOW_FAILURE,0.9833273047275153,3,4,F08_APPROVAL_WORKFLOW_FAILURE,both_correct,both_correct,,,
RCA_000762,F08_APPROVAL_WORKFLOW_FAILURE,F08_APPROVAL_WORKFLOW_FAILURE,ANOMALY,F08_APPROVAL_WORKFLOW_FAILURE,0.9782739548304806,3,4,F08_APPROVAL_WORKFLOW_FAILURE,both_correct,both_correct,,,
RCA_000766,F08_APPROVAL_WORKFLOW_FAILURE,F08_APPROVAL_WORKFLOW_FAILURE,ANOMALY,NO_FAILURE,0.7403700838232308,3,4,F08_APPROVAL_WORKFLOW_FAILURE,rules_only_correct,rules_only_correct,RELATIONAL_COMPLEXITY,CLASS_CONFUSION,
RCA_000767,F08_APPROVAL_WORKFLOW_FAILURE,F08_APPROVAL_WORKFLOW_FAILURE,ANOMALY,F08_APPROVAL_WORKFLOW_FAILURE,0.9614773189781484,3,4,F08_APPROVAL_WORKFLOW_FAILURE,both_correct,both_correct,,,
RCA_000772,F08_APPROVAL_WORKFLOW_FAILURE,F08_APPROVAL_WORKFLOW_FAILURE,ANOMALY,F08_APPROVAL_WORKFLOW_FAILURE,0.992861220773273,3,4,F08_APPROVAL_WORKFLOW_FAILURE,both_correct,both_correct,,,
RCA_000774,F08_APPROVAL_WORKFLOW_FAILURE,F08_APPROVAL_WORKFLOW_FAILURE,ANOMALY,F08_APPROVAL_WORKFLOW_FAILURE,0.9996142177851416,3,4,F08_APPROVAL_WORKFLOW_FAILURE,both_correct,both_correct,,,
RCA_000776,F08_APPROVAL_WORKFLOW_FAILURE,F08_APPROVAL_WORKFLOW_FAILURE,ANOMALY,F08_APPROVAL_WORKFLOW_FAILURE,0.9978550071700337,3,4,F08_APPROVAL_WORKFLOW_FAILURE,both_correct,both_correct,,,
RCA_000780,F08_APPROVAL_WORKFLOW_FAILURE,F08_APPROVAL_WORKFLOW_FAILURE,ANOMALY,F08_APPROVAL_WORKFLOW_FAILURE,0.9640430378547725,3,4,F08_APPROVAL_WORKFLOW_FAILURE,both_correct,both_correct,,,
RCA_000783,F08_APPROVAL_WORKFLOW_FAILURE,F08_APPROVAL_WORKFLOW_FAILURE,ANOMALY,F08_APPROVAL_WORKFLOW_FAILURE,0.9696766788369905,3,4,F08_APPROVAL_WORKFLOW_FAILURE,both_correct,both_correct,,,
RCA_000784,F08_APPROVAL_WORKFLOW_FAILURE,F08_APPROVAL_WORKFLOW_FAILURE,ANOMALY,NO_FAILURE,0.8112376970299416,3,4,F08_APPROVAL_WORKFLOW_FAILURE,rules_only_correct,rules_only_correct,RELATIONAL_COMPLEXITY,CLASS_CONFUSION,
RCA_000788,F08_APPROVAL_WORKFLOW_FAILURE,F08_APPROVAL_WORKFLOW_FAILURE,ANOMALY,F08_APPROVAL_WORKFLOW_FAILURE,0.9069452365421629,3,4,F08_APPROVAL_WORKFLOW_FAILURE,both_correct,both_correct,,,
RCA_000794,F08_APPROVAL_WORKFLOW_FAILURE,F08_APPROVAL_WORKFLOW_FAILURE,ANOMALY,F08_APPROVAL_WORKFLOW_FAILURE,0.9887438547199812,3,4,F08_APPROVAL_WORKFLOW_FAILURE,both_correct,both_correct,,,
RCA_000812,F09_GL_POSTING_MISMATCH,F09_GL_POSTING_MISMATCH,ANOMALY,F09_GL_POSTING_MISMATCH,0.9980194167220734,2,1,F09_GL_POSTING_MISMATCH,both_correct,both_correct,,,
RCA_000813,F09_GL_POSTING_MISMATCH,F09_GL_POSTING_MISMATCH,ANOMALY,F09_GL_POSTING_MISMATCH,0.9994176130003327,2,1,F09_GL_POSTING_MISMATCH,both_correct,both_correct,,,
RCA_000830,F09_GL_POSTING_MISMATCH,F09_GL_POSTING_MISMATCH,ANOMALY,NO_FAILURE,0.4359885238692024,2,1,F09_GL_POSTING_MISMATCH,rules_only_correct,rules_only_correct,AMBIGUOUS_CASE,CLASS_CONFUSION,
RCA_000831,F09_GL_POSTING_MISMATCH,F09_GL_POSTING_MISMATCH,ANOMALY,NO_FAILURE,0.8198241513152494,2,1,F09_GL_POSTING_MISMATCH,rules_only_correct,rules_only_correct,CLASS_CONFUSION,,
RCA_000834,F09_GL_POSTING_MISMATCH,F09_GL_POSTING_MISMATCH,ANOMALY,F09_GL_POSTING_MISMATCH,0.9891001304218755,2,1,F09_GL_POSTING_MISMATCH,both_correct,both_correct,,,
RCA_000835,F09_GL_POSTING_MISMATCH,F09_GL_POSTING_MISMATCH,ANOMALY,F09_GL_POSTING_MISMATCH,0.9989339070943868,2,1,F09_GL_POSTING_MISMATCH,both_correct,both_correct,,,
RCA_000839,F09_GL_POSTING_MISMATCH,F09_GL_POSTING_MISMATCH,ANOMALY,F09_GL_POSTING_MISMATCH,0.875076192567303,2,1,F09_GL_POSTING_MISMATCH,both_correct,both_correct,,,
RCA_000840,F09_GL_POSTING_MISMATCH,F09_GL_POSTING_MISMATCH,ANOMALY,F09_GL_POSTING_MISMATCH,0.9982957962793136,2,1,F09_GL_POSTING_MISMATCH,both_correct,both_correct,,,
RCA_000851,F09_GL_POSTING_MISMATCH,F09_GL_POSTING_MISMATCH,ANOMALY,F09_GL_POSTING_MISMATCH,0.6235928770669197,2,1,F09_GL_POSTING_MISMATCH,both_correct,both_correct,,,
RCA_000852,F09_GL_POSTING_MISMATCH,F09_GL_POSTING_MISMATCH,ANOMALY,NO_FAILURE,0.5061342701403966,2,1,F09_GL_POSTING_MISMATCH,rules_only_correct,rules_only_correct,CLASS_CONFUSION,,
RCA_000865,F09_GL_POSTING_MISMATCH,F09_GL_POSTING_MISMATCH,ANOMALY,F09_GL_POSTING_MISMATCH,0.9975244633921744,2,1,F09_GL_POSTING_MISMATCH,both_correct,both_correct,,,
RCA_000866,F09_GL_POSTING_MISMATCH,F09_GL_POSTING_MISMATCH,ANOMALY,F09_GL_POSTING_MISMATCH,0.9983751686260729,2,1,F09_GL_POSTING_MISMATCH,both_correct,both_correct,,,
RCA_000867,F09_GL_POSTING_MISMATCH,F09_GL_POSTING_MISMATCH,ANOMALY,F09_GL_POSTING_MISMATCH,0.932386050732774,2,1,F09_GL_POSTING_MISMATCH,both_correct,both_correct,,,
RCA_000868,F09_GL_POSTING_MISMATCH,F09_GL_POSTING_MISMATCH,ANOMALY,F09_GL_POSTING_MISMATCH,0.954972840418668,2,1,F09_GL_POSTING_MISMATCH,both_correct,both_correct,,,
RCA_000880,F09_GL_POSTING_MISMATCH,F09_GL_POSTING_MISMATCH,ANOMALY,F09_GL_POSTING_MISMATCH,0.9226482211514185,2,1,F09_GL_POSTING_MISMATCH,both_correct,both_correct,,,
RCA_000882,F09_GL_POSTING_MISMATCH,F09_GL_POSTING_MISMATCH,ANOMALY,F09_GL_POSTING_MISMATCH,0.9718593159833566,2,1,F09_GL_POSTING_MISMATCH,both_correct,both_correct,,,
RCA_000883,F09_GL_POSTING_MISMATCH,F09_GL_POSTING_MISMATCH,ANOMALY,F09_GL_POSTING_MISMATCH,0.995038069196936,2,1,F09_GL_POSTING_MISMATCH,both_correct,both_correct,,,
RCA_000902,F10_WRONG_ACCOUNTING_PERIOD,F10_WRONG_ACCOUNTING_PERIOD,ANOMALY,F10_WRONG_ACCOUNTING_PERIOD,0.9995694933218207,2,1,F10_WRONG_ACCOUNTING_PERIOD,both_correct,both_correct,,,
RCA_000910,F10_WRONG_ACCOUNTING_PERIOD,F10_WRONG_ACCOUNTING_PERIOD,ANOMALY,F10_WRONG_ACCOUNTING_PERIOD,0.9995651525043433,2,1,F10_WRONG_ACCOUNTING_PERIOD,both_correct,both_correct,,,
RCA_000915,F10_WRONG_ACCOUNTING_PERIOD,F10_WRONG_ACCOUNTING_PERIOD,ANOMALY,F10_WRONG_ACCOUNTING_PERIOD,0.999716439736184,2,1,F10_WRONG_ACCOUNTING_PERIOD,both_correct,both_correct,,,
RCA_000925,F10_WRONG_ACCOUNTING_PERIOD,F10_WRONG_ACCOUNTING_PERIOD,ANOMALY,F10_WRONG_ACCOUNTING_PERIOD,0.9995579043503342,2,1,F10_WRONG_ACCOUNTING_PERIOD,both_correct,both_correct,,,
RCA_000926,F10_WRONG_ACCOUNTING_PERIOD,F10_WRONG_ACCOUNTING_PERIOD,ANOMALY,F10_WRONG_ACCOUNTING_PERIOD,0.9995462133533634,2,1,F10_WRONG_ACCOUNTING_PERIOD,both_correct,both_correct,,,
RCA_000928,F10_WRONG_ACCOUNTING_PERIOD,F10_WRONG_ACCOUNTING_PERIOD,ANOMALY,F10_WRONG_ACCOUNTING_PERIOD,0.9997297442427677,2,1,F10_WRONG_ACCOUNTING_PERIOD,both_correct,both_correct,,,
RCA_000931,F10_WRONG_ACCOUNTING_PERIOD,F10_WRONG_ACCOUNTING_PERIOD,ANOMALY,F10_WRONG_ACCOUNTING_PERIOD,0.9993034736147929,2,1,F10_WRONG_ACCOUNTING_PERIOD,both_correct,both_correct,,,
RCA_000941,F10_WRONG_ACCOUNTING_PERIOD,F10_WRONG_ACCOUNTING_PERIOD,ANOMALY,F10_WRONG_ACCOUNTING_PERIOD,0.9994049010751715,2,1,F10_WRONG_ACCOUNTING_PERIOD,both_correct,both_correct,,,
RCA_000945,F10_WRONG_ACCOUNTING_PERIOD,F10_WRONG_ACCOUNTING_PERIOD,ANOMALY,F10_WRONG_ACCOUNTING_PERIOD,0.999630597505098,2,1,F10_WRONG_ACCOUNTING_PERIOD,both_correct,both_correct,,,
RCA_000946,F10_WRONG_ACCOUNTING_PERIOD,F10_WRONG_ACCOUNTING_PERIOD,ANOMALY,F10_WRONG_ACCOUNTING_PERIOD,0.9992278206754497,2,1,F10_WRONG_ACCOUNTING_PERIOD,both_correct,both_correct,,,
RCA_000948,F10_WRONG_ACCOUNTING_PERIOD,F10_WRONG_ACCOUNTING_PERIOD,ANOMALY,F10_WRONG_ACCOUNTING_PERIOD,0.9994284686769918,2,1,F10_WRONG_ACCOUNTING_PERIOD,both_correct,both_correct,,,
RCA_000955,F10_WRONG_ACCOUNTING_PERIOD,F10_WRONG_ACCOUNTING_PERIOD,ANOMALY,F10_WRONG_ACCOUNTING_PERIOD,0.9990685435999332,2,1,F10_WRONG_ACCOUNTING_PERIOD,both_correct,both_correct,,,
RCA_000964,F10_WRONG_ACCOUNTING_PERIOD,F10_WRONG_ACCOUNTING_PERIOD,ANOMALY,F10_WRONG_ACCOUNTING_PERIOD,0.9989761905378299,2,1,F10_WRONG_ACCOUNTING_PERIOD,both_correct,both_correct,,,
RCA_000965,F10_WRONG_ACCOUNTING_PERIOD,F10_WRONG_ACCOUNTING_PERIOD,ANOMALY,F10_WRONG_ACCOUNTING_PERIOD,0.9996181231198624,2,1,F10_WRONG_ACCOUNTING_PERIOD,both_correct,both_correct,,,
RCA_000975,F10_WRONG_ACCOUNTING_PERIOD,F10_WRONG_ACCOUNTING_PERIOD,ANOMALY,F10_WRONG_ACCOUNTING_PERIOD,0.9994887722718846,2,1,F10_WRONG_ACCOUNTING_PERIOD,both_correct,both_correct,,,
RCA_000980,F10_WRONG_ACCOUNTING_PERIOD,F10_WRONG_ACCOUNTING_PERIOD,ANOMALY,F10_WRONG_ACCOUNTING_PERIOD,0.999696668787277,2,1,F10_WRONG_ACCOUNTING_PERIOD,both_correct,both_correct,,,
RCA_000984,F10_WRONG_ACCOUNTING_PERIOD,F10_WRONG_ACCOUNTING_PERIOD,ANOMALY,F10_WRONG_ACCOUNTING_PERIOD,0.9997752942842595,2,1,F10_WRONG_ACCOUNTING_PERIOD,both_correct,both_correct,,,
RCA_000986,F10_WRONG_ACCOUNTING_PERIOD,F10_WRONG_ACCOUNTING_PERIOD,ANOMALY,F10_WRONG_ACCOUNTING_PERIOD,0.9995942407603752,2,1,F10_WRONG_ACCOUNTING_PERIOD,both_correct,both_correct,,,
RCA_000989,F10_WRONG_ACCOUNTING_PERIOD,F10_WRONG_ACCOUNTING_PERIOD,ANOMALY,F10_WRONG_ACCOUNTING_PERIOD,0.9997395612609148,2,1,F10_WRONG_ACCOUNTING_PERIOD,both_correct,both_correct,,,
RCA_000994,F10_WRONG_ACCOUNTING_PERIOD,F10_WRONG_ACCOUNTING_PERIOD,ANOMALY,F10_WRONG_ACCOUNTING_PERIOD,0.9989663357512699,2,1,F10_WRONG_ACCOUNTING_PERIOD,both_correct,both_correct,,,
RCA_001006,F11_VENDOR_MASTER_CHANGE_CONFLICT,F11_VENDOR_MASTER_CHANGE_CONFLICT,ANOMALY,F11_VENDOR_MASTER_CHANGE_CONFLICT,0.9997566370713493,3,2,F11_VENDOR_MASTER_CHANGE_CONFLICT,both_correct,both_correct,,,
RCA_001010,F11_VENDOR_MASTER_CHANGE_CONFLICT,F11_VENDOR_MASTER_CHANGE_CONFLICT,ANOMALY,F11_VENDOR_MASTER_CHANGE_CONFLICT,0.9987935348247396,3,2,F11_VENDOR_MASTER_CHANGE_CONFLICT,both_correct,both_correct,,,
RCA_001013,F11_VENDOR_MASTER_CHANGE_CONFLICT,F11_VENDOR_MASTER_CHANGE_CONFLICT,ANOMALY,F11_VENDOR_MASTER_CHANGE_CONFLICT,0.9996435667774415,3,2,F11_VENDOR_MASTER_CHANGE_CONFLICT,both_correct,both_correct,,,
RCA_001020,F11_VENDOR_MASTER_CHANGE_CONFLICT,F11_VENDOR_MASTER_CHANGE_CONFLICT,ANOMALY,F11_VENDOR_MASTER_CHANGE_CONFLICT,0.997195459290963,3,2,F11_VENDOR_MASTER_CHANGE_CONFLICT,both_correct,both_correct,,,
RCA_001024,F11_VENDOR_MASTER_CHANGE_CONFLICT,F11_VENDOR_MASTER_CHANGE_CONFLICT,ANOMALY,F11_VENDOR_MASTER_CHANGE_CONFLICT,0.9992829972988057,3,2,F11_VENDOR_MASTER_CHANGE_CONFLICT,both_correct,both_correct,,,
RCA_001030,F11_VENDOR_MASTER_CHANGE_CONFLICT,F11_VENDOR_MASTER_CHANGE_CONFLICT,ANOMALY,F11_VENDOR_MASTER_CHANGE_CONFLICT,0.9996710782798734,3,2,F11_VENDOR_MASTER_CHANGE_CONFLICT,both_correct,both_correct,,,
RCA_001036,F11_VENDOR_MASTER_CHANGE_CONFLICT,F11_VENDOR_MASTER_CHANGE_CONFLICT,ANOMALY,F11_VENDOR_MASTER_CHANGE_CONFLICT,0.9997984630484472,3,2,F11_VENDOR_MASTER_CHANGE_CONFLICT,both_correct,both_correct,,,
RCA_001038,F11_VENDOR_MASTER_CHANGE_CONFLICT,F11_VENDOR_MASTER_CHANGE_CONFLICT,ANOMALY,F11_VENDOR_MASTER_CHANGE_CONFLICT,0.9995123737654962,3,2,F11_VENDOR_MASTER_CHANGE_CONFLICT,both_correct,both_correct,,,
RCA_001040,F11_VENDOR_MASTER_CHANGE_CONFLICT,F11_VENDOR_MASTER_CHANGE_CONFLICT,ANOMALY,F11_VENDOR_MASTER_CHANGE_CONFLICT,0.9993013639351872,3,2,F11_VENDOR_MASTER_CHANGE_CONFLICT,both_correct,both_correct,,,
RCA_001042,F11_VENDOR_MASTER_CHANGE_CONFLICT,F11_VENDOR_MASTER_CHANGE_CONFLICT,ANOMALY,F11_VENDOR_MASTER_CHANGE_CONFLICT,0.9997137402315741,3,2,F11_VENDOR_MASTER_CHANGE_CONFLICT,both_correct,both_correct,,,
RCA_001044,F11_VENDOR_MASTER_CHANGE_CONFLICT,F11_VENDOR_MASTER_CHANGE_CONFLICT,ANOMALY,F11_VENDOR_MASTER_CHANGE_CONFLICT,0.9997498870639189,3,2,F11_VENDOR_MASTER_CHANGE_CONFLICT,both_correct,both_correct,,,
RCA_001045,F11_VENDOR_MASTER_CHANGE_CONFLICT,F11_VENDOR_MASTER_CHANGE_CONFLICT,ANOMALY,F11_VENDOR_MASTER_CHANGE_CONFLICT,0.9997118908804081,3,2,F11_VENDOR_MASTER_CHANGE_CONFLICT,both_correct,both_correct,,,
RCA_001047,F11_VENDOR_MASTER_CHANGE_CONFLICT,F11_VENDOR_MASTER_CHANGE_CONFLICT,ANOMALY,F11_VENDOR_MASTER_CHANGE_CONFLICT,0.9997919670225132,3,2,F11_VENDOR_MASTER_CHANGE_CONFLICT,both_correct,both_correct,,,
RCA_001049,F11_VENDOR_MASTER_CHANGE_CONFLICT,F11_VENDOR_MASTER_CHANGE_CONFLICT,ANOMALY,F11_VENDOR_MASTER_CHANGE_CONFLICT,0.9992202799682971,3,2,F11_VENDOR_MASTER_CHANGE_CONFLICT,both_correct,both_correct,,,
RCA_001057,F11_VENDOR_MASTER_CHANGE_CONFLICT,F11_VENDOR_MASTER_CHANGE_CONFLICT,ANOMALY,F11_VENDOR_MASTER_CHANGE_CONFLICT,0.9996566452092001,3,2,F11_VENDOR_MASTER_CHANGE_CONFLICT,both_correct,both_correct,,,
RCA_001059,F11_VENDOR_MASTER_CHANGE_CONFLICT,F11_VENDOR_MASTER_CHANGE_CONFLICT,ANOMALY,F11_VENDOR_MASTER_CHANGE_CONFLICT,0.9989122176829474,3,2,F11_VENDOR_MASTER_CHANGE_CONFLICT,both_correct,both_correct,,,
RCA_001069,F11_VENDOR_MASTER_CHANGE_CONFLICT,F11_VENDOR_MASTER_CHANGE_CONFLICT,ANOMALY,F11_VENDOR_MASTER_CHANGE_CONFLICT,0.9984726199124481,3,2,F11_VENDOR_MASTER_CHANGE_CONFLICT,both_correct,both_correct,,,
RCA_001073,F11_VENDOR_MASTER_CHANGE_CONFLICT,F11_VENDOR_MASTER_CHANGE_CONFLICT,ANOMALY,F11_VENDOR_MASTER_CHANGE_CONFLICT,0.99680980274863,3,2,F11_VENDOR_MASTER_CHANGE_CONFLICT,both_correct,both_correct,,,
RCA_001077,F11_VENDOR_MASTER_CHANGE_CONFLICT,F11_VENDOR_MASTER_CHANGE_CONFLICT,ANOMALY,F11_VENDOR_MASTER_CHANGE_CONFLICT,0.9996685960183741,3,2,F11_VENDOR_MASTER_CHANGE_CONFLICT,both_correct,both_correct,,,
RCA_001078,F11_VENDOR_MASTER_CHANGE_CONFLICT,F11_VENDOR_MASTER_CHANGE_CONFLICT,ANOMALY,F11_VENDOR_MASTER_CHANGE_CONFLICT,0.9995178061854335,3,2,F11_VENDOR_MASTER_CHANGE_CONFLICT,both_correct,both_correct,,,
RCA_001086,F11_VENDOR_MASTER_CHANGE_CONFLICT,F11_VENDOR_MASTER_CHANGE_CONFLICT,ANOMALY,F11_VENDOR_MASTER_CHANGE_CONFLICT,0.99963148854218,3,2,F11_VENDOR_MASTER_CHANGE_CONFLICT,both_correct,both_correct,,,
RCA_001094,F11_VENDOR_MASTER_CHANGE_CONFLICT,F11_VENDOR_MASTER_CHANGE_CONFLICT,ANOMALY,F11_VENDOR_MASTER_CHANGE_CONFLICT,0.9987409380684832,3,2,F11_VENDOR_MASTER_CHANGE_CONFLICT,both_correct,both_correct,,,
RCA_001096,F11_VENDOR_MASTER_CHANGE_CONFLICT,F11_VENDOR_MASTER_CHANGE_CONFLICT,ANOMALY,F11_VENDOR_MASTER_CHANGE_CONFLICT,0.9988860515780238,3,2,F11_VENDOR_MASTER_CHANGE_CONFLICT,both_correct,both_correct,,,
RCA_001101,F12_ERP_PAYMENT_MISSING_FROM_BANK,F12_ERP_PAYMENT_MISSING_FROM_BANK,ANOMALY,F12_ERP_PAYMENT_MISSING_FROM_BANK,0.99462618119114,2,1,F12_ERP_PAYMENT_MISSING_FROM_BANK,both_correct,both_correct,,,
RCA_001102,F12_ERP_PAYMENT_MISSING_FROM_BANK,F12_ERP_PAYMENT_MISSING_FROM_BANK,ANOMALY,F12_ERP_PAYMENT_MISSING_FROM_BANK,0.9990925173067543,2,1,F12_ERP_PAYMENT_MISSING_FROM_BANK,both_correct,both_correct,,,
RCA_001107,F12_ERP_PAYMENT_MISSING_FROM_BANK,F12_ERP_PAYMENT_MISSING_FROM_BANK,ANOMALY,F12_ERP_PAYMENT_MISSING_FROM_BANK,0.9990225381462126,2,1,F12_ERP_PAYMENT_MISSING_FROM_BANK,both_correct,both_correct,,,
RCA_001111,F12_ERP_PAYMENT_MISSING_FROM_BANK,F07_PARTIAL_PAYMENT_RESIDUAL_BALANCE,ANOMALY,F12_ERP_PAYMENT_MISSING_FROM_BANK,0.9894347758912929,2,1,F12_ERP_PAYMENT_MISSING_FROM_BANK,ml_only_correct,both_correct,,,COLLISION_OR_PRECEDENCE
RCA_001114,F12_ERP_PAYMENT_MISSING_FROM_BANK,F12_ERP_PAYMENT_MISSING_FROM_BANK,ANOMALY,F12_ERP_PAYMENT_MISSING_FROM_BANK,0.9988385806781295,2,1,F12_ERP_PAYMENT_MISSING_FROM_BANK,both_correct,both_correct,,,
RCA_001115,F12_ERP_PAYMENT_MISSING_FROM_BANK,F12_ERP_PAYMENT_MISSING_FROM_BANK,ANOMALY,F12_ERP_PAYMENT_MISSING_FROM_BANK,0.9986765589273483,2,1,F12_ERP_PAYMENT_MISSING_FROM_BANK,both_correct,both_correct,,,
RCA_001117,F12_ERP_PAYMENT_MISSING_FROM_BANK,F15_INCORRECT_PAYMENT_BANK_MATCH,ANOMALY,F12_ERP_PAYMENT_MISSING_FROM_BANK,0.9955740159372912,2,1,F12_ERP_PAYMENT_MISSING_FROM_BANK,ml_only_correct,both_correct,,,COLLISION_OR_PRECEDENCE
RCA_001128,F12_ERP_PAYMENT_MISSING_FROM_BANK,F12_ERP_PAYMENT_MISSING_FROM_BANK,ANOMALY,F12_ERP_PAYMENT_MISSING_FROM_BANK,0.9991954791135682,2,1,F12_ERP_PAYMENT_MISSING_FROM_BANK,both_correct,both_correct,,,
RCA_001132,F12_ERP_PAYMENT_MISSING_FROM_BANK,F12_ERP_PAYMENT_MISSING_FROM_BANK,ANOMALY,F12_ERP_PAYMENT_MISSING_FROM_BANK,0.999167832618829,2,1,F12_ERP_PAYMENT_MISSING_FROM_BANK,both_correct,both_correct,,,
RCA_001133,F12_ERP_PAYMENT_MISSING_FROM_BANK,F12_ERP_PAYMENT_MISSING_FROM_BANK,ANOMALY,F12_ERP_PAYMENT_MISSING_FROM_BANK,0.9983463454236515,2,1,F12_ERP_PAYMENT_MISSING_FROM_BANK,both_correct,both_correct,,,
RCA_001140,F12_ERP_PAYMENT_MISSING_FROM_BANK,F12_ERP_PAYMENT_MISSING_FROM_BANK,ANOMALY,F12_ERP_PAYMENT_MISSING_FROM_BANK,0.9984186961611432,2,1,F12_ERP_PAYMENT_MISSING_FROM_BANK,both_correct,both_correct,,,
RCA_001141,F12_ERP_PAYMENT_MISSING_FROM_BANK,F12_ERP_PAYMENT_MISSING_FROM_BANK,ANOMALY,F12_ERP_PAYMENT_MISSING_FROM_BANK,0.9987221921724669,2,1,F12_ERP_PAYMENT_MISSING_FROM_BANK,both_correct,both_correct,,,
RCA_001146,F12_ERP_PAYMENT_MISSING_FROM_BANK,F12_ERP_PAYMENT_MISSING_FROM_BANK,ANOMALY,F12_ERP_PAYMENT_MISSING_FROM_BANK,0.9993675525447026,2,1,F12_ERP_PAYMENT_MISSING_FROM_BANK,both_correct,both_correct,,,
RCA_001147,F12_ERP_PAYMENT_MISSING_FROM_BANK,F12_ERP_PAYMENT_MISSING_FROM_BANK,ANOMALY,F12_ERP_PAYMENT_MISSING_FROM_BANK,0.9993060990473209,2,1,F12_ERP_PAYMENT_MISSING_FROM_BANK,both_correct,both_correct,,,
RCA_001151,F12_ERP_PAYMENT_MISSING_FROM_BANK,F12_ERP_PAYMENT_MISSING_FROM_BANK,ANOMALY,F12_ERP_PAYMENT_MISSING_FROM_BANK,0.9982333501699818,2,1,F12_ERP_PAYMENT_MISSING_FROM_BANK,both_correct,both_correct,,,
RCA_001154,F12_ERP_PAYMENT_MISSING_FROM_BANK,F12_ERP_PAYMENT_MISSING_FROM_BANK,ANOMALY,F12_ERP_PAYMENT_MISSING_FROM_BANK,0.9983897293000707,2,1,F12_ERP_PAYMENT_MISSING_FROM_BANK,both_correct,both_correct,,,
RCA_001158,F12_ERP_PAYMENT_MISSING_FROM_BANK,F12_ERP_PAYMENT_MISSING_FROM_BANK,ANOMALY,F12_ERP_PAYMENT_MISSING_FROM_BANK,0.9992344443381636,2,1,F12_ERP_PAYMENT_MISSING_FROM_BANK,both_correct,both_correct,,,
RCA_001159,F12_ERP_PAYMENT_MISSING_FROM_BANK,F12_ERP_PAYMENT_MISSING_FROM_BANK,ANOMALY,F12_ERP_PAYMENT_MISSING_FROM_BANK,0.9996046652601736,2,1,F12_ERP_PAYMENT_MISSING_FROM_BANK,both_correct,both_correct,,,
RCA_001170,F12_ERP_PAYMENT_MISSING_FROM_BANK,F12_ERP_PAYMENT_MISSING_FROM_BANK,ANOMALY,F12_ERP_PAYMENT_MISSING_FROM_BANK,0.9988973834676921,2,1,F12_ERP_PAYMENT_MISSING_FROM_BANK,both_correct,both_correct,,,
RCA_001171,F12_ERP_PAYMENT_MISSING_FROM_BANK,F12_ERP_PAYMENT_MISSING_FROM_BANK,ANOMALY,F12_ERP_PAYMENT_MISSING_FROM_BANK,0.9996020003976259,2,1,F12_ERP_PAYMENT_MISSING_FROM_BANK,both_correct,both_correct,,,
RCA_001194,F12_ERP_PAYMENT_MISSING_FROM_BANK,F12_ERP_PAYMENT_MISSING_FROM_BANK,ANOMALY,F12_ERP_PAYMENT_MISSING_FROM_BANK,0.9988584006710411,2,1,F12_ERP_PAYMENT_MISSING_FROM_BANK,both_correct,both_correct,,,
RCA_001206,F13_BANK_TRANSACTION_MISSING_FROM_ERP,F13_BANK_TRANSACTION_MISSING_FROM_ERP,ANOMALY,F13_BANK_TRANSACTION_MISSING_FROM_ERP,0.9996378881559455,2,1,F13_BANK_TRANSACTION_MISSING_FROM_ERP,both_correct,both_correct,,,
RCA_001211,F13_BANK_TRANSACTION_MISSING_FROM_ERP,F13_BANK_TRANSACTION_MISSING_FROM_ERP,ANOMALY,F13_BANK_TRANSACTION_MISSING_FROM_ERP,0.9996376981744759,2,1,F13_BANK_TRANSACTION_MISSING_FROM_ERP,both_correct,both_correct,,,
RCA_001217,F13_BANK_TRANSACTION_MISSING_FROM_ERP,F13_BANK_TRANSACTION_MISSING_FROM_ERP,ANOMALY,F13_BANK_TRANSACTION_MISSING_FROM_ERP,0.9996404028198165,2,1,F13_BANK_TRANSACTION_MISSING_FROM_ERP,both_correct,both_correct,,,
RCA_001218,F13_BANK_TRANSACTION_MISSING_FROM_ERP,F13_BANK_TRANSACTION_MISSING_FROM_ERP,ANOMALY,F13_BANK_TRANSACTION_MISSING_FROM_ERP,0.9996306035226098,2,1,F13_BANK_TRANSACTION_MISSING_FROM_ERP,both_correct,both_correct,,,
RCA_001230,F13_BANK_TRANSACTION_MISSING_FROM_ERP,F13_BANK_TRANSACTION_MISSING_FROM_ERP,ANOMALY,F13_BANK_TRANSACTION_MISSING_FROM_ERP,0.9996299204012076,2,1,F13_BANK_TRANSACTION_MISSING_FROM_ERP,both_correct,both_correct,,,
RCA_001239,F13_BANK_TRANSACTION_MISSING_FROM_ERP,F13_BANK_TRANSACTION_MISSING_FROM_ERP,ANOMALY,F13_BANK_TRANSACTION_MISSING_FROM_ERP,0.9996338533606962,2,1,F13_BANK_TRANSACTION_MISSING_FROM_ERP,both_correct,both_correct,,,
RCA_001241,F13_BANK_TRANSACTION_MISSING_FROM_ERP,F13_BANK_TRANSACTION_MISSING_FROM_ERP,ANOMALY,F13_BANK_TRANSACTION_MISSING_FROM_ERP,0.999631145164712,2,1,F13_BANK_TRANSACTION_MISSING_FROM_ERP,both_correct,both_correct,,,
RCA_001242,F13_BANK_TRANSACTION_MISSING_FROM_ERP,F13_BANK_TRANSACTION_MISSING_FROM_ERP,ANOMALY,F13_BANK_TRANSACTION_MISSING_FROM_ERP,0.9996378648423958,2,1,F13_BANK_TRANSACTION_MISSING_FROM_ERP,both_correct,both_correct,,,
RCA_001243,F13_BANK_TRANSACTION_MISSING_FROM_ERP,F13_BANK_TRANSACTION_MISSING_FROM_ERP,ANOMALY,F13_BANK_TRANSACTION_MISSING_FROM_ERP,0.9996311033559764,2,1,F13_BANK_TRANSACTION_MISSING_FROM_ERP,both_correct,both_correct,,,
RCA_001245,F13_BANK_TRANSACTION_MISSING_FROM_ERP,F13_BANK_TRANSACTION_MISSING_FROM_ERP,ANOMALY,F13_BANK_TRANSACTION_MISSING_FROM_ERP,0.9996378881559455,2,1,F13_BANK_TRANSACTION_MISSING_FROM_ERP,both_correct,both_correct,,,
RCA_001247,F13_BANK_TRANSACTION_MISSING_FROM_ERP,F13_BANK_TRANSACTION_MISSING_FROM_ERP,ANOMALY,F13_BANK_TRANSACTION_MISSING_FROM_ERP,0.9996404028198165,2,1,F13_BANK_TRANSACTION_MISSING_FROM_ERP,both_correct,both_correct,,,
RCA_001251,F13_BANK_TRANSACTION_MISSING_FROM_ERP,F13_BANK_TRANSACTION_MISSING_FROM_ERP,ANOMALY,F13_BANK_TRANSACTION_MISSING_FROM_ERP,0.9996378881559455,2,1,F13_BANK_TRANSACTION_MISSING_FROM_ERP,both_correct,both_correct,,,
RCA_001252,F13_BANK_TRANSACTION_MISSING_FROM_ERP,F13_BANK_TRANSACTION_MISSING_FROM_ERP,ANOMALY,F13_BANK_TRANSACTION_MISSING_FROM_ERP,0.9996372973550148,2,1,F13_BANK_TRANSACTION_MISSING_FROM_ERP,both_correct,both_correct,,,
RCA_001262,F13_BANK_TRANSACTION_MISSING_FROM_ERP,F13_BANK_TRANSACTION_MISSING_FROM_ERP,ANOMALY,F13_BANK_TRANSACTION_MISSING_FROM_ERP,0.9996299204012076,2,1,F13_BANK_TRANSACTION_MISSING_FROM_ERP,both_correct,both_correct,,,
RCA_001264,F13_BANK_TRANSACTION_MISSING_FROM_ERP,F13_BANK_TRANSACTION_MISSING_FROM_ERP,ANOMALY,F13_BANK_TRANSACTION_MISSING_FROM_ERP,0.999638276592494,2,1,F13_BANK_TRANSACTION_MISSING_FROM_ERP,both_correct,both_correct,,,
RCA_001267,F13_BANK_TRANSACTION_MISSING_FROM_ERP,F13_BANK_TRANSACTION_MISSING_FROM_ERP,ANOMALY,F13_BANK_TRANSACTION_MISSING_FROM_ERP,0.9996406806449789,2,1,F13_BANK_TRANSACTION_MISSING_FROM_ERP,both_correct,both_correct,,,
RCA_001270,F13_BANK_TRANSACTION_MISSING_FROM_ERP,F13_BANK_TRANSACTION_MISSING_FROM_ERP,ANOMALY,F13_BANK_TRANSACTION_MISSING_FROM_ERP,0.9996378881559455,2,1,F13_BANK_TRANSACTION_MISSING_FROM_ERP,both_correct,both_correct,,,
RCA_001271,F13_BANK_TRANSACTION_MISSING_FROM_ERP,F13_BANK_TRANSACTION_MISSING_FROM_ERP,ANOMALY,F13_BANK_TRANSACTION_MISSING_FROM_ERP,0.9996348583668027,2,1,F13_BANK_TRANSACTION_MISSING_FROM_ERP,both_correct,both_correct,,,
RCA_001272,F13_BANK_TRANSACTION_MISSING_FROM_ERP,F13_BANK_TRANSACTION_MISSING_FROM_ERP,ANOMALY,F13_BANK_TRANSACTION_MISSING_FROM_ERP,0.9996399274132256,2,1,F13_BANK_TRANSACTION_MISSING_FROM_ERP,both_correct,both_correct,,,
RCA_001278,F13_BANK_TRANSACTION_MISSING_FROM_ERP,F13_BANK_TRANSACTION_MISSING_FROM_ERP,ANOMALY,F13_BANK_TRANSACTION_MISSING_FROM_ERP,0.9996381236838183,2,1,F13_BANK_TRANSACTION_MISSING_FROM_ERP,both_correct,both_correct,,,
RCA_001280,F13_BANK_TRANSACTION_MISSING_FROM_ERP,F13_BANK_TRANSACTION_MISSING_FROM_ERP,ANOMALY,F13_BANK_TRANSACTION_MISSING_FROM_ERP,0.9996378881559455,2,1,F13_BANK_TRANSACTION_MISSING_FROM_ERP,both_correct,both_correct,,,
RCA_001285,F13_BANK_TRANSACTION_MISSING_FROM_ERP,F13_BANK_TRANSACTION_MISSING_FROM_ERP,ANOMALY,F13_BANK_TRANSACTION_MISSING_FROM_ERP,0.9996378648423958,2,1,F13_BANK_TRANSACTION_MISSING_FROM_ERP,both_correct,both_correct,,,
RCA_001290,F13_BANK_TRANSACTION_MISSING_FROM_ERP,F13_BANK_TRANSACTION_MISSING_FROM_ERP,ANOMALY,F13_BANK_TRANSACTION_MISSING_FROM_ERP,0.9996376981744759,2,1,F13_BANK_TRANSACTION_MISSING_FROM_ERP,both_correct,both_correct,,,
RCA_001293,F13_BANK_TRANSACTION_MISSING_FROM_ERP,F13_BANK_TRANSACTION_MISSING_FROM_ERP,ANOMALY,F13_BANK_TRANSACTION_MISSING_FROM_ERP,0.9996299204012076,2,1,F13_BANK_TRANSACTION_MISSING_FROM_ERP,both_correct,both_correct,,,
RCA_001294,F13_BANK_TRANSACTION_MISSING_FROM_ERP,F13_BANK_TRANSACTION_MISSING_FROM_ERP,ANOMALY,F13_BANK_TRANSACTION_MISSING_FROM_ERP,0.999640610548305,2,1,F13_BANK_TRANSACTION_MISSING_FROM_ERP,both_correct,both_correct,,,
RCA_001297,F13_BANK_TRANSACTION_MISSING_FROM_ERP,F13_BANK_TRANSACTION_MISSING_FROM_ERP,ANOMALY,F13_BANK_TRANSACTION_MISSING_FROM_ERP,0.9996378648423958,2,1,F13_BANK_TRANSACTION_MISSING_FROM_ERP,both_correct,both_correct,,,
RCA_001299,F13_BANK_TRANSACTION_MISSING_FROM_ERP,F13_BANK_TRANSACTION_MISSING_FROM_ERP,ANOMALY,F13_BANK_TRANSACTION_MISSING_FROM_ERP,0.9996376981744759,2,1,F13_BANK_TRANSACTION_MISSING_FROM_ERP,both_correct,both_correct,,,
RCA_001300,F13_BANK_TRANSACTION_MISSING_FROM_ERP,F13_BANK_TRANSACTION_MISSING_FROM_ERP,ANOMALY,F13_BANK_TRANSACTION_MISSING_FROM_ERP,0.9996378881559455,2,1,F13_BANK_TRANSACTION_MISSING_FROM_ERP,both_correct,both_correct,,,
RCA_001303,F14_BANK_ERP_AMOUNT_MISMATCH,F14_BANK_ERP_AMOUNT_MISMATCH,ANOMALY,F14_BANK_ERP_AMOUNT_MISMATCH,0.9987129463432167,3,2,F14_BANK_ERP_AMOUNT_MISMATCH,both_correct,both_correct,,,
RCA_001305,F14_BANK_ERP_AMOUNT_MISMATCH,F14_BANK_ERP_AMOUNT_MISMATCH,ANOMALY,F14_BANK_ERP_AMOUNT_MISMATCH,0.9984583858592901,3,2,F14_BANK_ERP_AMOUNT_MISMATCH,both_correct,both_correct,,,
RCA_001310,F14_BANK_ERP_AMOUNT_MISMATCH,F14_BANK_ERP_AMOUNT_MISMATCH,ANOMALY,F14_BANK_ERP_AMOUNT_MISMATCH,0.8415825926141751,3,2,F14_BANK_ERP_AMOUNT_MISMATCH,both_correct,both_correct,,,
RCA_001315,F14_BANK_ERP_AMOUNT_MISMATCH,F14_BANK_ERP_AMOUNT_MISMATCH,ANOMALY,F14_BANK_ERP_AMOUNT_MISMATCH,0.9990435505724462,3,2,F14_BANK_ERP_AMOUNT_MISMATCH,both_correct,both_correct,,,
RCA_001317,F14_BANK_ERP_AMOUNT_MISMATCH,F14_BANK_ERP_AMOUNT_MISMATCH,ANOMALY,F14_BANK_ERP_AMOUNT_MISMATCH,0.8242856510453911,3,2,F14_BANK_ERP_AMOUNT_MISMATCH,both_correct,both_correct,,,
RCA_001320,F14_BANK_ERP_AMOUNT_MISMATCH,F14_BANK_ERP_AMOUNT_MISMATCH,ANOMALY,F14_BANK_ERP_AMOUNT_MISMATCH,0.9950461014362887,3,2,F14_BANK_ERP_AMOUNT_MISMATCH,both_correct,both_correct,,,
RCA_001323,F14_BANK_ERP_AMOUNT_MISMATCH,F14_BANK_ERP_AMOUNT_MISMATCH,ANOMALY,F14_BANK_ERP_AMOUNT_MISMATCH,0.9973379565124701,3,2,F14_BANK_ERP_AMOUNT_MISMATCH,both_correct,both_correct,,,
RCA_001330,F14_BANK_ERP_AMOUNT_MISMATCH,F14_BANK_ERP_AMOUNT_MISMATCH,ANOMALY,F14_BANK_ERP_AMOUNT_MISMATCH,0.9879509908263698,3,2,F14_BANK_ERP_AMOUNT_MISMATCH,both_correct,both_correct,,,
RCA_001332,F14_BANK_ERP_AMOUNT_MISMATCH,F14_BANK_ERP_AMOUNT_MISMATCH,ANOMALY,F14_BANK_ERP_AMOUNT_MISMATCH,0.9976494520819963,3,2,F14_BANK_ERP_AMOUNT_MISMATCH,both_correct,both_correct,,,
RCA_001356,F14_BANK_ERP_AMOUNT_MISMATCH,F14_BANK_ERP_AMOUNT_MISMATCH,ANOMALY,F14_BANK_ERP_AMOUNT_MISMATCH,0.9976025109514163,3,2,F14_BANK_ERP_AMOUNT_MISMATCH,both_correct,both_correct,,,
RCA_001358,F14_BANK_ERP_AMOUNT_MISMATCH,F14_BANK_ERP_AMOUNT_MISMATCH,ANOMALY,F14_BANK_ERP_AMOUNT_MISMATCH,0.9988771328469396,3,2,F14_BANK_ERP_AMOUNT_MISMATCH,both_correct,both_correct,,,
RCA_001365,F14_BANK_ERP_AMOUNT_MISMATCH,F14_BANK_ERP_AMOUNT_MISMATCH,ANOMALY,F14_BANK_ERP_AMOUNT_MISMATCH,0.9771377836938515,3,2,F14_BANK_ERP_AMOUNT_MISMATCH,both_correct,both_correct,,,
RCA_001371,F14_BANK_ERP_AMOUNT_MISMATCH,F14_BANK_ERP_AMOUNT_MISMATCH,ANOMALY,F14_BANK_ERP_AMOUNT_MISMATCH,0.961220018927361,3,2,F14_BANK_ERP_AMOUNT_MISMATCH,both_correct,both_correct,,,
RCA_001378,F14_BANK_ERP_AMOUNT_MISMATCH,F14_BANK_ERP_AMOUNT_MISMATCH,ANOMALY,F14_BANK_ERP_AMOUNT_MISMATCH,0.9965185796488623,3,2,F14_BANK_ERP_AMOUNT_MISMATCH,both_correct,both_correct,,,
RCA_001380,F14_BANK_ERP_AMOUNT_MISMATCH,F14_BANK_ERP_AMOUNT_MISMATCH,ANOMALY,F14_BANK_ERP_AMOUNT_MISMATCH,0.9971516615661745,3,2,F14_BANK_ERP_AMOUNT_MISMATCH,both_correct,both_correct,,,
RCA_001388,F14_BANK_ERP_AMOUNT_MISMATCH,F14_BANK_ERP_AMOUNT_MISMATCH,ANOMALY,F14_BANK_ERP_AMOUNT_MISMATCH,0.9962424774554843,3,2,F14_BANK_ERP_AMOUNT_MISMATCH,both_correct,both_correct,,,
RCA_001408,F15_INCORRECT_PAYMENT_BANK_MATCH,F15_INCORRECT_PAYMENT_BANK_MATCH,ANOMALY,F15_INCORRECT_PAYMENT_BANK_MATCH,0.9997593993704954,3,3,F15_INCORRECT_PAYMENT_BANK_MATCH,both_correct,both_correct,,,
RCA_001416,F15_INCORRECT_PAYMENT_BANK_MATCH,F15_INCORRECT_PAYMENT_BANK_MATCH,ANOMALY,F15_INCORRECT_PAYMENT_BANK_MATCH,0.9930154785625139,3,3,F15_INCORRECT_PAYMENT_BANK_MATCH,both_correct,both_correct,,,
RCA_001419,F15_INCORRECT_PAYMENT_BANK_MATCH,F15_INCORRECT_PAYMENT_BANK_MATCH,ANOMALY,F15_INCORRECT_PAYMENT_BANK_MATCH,0.9954627526037114,3,3,F15_INCORRECT_PAYMENT_BANK_MATCH,both_correct,both_correct,,,
RCA_001427,F15_INCORRECT_PAYMENT_BANK_MATCH,F15_INCORRECT_PAYMENT_BANK_MATCH,ANOMALY,F15_INCORRECT_PAYMENT_BANK_MATCH,0.9996284030669362,3,3,F15_INCORRECT_PAYMENT_BANK_MATCH,both_correct,both_correct,,,
RCA_001429,F15_INCORRECT_PAYMENT_BANK_MATCH,F15_INCORRECT_PAYMENT_BANK_MATCH,ANOMALY,F15_INCORRECT_PAYMENT_BANK_MATCH,0.9993292830036247,3,3,F15_INCORRECT_PAYMENT_BANK_MATCH,both_correct,both_correct,,,
RCA_001431,F15_INCORRECT_PAYMENT_BANK_MATCH,F15_INCORRECT_PAYMENT_BANK_MATCH,ANOMALY,F15_INCORRECT_PAYMENT_BANK_MATCH,0.9995343564778407,3,3,F15_INCORRECT_PAYMENT_BANK_MATCH,both_correct,both_correct,,,
RCA_001432,F15_INCORRECT_PAYMENT_BANK_MATCH,F15_INCORRECT_PAYMENT_BANK_MATCH,ANOMALY,F15_INCORRECT_PAYMENT_BANK_MATCH,0.981142500317287,3,3,F15_INCORRECT_PAYMENT_BANK_MATCH,both_correct,both_correct,,,
RCA_001443,F15_INCORRECT_PAYMENT_BANK_MATCH,F15_INCORRECT_PAYMENT_BANK_MATCH,ANOMALY,F15_INCORRECT_PAYMENT_BANK_MATCH,0.9991627914207889,3,3,F15_INCORRECT_PAYMENT_BANK_MATCH,both_correct,both_correct,,,
RCA_001455,F15_INCORRECT_PAYMENT_BANK_MATCH,F15_INCORRECT_PAYMENT_BANK_MATCH,ANOMALY,F15_INCORRECT_PAYMENT_BANK_MATCH,0.8717572601761743,3,3,F15_INCORRECT_PAYMENT_BANK_MATCH,both_correct,both_correct,,,
RCA_001457,F15_INCORRECT_PAYMENT_BANK_MATCH,F15_INCORRECT_PAYMENT_BANK_MATCH,ANOMALY,F15_INCORRECT_PAYMENT_BANK_MATCH,0.9995071948211308,3,3,F15_INCORRECT_PAYMENT_BANK_MATCH,both_correct,both_correct,,,
RCA_001459,F15_INCORRECT_PAYMENT_BANK_MATCH,F15_INCORRECT_PAYMENT_BANK_MATCH,ANOMALY,F15_INCORRECT_PAYMENT_BANK_MATCH,0.9955775533662432,3,3,F15_INCORRECT_PAYMENT_BANK_MATCH,both_correct,both_correct,,,
RCA_001462,F15_INCORRECT_PAYMENT_BANK_MATCH,F15_INCORRECT_PAYMENT_BANK_MATCH,ANOMALY,F15_INCORRECT_PAYMENT_BANK_MATCH,0.9875806471658904,3,3,F15_INCORRECT_PAYMENT_BANK_MATCH,both_correct,both_correct,,,
RCA_001469,F15_INCORRECT_PAYMENT_BANK_MATCH,F15_INCORRECT_PAYMENT_BANK_MATCH,ANOMALY,F15_INCORRECT_PAYMENT_BANK_MATCH,0.9994653355221529,3,3,F15_INCORRECT_PAYMENT_BANK_MATCH,both_correct,both_correct,,,
RCA_001472,F15_INCORRECT_PAYMENT_BANK_MATCH,F15_INCORRECT_PAYMENT_BANK_MATCH,ANOMALY,F15_INCORRECT_PAYMENT_BANK_MATCH,0.9996096695009526,3,3,F15_INCORRECT_PAYMENT_BANK_MATCH,both_correct,both_correct,,,
RCA_001481,F15_INCORRECT_PAYMENT_BANK_MATCH,F15_INCORRECT_PAYMENT_BANK_MATCH,ANOMALY,F15_INCORRECT_PAYMENT_BANK_MATCH,0.9996896418976738,3,3,F15_INCORRECT_PAYMENT_BANK_MATCH,both_correct,both_correct,,,
RCA_001484,F15_INCORRECT_PAYMENT_BANK_MATCH,F15_INCORRECT_PAYMENT_BANK_MATCH,ANOMALY,F15_INCORRECT_PAYMENT_BANK_MATCH,0.9989330879768815,3,3,F15_INCORRECT_PAYMENT_BANK_MATCH,both_correct,both_correct,,,
RCA_001486,F15_INCORRECT_PAYMENT_BANK_MATCH,F15_INCORRECT_PAYMENT_BANK_MATCH,ANOMALY,F15_INCORRECT_PAYMENT_BANK_MATCH,0.9966192092096702,3,3,F15_INCORRECT_PAYMENT_BANK_MATCH,both_correct,both_correct,,,
RCA_001494,F15_INCORRECT_PAYMENT_BANK_MATCH,F15_INCORRECT_PAYMENT_BANK_MATCH,ANOMALY,F15_INCORRECT_PAYMENT_BANK_MATCH,0.9829924620115399,3,3,F15_INCORRECT_PAYMENT_BANK_MATCH,both_correct,both_correct,,,
RCA_001497,F15_INCORRECT_PAYMENT_BANK_MATCH,F15_INCORRECT_PAYMENT_BANK_MATCH,ANOMALY,NO_FAILURE,0.48380602166491665,3,3,F15_INCORRECT_PAYMENT_BANK_MATCH,rules_only_correct,rules_only_correct,RELATIONAL_COMPLEXITY,CLASS_CONFUSION,
RCA_001498,F15_INCORRECT_PAYMENT_BANK_MATCH,F15_INCORRECT_PAYMENT_BANK_MATCH,ANOMALY,F15_INCORRECT_PAYMENT_BANK_MATCH,0.9995640775471498,3,3,F15_INCORRECT_PAYMENT_BANK_MATCH,both_correct,both_correct,,,
RCA_001504,NO_FAILURE,,INSUFFICIENT_EVIDENCE,F09_GL_POSTING_MISMATCH,0.94400428909342,0,0,NO_FAILURE,both_wrong,both_wrong,CLASS_CONFUSION,,MISSING_EVIDENCE
RCA_001509,NO_FAILURE,F07_PARTIAL_PAYMENT_RESIDUAL_BALANCE,ANOMALY,NO_FAILURE,0.987851469646724,0,0,NO_FAILURE,ml_only_correct,ml_only_correct,,,FALSE_POSITIVE
RCA_001510,NO_FAILURE,,INSUFFICIENT_EVIDENCE,NO_FAILURE,0.9905905759477172,0,0,NO_FAILURE,ml_only_correct,ml_only_correct,,,MISSING_EVIDENCE
RCA_001512,NO_FAILURE,NO_FAILURE,MATCH,NO_FAILURE,0.9919338525858804,0,0,NO_FAILURE,both_correct,both_correct,,,
RCA_001521,NO_FAILURE,NO_FAILURE,MATCH,NO_FAILURE,0.9473620110375992,0,0,NO_FAILURE,both_correct,both_correct,,,
RCA_001543,NO_FAILURE,NO_FAILURE,MATCH,NO_FAILURE,0.9978006559847646,0,0,NO_FAILURE,both_correct,both_correct,,,
RCA_001550,NO_FAILURE,NO_FAILURE,MATCH,NO_FAILURE,0.9286327506746954,0,0,NO_FAILURE,both_correct,both_correct,,,
RCA_001557,NO_FAILURE,,INSUFFICIENT_EVIDENCE,NO_FAILURE,0.9946174837043691,0,0,NO_FAILURE,ml_only_correct,ml_only_correct,,,MISSING_EVIDENCE
RCA_001573,NO_FAILURE,,INSUFFICIENT_EVIDENCE,NO_FAILURE,0.995507531981172,0,0,NO_FAILURE,ml_only_correct,ml_only_correct,,,MISSING_EVIDENCE
RCA_001584,NO_FAILURE,F11_VENDOR_MASTER_CHANGE_CONFLICT,ANOMALY,F09_GL_POSTING_MISMATCH,0.5419493005721117,0,0,NO_FAILURE,both_wrong,both_wrong,CLASS_CONFUSION,,FALSE_POSITIVE
RCA_001585,NO_FAILURE,NO_FAILURE,MATCH,F02_PO_INVOICE_AMOUNT_MISMATCH,0.9592649759141064,0,0,NO_FAILURE,rules_only_correct,rules_only_correct,MISSING_INFORMATION,CLASS_CONFUSION,
RCA_001586,NO_FAILURE,NO_FAILURE,MATCH,NO_FAILURE,0.9889004420069424,0,0,NO_FAILURE,both_correct,both_correct,,,
RCA_001587,NO_FAILURE,,INSUFFICIENT_EVIDENCE,NO_FAILURE,0.9973108901239758,0,0,NO_FAILURE,ml_only_correct,ml_only_correct,,,MISSING_EVIDENCE
RCA_001588,NO_FAILURE,NO_FAILURE,MATCH,NO_FAILURE,0.9993040535877987,0,0,NO_FAILURE,both_correct,both_correct,,,
RCA_001594,NO_FAILURE,,INSUFFICIENT_EVIDENCE,NO_FAILURE,0.9398251180862811,0,0,NO_FAILURE,ml_only_correct,ml_only_correct,,,MISSING_EVIDENCE
RCA_001611,NO_FAILURE,NO_FAILURE,MATCH,NO_FAILURE,0.9996737565602152,0,0,NO_FAILURE,both_correct,both_correct,,,
RCA_001612,NO_FAILURE,NO_FAILURE,MATCH,NO_FAILURE,0.9992670588938691,0,0,NO_FAILURE,both_correct,both_correct,,,
RCA_001613,NO_FAILURE,NO_FAILURE,MATCH,NO_FAILURE,0.9981211536106767,0,0,NO_FAILURE,both_correct,both_correct,,,
RCA_001623,NO_FAILURE,NO_FAILURE,MATCH,NO_FAILURE,0.9957882213436199,0,0,NO_FAILURE,both_correct,both_correct,,,
RCA_001624,NO_FAILURE,NO_FAILURE,MATCH,NO_FAILURE,0.9658571315915799,0,0,NO_FAILURE,both_correct,both_correct,,,
RCA_001625,NO_FAILURE,,INSUFFICIENT_EVIDENCE,NO_FAILURE,0.9733544461082508,0,0,NO_FAILURE,ml_only_correct,ml_only_correct,,,MISSING_EVIDENCE
RCA_001629,NO_FAILURE,F10_WRONG_ACCOUNTING_PERIOD,ANOMALY,NO_FAILURE,0.9912928111933279,0,0,NO_FAILURE,ml_only_correct,ml_only_correct,,,FALSE_POSITIVE
RCA_001633,NO_FAILURE,NO_FAILURE,MATCH,NO_FAILURE,0.7330209746626206,0,0,NO_FAILURE,both_correct,both_correct,,,
RCA_001636,NO_FAILURE,NO_FAILURE,MATCH,NO_FAILURE,0.9974484328456548,0,0,NO_FAILURE,both_correct,both_correct,,,
RCA_001640,NO_FAILURE,NO_FAILURE,MATCH,NO_FAILURE,0.9843414294519993,0,0,NO_FAILURE,both_correct,both_correct,,,
RCA_001644,NO_FAILURE,,INSUFFICIENT_EVIDENCE,NO_FAILURE,0.998352363971535,0,0,NO_FAILURE,ml_only_correct,ml_only_correct,,,MISSING_EVIDENCE
RCA_001650,NO_FAILURE,NO_FAILURE,MATCH,NO_FAILURE,0.9127460103365108,0,0,NO_FAILURE,both_correct,both_correct,,,
RCA_001651,NO_FAILURE,,INSUFFICIENT_EVIDENCE,NO_FAILURE,0.9992844768537991,0,0,NO_FAILURE,ml_only_correct,ml_only_correct,,,MISSING_EVIDENCE
RCA_001656,NO_FAILURE,NO_FAILURE,MATCH,NO_FAILURE,0.9986485122523568,0,0,NO_FAILURE,both_correct,both_correct,,,
RCA_001657,NO_FAILURE,,INSUFFICIENT_EVIDENCE,NO_FAILURE,0.9781813674439348,0,0,NO_FAILURE,ml_only_correct,ml_only_correct,,,MISSING_EVIDENCE
RCA_001658,NO_FAILURE,,INSUFFICIENT_EVIDENCE,NO_FAILURE,0.9441530902030211,0,0,NO_FAILURE,ml_only_correct,ml_only_correct,,,MISSING_EVIDENCE
RCA_001661,NO_FAILURE,NO_FAILURE,MATCH,NO_FAILURE,0.9986810359476437,0,0,NO_FAILURE,both_correct,both_correct,,,
RCA_001667,NO_FAILURE,,INSUFFICIENT_EVIDENCE,NO_FAILURE,0.9988852927632924,0,0,NO_FAILURE,ml_only_correct,ml_only_correct,,,MISSING_EVIDENCE
RCA_001668,NO_FAILURE,NO_FAILURE,MATCH,NO_FAILURE,0.9968152859875921,0,0,NO_FAILURE,both_correct,both_correct,,,
RCA_001675,NO_FAILURE,NO_FAILURE,MATCH,NO_FAILURE,0.9988794289147139,0,0,NO_FAILURE,both_correct,both_correct,,,
RCA_001677,NO_FAILURE,F15_INCORRECT_PAYMENT_BANK_MATCH,ANOMALY,NO_FAILURE,0.7939804522451297,0,0,NO_FAILURE,ml_only_correct,ml_only_correct,,,FALSE_POSITIVE
RCA_001685,NO_FAILURE,F07_PARTIAL_PAYMENT_RESIDUAL_BALANCE,ANOMALY,NO_FAILURE,0.9848408945541997,0,0,NO_FAILURE,ml_only_correct,ml_only_correct,,,FALSE_POSITIVE
RCA_001687,NO_FAILURE,NO_FAILURE,MATCH,NO_FAILURE,0.9985338421552082,0,0,NO_FAILURE,both_correct,both_correct,,,
RCA_001689,NO_FAILURE,,INSUFFICIENT_EVIDENCE,NO_FAILURE,0.989421770540214,0,0,NO_FAILURE,ml_only_correct,ml_only_correct,,,MISSING_EVIDENCE
RCA_001695,NO_FAILURE,NO_FAILURE,MATCH,NO_FAILURE,0.9997348341053445,0,0,NO_FAILURE,both_correct,both_correct,,,
RCA_001699,NO_FAILURE,,INSUFFICIENT_EVIDENCE,NO_FAILURE,0.9853126201211986,0,0,NO_FAILURE,ml_only_correct,ml_only_correct,,,MISSING_EVIDENCE
RCA_001707,NO_FAILURE,,INSUFFICIENT_EVIDENCE,NO_FAILURE,0.9987102714951949,0,0,NO_FAILURE,ml_only_correct,ml_only_correct,,,MISSING_EVIDENCE
RCA_001709,NO_FAILURE,F11_VENDOR_MASTER_CHANGE_CONFLICT,ANOMALY,F11_VENDOR_MASTER_CHANGE_CONFLICT,0.7630885362081711,0,0,NO_FAILURE,both_wrong,both_wrong,CLASS_CONFUSION,,FALSE_POSITIVE
RCA_001720,NO_FAILURE,NO_FAILURE,MATCH,NO_FAILURE,0.9905508234384808,0,0,NO_FAILURE,both_correct,both_correct,,,
RCA_001729,NO_FAILURE,NO_FAILURE,MATCH,NO_FAILURE,0.9668245470834314,0,0,NO_FAILURE,both_correct,both_correct,,,
RCA_001730,NO_FAILURE,NO_FAILURE,MATCH,NO_FAILURE,0.9448164668300714,0,0,NO_FAILURE,both_correct,both_correct,,,
RCA_001748,NO_FAILURE,NO_FAILURE,MATCH,NO_FAILURE,0.9934547974898634,0,0,NO_FAILURE,both_correct,both_correct,,,
RCA_001754,NO_FAILURE,,INSUFFICIENT_EVIDENCE,NO_FAILURE,0.983696198253154,0,0,NO_FAILURE,ml_only_correct,ml_only_correct,,,MISSING_EVIDENCE
RCA_001757,NO_FAILURE,NO_FAILURE,MATCH,NO_FAILURE,0.995002182879616,0,0,NO_FAILURE,both_correct,both_correct,,,
RCA_001761,NO_FAILURE,NO_FAILURE,MATCH,NO_FAILURE,0.7713315134459905,0,0,NO_FAILURE,both_correct,both_correct,,,
RCA_001762,NO_FAILURE,NO_FAILURE,MATCH,NO_FAILURE,0.9271639740391598,0,0,NO_FAILURE,both_correct,both_correct,,,
RCA_001765,NO_FAILURE,F08_APPROVAL_WORKFLOW_FAILURE,ANOMALY,NO_FAILURE,0.9593786233121204,0,0,NO_FAILURE,ml_only_correct,ml_only_correct,,,FALSE_POSITIVE
RCA_001770,NO_FAILURE,,INSUFFICIENT_EVIDENCE,F14_BANK_ERP_AMOUNT_MISMATCH,0.5808367959378077,0,0,NO_FAILURE,both_wrong,both_wrong,CLASS_CONFUSION,,MISSING_EVIDENCE
RCA_001783,NO_FAILURE,NO_FAILURE,MATCH,NO_FAILURE,0.9980165460013358,0,0,NO_FAILURE,both_correct,both_correct,,,
RCA_001785,NO_FAILURE,,INSUFFICIENT_EVIDENCE,NO_FAILURE,0.9760954679694012,0,0,NO_FAILURE,ml_only_correct,ml_only_correct,,,MISSING_EVIDENCE
RCA_001798,NO_FAILURE,,INSUFFICIENT_EVIDENCE,NO_FAILURE,0.9876585571872932,0,0,NO_FAILURE,ml_only_correct,ml_only_correct,,,MISSING_EVIDENCE
RCA_001803,NO_FAILURE,NO_FAILURE,MATCH,NO_FAILURE,0.9992128087943883,0,0,NO_FAILURE,both_correct,both_correct,,,
RCA_001806,NO_FAILURE,NO_FAILURE,MATCH,NO_FAILURE,0.9179610789829398,0,0,NO_FAILURE,both_correct,both_correct,,,
RCA_001811,NO_FAILURE,,INSUFFICIENT_EVIDENCE,NO_FAILURE,0.9632688523643483,0,0,NO_FAILURE,ml_only_correct,ml_only_correct,,,MISSING_EVIDENCE
RCA_001814,NO_FAILURE,,INSUFFICIENT_EVIDENCE,NO_FAILURE,0.9643685857539234,0,0,NO_FAILURE,ml_only_correct,ml_only_correct,,,MISSING_EVIDENCE
RCA_001816,NO_FAILURE,NO_FAILURE,MATCH,NO_FAILURE,0.99913136698251,0,0,NO_FAILURE,both_correct,both_correct,,,
RCA_001822,NO_FAILURE,NO_FAILURE,MATCH,NO_FAILURE,0.941655464582632,0,0,NO_FAILURE,both_correct,both_correct,,,
RCA_001823,NO_FAILURE,NO_FAILURE,MATCH,NO_FAILURE,0.9993421878564587,0,0,NO_FAILURE,both_correct,both_correct,,,
RCA_001827,NO_FAILURE,,INSUFFICIENT_EVIDENCE,NO_FAILURE,0.9995712608774623,0,0,NO_FAILURE,ml_only_correct,ml_only_correct,,,MISSING_EVIDENCE
RCA_001829,NO_FAILURE,,INSUFFICIENT_EVIDENCE,NO_FAILURE,0.995870267173335,0,0,NO_FAILURE,ml_only_correct,ml_only_correct,,,MISSING_EVIDENCE
RCA_001832,NO_FAILURE,NO_FAILURE,MATCH,NO_FAILURE,0.9967047796893043,0,0,NO_FAILURE,both_correct,both_correct,,,
RCA_001838,NO_FAILURE,NO_FAILURE,MATCH,NO_FAILURE,0.9968444566578399,0,0,NO_FAILURE,both_correct,both_correct,,,
RCA_001839,NO_FAILURE,,INSUFFICIENT_EVIDENCE,NO_FAILURE,0.9959922027953425,0,0,NO_FAILURE,ml_only_correct,ml_only_correct,,,MISSING_EVIDENCE
RCA_001840,NO_FAILURE,NO_FAILURE,MATCH,F09_GL_POSTING_MISMATCH,0.9668633843288345,0,0,NO_FAILURE,rules_only_correct,rules_only_correct,CLASS_CONFUSION,,
RCA_001846,NO_FAILURE,,INSUFFICIENT_EVIDENCE,NO_FAILURE,0.9851661911865875,0,0,NO_FAILURE,ml_only_correct,ml_only_correct,,,MISSING_EVIDENCE
RCA_001848,NO_FAILURE,NO_FAILURE,MATCH,NO_FAILURE,0.9982148581523381,0,0,NO_FAILURE,both_correct,both_correct,,,
RCA_001850,NO_FAILURE,,INSUFFICIENT_EVIDENCE,NO_FAILURE,0.9902864629235649,0,0,NO_FAILURE,ml_only_correct,ml_only_correct,,,MISSING_EVIDENCE
RCA_001856,NO_FAILURE,,INSUFFICIENT_EVIDENCE,NO_FAILURE,0.8476146784556244,0,0,NO_FAILURE,ml_only_correct,ml_only_correct,,,MISSING_EVIDENCE
RCA_001862,NO_FAILURE,,INSUFFICIENT_EVIDENCE,NO_FAILURE,0.9878558032229936,0,0,NO_FAILURE,ml_only_correct,ml_only_correct,,,MISSING_EVIDENCE
RCA_001865,NO_FAILURE,,INSUFFICIENT_EVIDENCE,NO_FAILURE,0.9949852916574562,0,0,NO_FAILURE,ml_only_correct,ml_only_correct,,,MISSING_EVIDENCE
RCA_001868,NO_FAILURE,NO_FAILURE,MATCH,NO_FAILURE,0.998312303517775,0,0,NO_FAILURE,both_correct,both_correct,,,
RCA_001881,NO_FAILURE,,INSUFFICIENT_EVIDENCE,NO_FAILURE,0.9830851343384123,0,0,NO_FAILURE,ml_only_correct,ml_only_correct,,,MISSING_EVIDENCE
RCA_001894,NO_FAILURE,,INSUFFICIENT_EVIDENCE,NO_FAILURE,0.9837806434712375,0,0,NO_FAILURE,ml_only_correct,ml_only_correct,,,MISSING_EVIDENCE
RCA_001897,NO_FAILURE,,INSUFFICIENT_EVIDENCE,NO_FAILURE,0.9076143385293576,0,0,NO_FAILURE,ml_only_correct,ml_only_correct,,,MISSING_EVIDENCE
RCA_001910,NO_FAILURE,,INSUFFICIENT_EVIDENCE,NO_FAILURE,0.9761889178151723,0,0,NO_FAILURE,ml_only_correct,ml_only_correct,,,MISSING_EVIDENCE
RCA_001913,NO_FAILURE,,INSUFFICIENT_EVIDENCE,NO_FAILURE,0.9863917155563525,0,0,NO_FAILURE,ml_only_correct,ml_only_correct,,,MISSING_EVIDENCE
RCA_001914,NO_FAILURE,,INSUFFICIENT_EVIDENCE,F14_BANK_ERP_AMOUNT_MISMATCH,0.5500517012874471,0,0,NO_FAILURE,both_wrong,both_wrong,CLASS_CONFUSION,,MISSING_EVIDENCE
RCA_001916,NO_FAILURE,NO_FAILURE,MATCH,NO_FAILURE,0.9971498233109973,0,0,NO_FAILURE,both_correct,both_correct,,,
RCA_001917,NO_FAILURE,NO_FAILURE,MATCH,NO_FAILURE,0.9156900114873622,0,0,NO_FAILURE,both_correct,both_correct,,,
RCA_001918,NO_FAILURE,NO_FAILURE,MATCH,F08_APPROVAL_WORKFLOW_FAILURE,0.7717201626861881,0,0,NO_FAILURE,rules_only_correct,rules_only_correct,CLASS_CONFUSION,,
RCA_001924,NO_FAILURE,NO_FAILURE,MATCH,NO_FAILURE,0.9991623392213166,0,0,NO_FAILURE,both_correct,both_correct,,,
RCA_001931,NO_FAILURE,NO_FAILURE,MATCH,NO_FAILURE,0.9970793106184631,0,0,NO_FAILURE,both_correct,both_correct,,,
RCA_001934,NO_FAILURE,NO_FAILURE,MATCH,NO_FAILURE,0.9608736541875783,0,0,NO_FAILURE,both_correct,both_correct,,,
RCA_001938,NO_FAILURE,NO_FAILURE,MATCH,NO_FAILURE,0.9537118481338559,0,0,NO_FAILURE,both_correct,both_correct,,,
RCA_001942,NO_FAILURE,,INSUFFICIENT_EVIDENCE,F14_BANK_ERP_AMOUNT_MISMATCH,0.719015803691779,0,0,NO_FAILURE,both_wrong,both_wrong,CLASS_CONFUSION,,MISSING_EVIDENCE
RCA_001950,NO_FAILURE,NO_FAILURE,MATCH,NO_FAILURE,0.526503981759756,0,0,NO_FAILURE,both_correct,both_correct,,,
RCA_001956,NO_FAILURE,NO_FAILURE,MATCH,NO_FAILURE,0.9995149304268759,0,0,NO_FAILURE,both_correct,both_correct,,,
RCA_001965,NO_FAILURE,NO_FAILURE,MATCH,NO_FAILURE,0.9995453518520122,0,0,NO_FAILURE,both_correct,both_correct,,,
RCA_001970,NO_FAILURE,NO_FAILURE,MATCH,NO_FAILURE,0.5114036646857285,0,0,NO_FAILURE,both_correct,both_correct,,,
RCA_001972,NO_FAILURE,NO_FAILURE,MATCH,NO_FAILURE,0.9985780697994192,0,0,NO_FAILURE,both_correct,both_correct,,,
RCA_001974,NO_FAILURE,,INSUFFICIENT_EVIDENCE,NO_FAILURE,0.8491793382029664,0,0,NO_FAILURE,ml_only_correct,ml_only_correct,,,MISSING_EVIDENCE
RCA_001979,NO_FAILURE,NO_FAILURE,MATCH,NO_FAILURE,0.9968024630502333,0,0,NO_FAILURE,both_correct,both_correct,,,
RCA_001986,NO_FAILURE,NO_FAILURE,MATCH,NO_FAILURE,0.5001298641322309,0,0,NO_FAILURE,both_correct,both_correct,,,
RCA_001995,NO_FAILURE,,INSUFFICIENT_EVIDENCE,NO_FAILURE,0.9972548051422512,0,0,NO_FAILURE,ml_only_correct,ml_only_correct,,,MISSING_EVIDENCE
RCA_001998,NO_FAILURE,NO_FAILURE,MATCH,NO_FAILURE,0.9073846194515611,0,0,NO_FAILURE,both_correct,both_correct,,,
RCA_002002,NO_FAILURE,NO_FAILURE,MATCH,NO_FAILURE,0.614464089638077,0,0,NO_FAILURE,both_correct,both_correct,,,
RCA_002003,NO_FAILURE,,INSUFFICIENT_EVIDENCE,NO_FAILURE,0.9989343163955313,0,0,NO_FAILURE,ml_only_correct,ml_only_correct,,,MISSING_EVIDENCE
RCA_002005,NO_FAILURE,F07_PARTIAL_PAYMENT_RESIDUAL_BALANCE,ANOMALY,NO_FAILURE,0.9763548913827135,0,0,NO_FAILURE,ml_only_correct,ml_only_correct,,,FALSE_POSITIVE
RCA_002007,NO_FAILURE,NO_FAILURE,MATCH,NO_FAILURE,0.9985248930808303,0,0,NO_FAILURE,both_correct,both_correct,,,
RCA_002008,NO_FAILURE,NO_FAILURE,MATCH,NO_FAILURE,0.9981735233826351,0,0,NO_FAILURE,both_correct,both_correct,,,
RCA_002012,NO_FAILURE,NO_FAILURE,MATCH,NO_FAILURE,0.9949429017961618,0,0,NO_FAILURE,both_correct,both_correct,,,
RCA_002018,NO_FAILURE,NO_FAILURE,MATCH,NO_FAILURE,0.9588334402971139,0,0,NO_FAILURE,both_correct,both_correct,,,
RCA_002023,NO_FAILURE,NO_FAILURE,MATCH,NO_FAILURE,0.9984602469036167,0,0,NO_FAILURE,both_correct,both_correct,,,
RCA_002030,NO_FAILURE,NO_FAILURE,MATCH,NO_FAILURE,0.9050944296222699,0,0,NO_FAILURE,both_correct,both_correct,,,
RCA_002033,NO_FAILURE,NO_FAILURE,MATCH,NO_FAILURE,0.9037128912884121,0,0,NO_FAILURE,both_correct,both_correct,,,
RCA_002036,NO_FAILURE,NO_FAILURE,MATCH,NO_FAILURE,0.9965098171395748,0,0,NO_FAILURE,both_correct,both_correct,,,
RCA_002039,NO_FAILURE,NO_FAILURE,MATCH,NO_FAILURE,0.9986454099088543,0,0,NO_FAILURE,both_correct,both_correct,,,
RCA_002040,NO_FAILURE,NO_FAILURE,MATCH,NO_FAILURE,0.9931647575400524,0,0,NO_FAILURE,both_correct,both_correct,,,
RCA_002051,NO_FAILURE,,INSUFFICIENT_EVIDENCE,NO_FAILURE,0.9982782178843277,0,0,NO_FAILURE,ml_only_correct,ml_only_correct,,,MISSING_EVIDENCE
RCA_002065,NO_FAILURE,NO_FAILURE,MATCH,F02_PO_INVOICE_AMOUNT_MISMATCH,0.9726608310354329,0,0,NO_FAILURE,rules_only_correct,rules_only_correct,MISSING_INFORMATION,CLASS_CONFUSION,
RCA_002066,NO_FAILURE,NO_FAILURE,MATCH,NO_FAILURE,0.8290599675421862,0,0,NO_FAILURE,both_correct,both_correct,,,
RCA_002074,NO_FAILURE,,INSUFFICIENT_EVIDENCE,NO_FAILURE,0.9100444464743852,0,0,NO_FAILURE,ml_only_correct,ml_only_correct,,,MISSING_EVIDENCE
RCA_002075,NO_FAILURE,NO_FAILURE,MATCH,NO_FAILURE,0.9997399882844212,0,0,NO_FAILURE,both_correct,both_correct,,,
RCA_002078,NO_FAILURE,NO_FAILURE,MATCH,NO_FAILURE,0.9279401208765629,0,0,NO_FAILURE,both_correct,both_correct,,,
RCA_002086,NO_FAILURE,,INSUFFICIENT_EVIDENCE,F14_BANK_ERP_AMOUNT_MISMATCH,0.6541844294943125,0,0,NO_FAILURE,both_wrong,both_wrong,CLASS_CONFUSION,,MISSING_EVIDENCE
RCA_002093,NO_FAILURE,,INSUFFICIENT_EVIDENCE,NO_FAILURE,0.9962998397483322,0,0,NO_FAILURE,ml_only_correct,ml_only_correct,,,MISSING_EVIDENCE
RCA_002097,NO_FAILURE,NO_FAILURE,MATCH,NO_FAILURE,0.9816799442701847,0,0,NO_FAILURE,both_correct,both_correct,,,
RCA_002113,NO_FAILURE,NO_FAILURE,MATCH,NO_FAILURE,0.6510173761338617,0,0,NO_FAILURE,both_correct,both_correct,,,
RCA_002117,NO_FAILURE,F07_PARTIAL_PAYMENT_RESIDUAL_BALANCE,ANOMALY,NO_FAILURE,0.9855581111514748,0,0,NO_FAILURE,ml_only_correct,ml_only_correct,,,FALSE_POSITIVE
RCA_002134,NO_FAILURE,,INSUFFICIENT_EVIDENCE,NO_FAILURE,0.990882589902793,0,0,NO_FAILURE,ml_only_correct,ml_only_correct,,,MISSING_EVIDENCE
RCA_002138,NO_FAILURE,F11_VENDOR_MASTER_CHANGE_CONFLICT,ANOMALY,NO_FAILURE,0.7216434623770269,0,0,NO_FAILURE,ml_only_correct,ml_only_correct,,,FALSE_POSITIVE
RCA_002144,NO_FAILURE,,INSUFFICIENT_EVIDENCE,NO_FAILURE,0.9164367565410299,0,0,NO_FAILURE,ml_only_correct,ml_only_correct,,,MISSING_EVIDENCE
RCA_002145,NO_FAILURE,NO_FAILURE,MATCH,NO_FAILURE,0.5488113389964867,0,0,NO_FAILURE,both_correct,both_correct,,,
RCA_002146,NO_FAILURE,NO_FAILURE,MATCH,NO_FAILURE,0.9139611520722871,0,0,NO_FAILURE,both_correct,both_correct,,,
RCA_002148,NO_FAILURE,NO_FAILURE,MATCH,NO_FAILURE,0.9992756000302327,0,0,NO_FAILURE,both_correct,both_correct,,,
RCA_002159,NO_FAILURE,F11_VENDOR_MASTER_CHANGE_CONFLICT,ANOMALY,F07_PARTIAL_PAYMENT_RESIDUAL_BALANCE,0.5903901038011717,0,0,NO_FAILURE,both_wrong,both_wrong,CLASS_CONFUSION,,FALSE_POSITIVE
RCA_002161,NO_FAILURE,NO_FAILURE,MATCH,NO_FAILURE,0.9844897735265576,0,0,NO_FAILURE,both_correct,both_correct,,,
RCA_002163,NO_FAILURE,,INSUFFICIENT_EVIDENCE,NO_FAILURE,0.9978704176392783,0,0,NO_FAILURE,ml_only_correct,ml_only_correct,,,MISSING_EVIDENCE
RCA_002169,NO_FAILURE,,INSUFFICIENT_EVIDENCE,NO_FAILURE,0.9990066836264977,0,0,NO_FAILURE,ml_only_correct,ml_only_correct,,,MISSING_EVIDENCE
RCA_002170,NO_FAILURE,,INSUFFICIENT_EVIDENCE,NO_FAILURE,0.9944353412606229,0,0,NO_FAILURE,ml_only_correct,ml_only_correct,,,MISSING_EVIDENCE
RCA_002184,NO_FAILURE,NO_FAILURE,MATCH,NO_FAILURE,0.9976591184848537,0,0,NO_FAILURE,both_correct,both_correct,,,
RCA_002192,NO_FAILURE,NO_FAILURE,MATCH,NO_FAILURE,0.7787390665095315,0,0,NO_FAILURE,both_correct,both_correct,,,
RCA_002196,NO_FAILURE,NO_FAILURE,MATCH,NO_FAILURE,0.9978321506682643,0,0,NO_FAILURE,both_correct,both_correct,,,
RCA_002201,NO_FAILURE,,INSUFFICIENT_EVIDENCE,NO_FAILURE,0.9949510650756257,0,0,NO_FAILURE,ml_only_correct,ml_only_correct,,,MISSING_EVIDENCE
RCA_002203,NO_FAILURE,NO_FAILURE,MATCH,NO_FAILURE,0.9979827788164616,0,0,NO_FAILURE,both_correct,both_correct,,,
RCA_002208,NO_FAILURE,,INSUFFICIENT_EVIDENCE,NO_FAILURE,0.6876147546251868,0,0,NO_FAILURE,ml_only_correct,ml_only_correct,,,MISSING_EVIDENCE
RCA_002225,NO_FAILURE,NO_FAILURE,MATCH,NO_FAILURE,0.9890298202924813,0,0,NO_FAILURE,both_correct,both_correct,,,
RCA_002239,NO_FAILURE,NO_FAILURE,MATCH,NO_FAILURE,0.9997006916052118,0,0,NO_FAILURE,both_correct,both_correct,,,
RCA_002245,NO_FAILURE,F07_PARTIAL_PAYMENT_RESIDUAL_BALANCE,ANOMALY,NO_FAILURE,0.9933404227902186,0,0,NO_FAILURE,ml_only_correct,ml_only_correct,,,FALSE_POSITIVE
